"Identificação do post","Identificação da conta","Nome de usuário da conta","Nome da conta",Descrição,"Duração (s)","Horário de publicação","Link permanente","Tipo de post","Comentário de dados",Data,Visualizações,Alcance,Curtidas,Compartilhamentos,Seguimentos,Comentários,Salvamentos
18082004774518305,17841401444333135,pepecollaco,"Pepê Collaço","🎉 FÉ, FORÇA, FUTURO
Que 2026 seja o ano em que a esperança se transforma em conquistas e a união faz a diferença na vida de todos! 🌟

Com gratidão por tudo que construímos juntos até aqui, desejo um novo ciclo repleto de saúde, amor, paz e realizações para você e sua família. 🙌💙

Vamos seguir firmes, trabalhando por um estado mais justo, inclusivo e com oportunidades para todos os catarinenses. 🚜🏥📚

Feliz Ano Novo! 🎇

🔁 Comente o que você deseja para 2026 e acompanhe nossas ações por Santa Catarina!

#BoasFestas #Feliz2026 #SantaCatarina #PepêCollaço #PolíticaComPropósito ViradaDoAno TrabalhoQueTransforma",0,"12/31/2025 10:50",https://www.instagram.com/p/DS8EHVSgDVl/,"Imagem do Instagram",,Total,5155,3197,39,13,0,5,0
18144976942459473,17841401444333135,pepecollaco,"Pepê Collaço","Ano corrido de muito trabalho, confere aí o que a Siri trouxe pra gente! 💫🚀",80,"12/30/2025 13:48",https://www.instagram.com/reel/DS5ziPvga64/,"Reel do Instagram",,Total,7227,11520,136,25,1,21,0
18028989764579230,17841401444333135,pepecollaco,"Pepê Collaço","UM ANO INTEIRO DE ENTREGA 🚀

Foram 12 meses de correria, de estrada, de reunião, de projeto, de votação, de escuta, de presença.
Trabalhamos muito. Muito mesmo.
Na capital, no interior, nas comissões, nas causas sociais.

Nem sempre foi fácil, mas foi inteiro.
Cada pauta defendida com alma.
Cada conquista celebrada com responsabilidade.

Encerramos o ano com o coração leve e a certeza de que entregamos tudo com garra, compromisso e propósito. 💙

Seguimos firmes. Porque Santa Catarina merece mais.

👉 Acompanhe nosso trabalho em 2026!
#Retrospectiva #TrabalhoDeVerdade #PepêCollaço #SantaCatarina #MandatoPresente Infraestrutura Inclusão DefesaDosDireitos",0,"12/27/2025 11:44",https://www.instagram.com/p/DSx3HdPAVKa/,"Carrossel do Instagram",,Total,7124,3690,86,24,0,10,2
18112332415617894,17841401444333135,pepecollaco,"Pepê Collaço","Que o Natal renove a fé, fortaleça a esperança e encha nossos lares de paz e união.
Desejo um Feliz Natal a você e à sua família. 🎄✨",0,"12/25/2025 05:01",https://www.instagram.com/p/DSr_dCWAJJG/,"Imagem do Instagram",,Total,5287,3182,120,12,0,11,0
17985751028920583,17841401444333135,pepecollaco,"Pepê Collaço","FELIZ NATAL 🎁 

✨🎄 O Natal é tempo de sentir, agradecer e estar junto.
Entre o cheirinho de milho, as luzes da cidade e o calor das famílias, que este seja um momento de renascimento, fé e união.

Que o Natal ilumine nossos lares e nossos caminhos.
Feliz Natal! ✨🎄",45,"12/24/2025 05:28",https://www.instagram.com/reel/DSpdWgmgM_n/,"Reel do Instagram",,Total,23675,17685,209,89,2,11,3
18068490251129438,17841401444333135,pepecollaco,"Pepê Collaço","Mais um importante equipamento entregue através do nosso mandato! 💪🚜
São Martinho agora conta com uma nova pá-carregadeira, reforçando a infraestrutura e garantindo mais agilidade nos serviços para a população.

Seguimos trabalhando com responsabilidade, compromisso e resultados para quem mais precisa.

#TrabalhoQueEntrega #SãoMartinho #Infraestrutura #MandatoAtuante #CompromissoComAsPessoas ResultadoNaPrática",69,"12/23/2025 07:12",https://www.instagram.com/reel/DSnD0FWgOpD/,"Reel do Instagram",,Total,9999,23770,135,7,1,1,3
18087247814091590,17841401444333135,pepecollaco,"Pepê Collaço","🚐🚑 Mais mobilidade, mais cuidado e mais esporte para Capivari!

Entregamos novos veículos para fortalecer os serviços do município:
✅ Sprinter para a Saúde
✅ Fiorino para o Esporte
✅ Spin 7 lugares chegando em breve

Tudo isso é fruto de trabalho, parceria e compromisso com a cidade, garantindo mais estrutura para quem atende a nossa gente todos os dias.

👉 Quando a cidade é bem representada, os resultados aparecem.

#CapivariDeBaixo #TrabalhoQueEntrega #MaisSaúde #MaisEsporte #ParceriaQueFunciona RepresentaçãoQueFazADiferença",74,"12/22/2025 07:49",https://www.instagram.com/reel/DSkih7EgAn7/,"Reel do Instagram",,Total,15432,25260,157,18,0,11,2
18056475707329790,17841401444333135,pepecollaco,"Pepê Collaço","PAULO LOPES FAZ E FAZ RÁPIDO! 🚜💥

Obra boa é obra entregue, e Paulo Lopes tá dando exemplo!
Com apoio do nosso mandato, os recursos chegaram e as máquinas não pararam!

A @_feleite já inaugurou as primeiras entregas, e tem muito mais vindo aí. 💪
O compromisso com a infraestrutura da região é real.

Vamos seguir transformando o Sul de SC! 🚧
⠀
🔄 Marque quem mora na região e compartilhe essa conquista!

#PauloLopes #InfraestruturaSC #SulForte #ObraEntregue #PepêCollaço #SCLevadoASério #DeputadoEstadual #InvestimentoNoSul",51,"12/18/2025 12:59",https://www.instagram.com/reel/DSazYTEgWin/,"Reel do Instagram",,Total,6983,4142,135,15,2,10,0
17851466925603965,17841401444333135,pepecollaco,"Pepê Collaço","Formatura do 5º ano da nossa Manu 🎓
Um passo importante nessa caminhada.
Cada etapa vencida constrói quem ela está se tornando.
Que venham os próximos desafios. Seguimos orgulhosos de você. 💙",0,"12/17/2025 17:18",https://www.instagram.com/p/DSYtcYyjQAo/,"Carrossel do Instagram",,Total,9289,2976,246,3,1,7,2
18090272131947063,17841400410190850,juliazanattasc,"Júlia Zanatta","Eu e o deputado Pepe Colaço @pepecollaco expusemos as mentiras do prefeito de Laguna, o Pinóquio Pretto Crippa, que foi convidado a se retirar do PL por suas práticas de contratar petista e comunista.",692,"12/16/2025 09:32",https://www.instagram.com/reel/DSVTPHGDV-A/,"Reel do Instagram",,Total,55686,42245,6661,186,30,299,0
17900946378183500,17841466474279834,amarufino01,amarufino,"Em comemoração ao aniversário de Rio Rufino, celebrado ontem, a festa aconteceu hoje reunindo a comunidade em um momento especial. O evento, realizado com a presença do prefeito do município e da primeira-dama,  a presidente da AMA foi representa a instituição e a assessora do deputado Pepê Collaço, que esteve representando o parlamentar nesta importante comemoração. Uma data marcada pela união, alegria e pelo compromisso com o desenvolvimento de Rio Rufino. 🎉🤍
@prefeiturariorufinooficial 
@ademarsartor11 
@dilamarsartor 
@va.nessa599 
@katsumilages 
@pepecollaco",0,"12/13/2025 11:58",https://www.instagram.com/p/DSN1ol7AbBz/,"Imagem do Instagram",,Total,9883,4487,86,1,0,5,0
18041347547509612,17841400535235628,brubrunelcollaco,"Bruna Brunel Collaço","Hoje o dia amanheceu mais colorido porque é seu aniversário meu amor!
Há 7 anos, você enche nossas vidas de alegria e amor! 
Que você continue sendo essa menina cheia de atitudes, determinada, decidida e corajosa! 
Que nunca lhe falta amor, saúde, brincadeiras e momentos felizes em seu caminho! 
Te amamos muito! 
Parabéns pelo seu dia, nossa Lelê!! ❤️",0,"12/13/2025 08:04",https://www.instagram.com/p/DSNa4EkDjLAIOt1Nfz5SA38HaRCUYI4riZ8rTk0/,"Carrossel do Instagram",,Total,4621,1404,95,0,0,12,0
18085070561091263,17841401444333135,pepecollaco,"Pepê Collaço","💥 Capivari de Baixo segue avançando — e o trabalho não para!
Revitalização de ruas, investimento na APAE, novos veículos para a saúde e o esporte, mais recursos para recuperar as vias da cidade… tudo isso pensando em você e no futuro que estamos construindo juntos. 💙

🔥 Quando a gente investe certo, a cidade inteira ganha.

#CapivariDeBaixo #Avanço #TrabalhoPresente #MaisInvestimentos #CidadeQueCresce",66,"12/10/2025 08:59",https://www.instagram.com/reel/DSFyT4-AMnE/,"Reel do Instagram",,Total,23360,28823,239,12,3,9,3
18004741538824226,17841401444333135,pepecollaco,"Pepê Collaço","SAÚDE MENTAL IMPORTA 🧠✨

Hoje, o deputado Felippe Collaço entregou uma moção de reconhecimento ao CRP-SC (12ª Região), valorizando o trabalho essencial dos profissionais da Psicologia no enfrentamento dos desafios da saúde mental em Santa Catarina.

Reconhecer, apoiar e fortalecer quem cuida das pessoas também é compromisso público 🤝💙",0,"12/09/2025 13:38",https://www.instagram.com/p/DSDt14cAY1N/,"Imagem do Instagram",,Total,13156,5239,149,6,2,0,0
18089584849980708,17841401444333135,pepecollaco,"Pepê Collaço","🏅 Reconhecimento a quem faz a diferença em Santa Catarina

Na noite desta segunda-feira, a Alesc concedeu a Comenda do Legislativo Catarinense, a mais alta honraria do Parlamento estadual, a personalidades que contribuem de forma concreta para o desenvolvimento do nosso estado.

Entre os homenageados, destaque para Arilton Francisconi Cândido, o Xela, ex-prefeito de 13 de Maio, empresário, líder cooperativista e presidente da Cooperativa de Energia Coorsel. Uma trajetória marcada pelo trabalho, pela geração de oportunidades e pelo compromisso com o crescimento da região sul de Santa Catarina.

Um reconhecimento que vai além do cargo ou da função: celebra quem transforma realidades todos os dias. 👏

#ComendaDoLegislativo #Alesc #SantaCatarina #Reconhecimento #Coorsel #EnergiaQueMove #DesenvolvimentoRegional",71,"12/08/2025 17:41",https://www.instagram.com/reel/DSBkZbqDSpV/,"Reel do Instagram",,Total,13099,8775,313,24,7,8,1
17890598652389235,17841401444333135,pepecollaco,"Pepê Collaço","Você sabia que o aumento do uso de leite em pó importado tem preocupado os produtores de Santa Catarina?
No vídeo, eu mostro como o leite reconstituído pode chegar às gôndolas sem a devida clareza para o consumidor — e como isso impacta a economia local e a qualidade do que chega à nossa mesa.

Na CCJ, estamos debatendo e avançando em um projeto que busca mais transparência e proteção à cadeia leiteira catarinense, valorizando quem produz aqui.

👉 Quero saber sua opinião:
Você acredita que o consumidor deve ser informado quando o leite é feito a partir de pó?
Comenta aqui 👇🥛",62,"12/07/2025 03:21",https://www.instagram.com/reel/DR9dQfvgPj0/,"Reel do Instagram",,Total,24739,40305,244,30,8,18,3
18086785871283642,17841404110672742,sergioeduardo.oficial,"Sérgio Eduardo de Oliveira","Acesse WWW.COMSERGIOOLIVEIRA.COM",0,"12/05/2025 12:58",https://www.instagram.com/p/DR5WLoTDtnF/,"Imagem do Instagram",,Total,3102,881,8,0,0,0,0
17857169736511021,17841440962110474,tubanewss,TubaNews,"A maior parte do recurso foi garantida por meio de emenda do deputado estadual Pepê Collaço.

Leia em www.tubanews.com.br",0,"12/02/2025 03:39",https://www.instagram.com/p/DRwnvfwDkkN/,"Imagem do Instagram",,Total,7055,2437,25,0,0,0,0
18303098686281511,17841401444333135,pepecollaco,"Pepê Collaço","🚨🚐 Você viu isso? Capivari de Baixo acaba de ganhar um reforço que muda vidas!

Chegou uma Sprinter novinha, acessível e com 15 lugares, ampliando o transporte da saúde e garantindo ainda mais inclusão para pessoas com TEA.

💙 Mais acessibilidade.
💙 Mais cuidado.
💙 Mais respeito com quem mais precisa.",81,"12/01/2025 10:03",https://www.instagram.com/reel/DRuuj4sAAG3/,"Reel do Instagram",,Total,12090,21424,284,16,4,19,3
18098913316773683,17841441544997486,gelsonjosebento,"Gelson Bento","📍Confraternização de fim de ano da @fecoerusc_ ao lado de grandes lideranças do cooperativismo. Um momento especial de integração, celebração e reconhecimento. 

Tivemos a honra de receber o presidente da OCESC, Vanir Zanatta, e de homenagear os parlamentares que apoiam e fortalecem o cooperativismo em Santa Catarina. 

Tive a alegria de entregar a honraria ao amigo e deputado @pepecollaco um verdadeiro entusiasta e defensor do nosso setor. 👏🏻",0,"11/28/2025 09:41",https://www.instagram.com/p/DRm9_2BEeQQ/,"Carrossel do Instagram",,Total,9934,1985,103,4,1,4,0
18087785560788332,17841401444333135,pepecollaco,"Pepê Collaço","Carlos Gomes levou o Brasil ao mundo — e você conhece sua música mesmo sem saber.
Um gênio que provou que cultura é poder e que visão de Estado muda a história. 🇧🇷🎼🔥",0,"11/24/2025 14:09",https://www.instagram.com/p/DRdJdkJgB2M/,"Carrossel do Instagram",,Total,4408,1349,29,3,0,1,0
18082040732319718,17841401444333135,pepecollaco,"Pepê Collaço","A tilápia é mais que um peixe: é renda, tradição e o sustento de centenas de famílias no Sul de SC.
Não vou aceitar que coloquem em risco uma cadeia produtiva que gera emprego, movimenta a economia e transforma municípios como Armazém e Rio Fortuna em referência.
Defender nossos produtores é defender o futuro da nossa região. Contem comigo.",91,"11/22/2025 11:18",https://www.instagram.com/reel/DRXsHungVDy/,"Reel do Instagram",,Total,34589,27523,395,43,7,16,4
18007916216814867,17841400535235628,brubrunelcollaco,"Bruna Brunel Collaço","Um sonho vivido! 

📍Disney",6,"11/21/2025 15:32",https://www.instagram.com/reel/DRVkXL2Dq2JC2pGBMCqdfBz3EOEt2ygH7RaOUg0/,"Reel do Instagram",,Total,2540,1180,51,12,0,4,0
18047635889412342,17841466474279834,amarufino01,amarufino,"Deputado  Pepê Collaço está conosco desde o início da AMA – Associação de Pais e Amigos Autistas de Rio Rufino. Sua sensibilidade, diálogo aberto e compromisso com as famílias atípicas fortalecem ainda mais nossa missão de promover inclusão, direitos e oportunidades às pessoas autistas do nosso município.

O Deputado Pepê Collaço consideramos um padrinho, contar com alguém que acredita no nosso trabalho, valoriza a causa autista e se coloca ao lado das famílias na construção de um futuro mais acessível e humano.

A AMA agradece imensamente pela parceria, pelo apoio e pela confiança. Seguimos juntos, transformando realidades e garantindo que cada criança, jovem e adulto autista tenha o cuidado e o respeito que merece.
@pepecollaco 
@katsumilages 
@va.nessa599 
@ademarsartor11
@pamelamonali",46,"11/19/2025 11:41",https://www.instagram.com/reel/DRP_hsHATGe/,"Reel do Instagram",,Total,2295,1749,66,1,0,6,0
17927199426147949,17841400138964099,laurinhoboeing,"Lauro Boeing Junior","Mais força para o nosso campo!

Chegou o novo caminhão trucado da Secretaria de Agricultura,
um investimento de R$ 605.900,00, sendo R$ 500 mil de emenda do deputado Pepe Collaço e o restante de recurso próprio.

Esse caminhão vai dar mais agilidade e capacidade de atendimento para quem produz, gera renda e movimenta a nossa economia.

Agro forte, cidade forte.
Seguimos entregando resultados.

#BraçoDoNorte #AgriculturaForte #PorteiraAdentro #TrabalhoQueAcontece",52,"11/18/2025 12:51",https://www.instagram.com/reel/DRNjhTdgRKU/,"Reel do Instagram",,Total,18915,10160,335,66,2,39,0
18120141838532320,17841400535235628,brubrunelcollaco,"Bruna Brunel Collaço","Alguns registros dessa viagem incrivelmente MÁGICA!",0,"11/18/2025 08:52",https://www.instagram.com/p/DRNId7KDgSibi6apEH9kR60_pUhVeYPF7UmYuE0/,"Carrossel do Instagram",,Total,7380,1648,228,0,0,11,0
18543763876057662,17841401444333135,pepecollaco,"Pepê Collaço","🇧🇷✨ Joaquim Nabuco: o abolicionista que sonhou um Brasil mais justo, livre e consciente.

Poucos nomes marcaram tanto a nossa história quanto ele — um homem que usou seu privilégio para enfrentar a escravidão, defender a educação e projetar o Brasil no mundo.

Da luta pela liberdade ao compromisso com a ética pública, o legado de Nabuco continua vivo. E hoje, mais do que nunca, nos inspira a construir um país com valores, identidade e futuro.

👉 Arraste pro lado e descubra por que as ideias dele ainda dizem tanto sobre o Brasil de hoje.
👉 Comente o que mais te chamou atenção na trajetória de Nabuco!",0,"11/17/2025 14:54",https://www.instagram.com/p/DRLNHtyja5E/,"Carrossel do Instagram",,Total,6813,1969,29,6,0,4,0
17968229612831206,17841401354809322,katsumilages,"Katsumi Yamaguchi","Que alegria participar da 1ª Mateada da Família na Escola do Núcleo Municipal Constâncio José da Silva 🥰

Nesse dia tão especial junto da família, dos alunos, de toda a equipe escolar e da Prefeitura de Cerro Negro, anunciamos e celebramos a emenda do deputado Pepê Collaço que vai transformar o refeitório em realidade ❤️🙌🏻🙏🏻

Quando o amor pela educação encontra parceria, a mudança acontece. A mateada foi só o começo do que estamos construindo juntos. 🌱💛",60,"11/17/2025 04:54",https://www.instagram.com/reel/DRKIQ-nkaHN/,"Reel do Instagram",,Total,3480,1977,60,10,2,1,0
18022054244716881,17841401444333135,pepecollaco,"Pepê Collaço","🌻 Você já deve ter visto esses cordões coloridos. Muito mais que acessórios, eles são meios de identificação usados por pessoas que convivem com condições invisíveis.

Por trás de cada cordão existe uma realidade não vista:
🧩 autismo
⚡ epilepsia
💛 ansiedade severa
🌀 deficiências invisíveis

Esses cordões não pedem favor, e sim empatia. Para acolher quem enfrenta batalhas que não aparecem.

👉 Compartilhe este conteúdo e ajude a levar mais informação e respeito onde ainda falta compreensão.",0,"11/14/2025 08:59",https://www.instagram.com/p/DRC2GzcAB4b/,"Carrossel do Instagram",,Total,21114,14172,161,72,54,3,14
18293063179259296,17841401444333135,pepecollaco,"Pepê Collaço","🇧🇷 O que te ensinaram na escola sobre a bandeira do Brasil… é mentira. 😱

Verde não é mata, amarelo não é ouro — e o verdadeiro significado vai te surpreender.

Entender nossos símbolos é entender nossa história.

👉 Arrasta os cards e descobre o que o verde e o amarelo realmente representam.

#HistóriaDoBrasil #BandeiraDoBrasil #ConhecimentoÉPoder #OrdemEProgresso",0,"11/10/2025 12:18",https://www.instagram.com/p/DQ45toqkRCH/,"Carrossel do Instagram",,Total,7769,2693,38,11,0,2,3
18214791166308873,17841401444333135,pepecollaco,"Pepê Collaço","•• O Censo do Autismo não é estatística — é dignidade!

A invisibilidade também é uma forma de violência. Sem dados, o poder público continua errando com quem mais precisa.
Em Santa Catarina, estamos mudando essa realidade!
Como presidente da Frente Parlamentar em Defesa das Pessoas com Autismo, estamos realizando o Censo do Autismo, um passo histórico rumo a políticas públicas reais, humanas e eficazes.
Porque quando o Estado conhece, ele pode agir de verdade.
lEsse é o começo de uma mudança que vai transformar vidas.

#AutismoÉDignidade #CensoDoAutismo
#PolíticaPúblicaDeVerdade #Inclusão #Respeito
#AutismoSC #TrabalhoQueTransforma
#FrenteParlamentarDoAutismo",0,"11/08/2025 11:38",https://www.instagram.com/p/DQzrj1lEQ6N/,"Imagem do Instagram",,Total,8322,7047,92,23,2,9,1
18059267381217624,17841406141274821,felipedordete,"Felipe Dordete","Indicação feita e Recursos Garantido! Obrigado @pepecollaco pela parceria e quem mais beneficia é nossa População de Forquilhinha e principalmente nosso bairro! O projeto dessa obra está quase pronto pela administração que será parceria nessa obra também com recursos! Seguimos trabalhando sempre! #vereadoratuante",51,"11/06/2025 08:53",https://www.instagram.com/reel/DQuOdk_Cdeo/,"Reel do Instagram",,Total,4836,3221,153,5,4,25,0
18331917814240469,17841401444333135,pepecollaco,"Pepê Collaço","Dia intenso por aqui! 💪🔥
Muito trabalho, muitos atendimentos e ainda mais vontade de fazer a diferença!
No Gabinete 34, o ritmo é de resultados e compromisso com quem confia no nosso trabalho. 🚀💼

#TrabalhoQueTransforma #Gabinete34 #ResultadosDeVerdade #DiaProdutivo",16,"11/05/2025 15:36",https://www.instagram.com/reel/DQsX5wwjXSd/,"Reel do Instagram",,Total,12468,8256,106,8,0,3,0
18165914161343175,17841401444333135,pepecollaco,"Pepê Collaço","Um brinde à uva Goethe, que nos presenteia com vinhos, frisantes e espumantes produzidos no Sul
Catarinense que competem de igual para igual no mercado nacional 🥂

Mérito da Associação dos Produtores de Uva e Vinho Goethe (Progoethe), que recebe nosso reconhecimento por meio de uma moção de aplausos da Assembleia Legislativa 👏🏻

Este é também uma homenagem aos nossos colonizadores, que passaram a tradição Goethe de geração em geração e mantém vivo uma produção tão genuína 🍇

Parabéns à associação e obrigado pelos presentes 🍷",0,"11/05/2025 12:33",https://www.instagram.com/p/DQsDcIGgfpV/,"Carrossel do Instagram",,Total,5320,1472,79,1,2,3,0
18409151743141967,17841401444333135,pepecollaco,"Pepê Collaço","Que honra imensa! Receber o Título de Cidadão Honorário de Antônio Carlos é mais do que uma homenagem — é um laço de gratidão e afeto que se fortalece com cada gesto e parceria. 💚
Essa cidade agora faz parte da minha história, e sigo comprometido em retribuir com trabalho, presença e resultados reais.

📍Antônio Carlos, de coração e propósito.

#Gratidão #AntônioCarlos #CidadãoHonorário #TrabalhoQueTransforma #Reconhecimento #Honra #SantaCatarina",0,"11/04/2025 15:51",https://www.instagram.com/p/DQp1Q7KDQhT/,"Carrossel do Instagram",,Total,12808,3455,219,11,1,29,1
18064763264574645,17841401444333135,pepecollaco,"Pepê Collaço","Um homem à frente do seu tempo.
Um líder que escolheu o conhecimento como arma e o
Brasil como causa. 

👉🏻Deslize e descubra o legado de Dom Pedro II — o
imperador que fez do progresso uma missão.",0,"11/03/2025 04:31",https://www.instagram.com/p/DQmCovGgLKw/,"Carrossel do Instagram",,Total,6146,2609,32,14,0,6,1
18111238474581475,17841401444333135,pepecollaco,"Pepê Collaço","💬 Uma das melhores partes de ser deputado é poder lutar pelos municípios e transformar o trabalho em resultados reais pra quem mais precisa! 💪

🚜 Já destinamos R$ 56 milhões em emendas para os municípios catarinenses — recursos que viram obras, saúde, educação e qualidade de vida lá na ponta.

Porque quando o recurso chega, a mudança acontece! 💙

#TrabalhoQueTransforma #SantaCatarina #DeputadoPepe #ParceriasQueDãoCerto #MaisResultados",109,"11/01/2025 13:58",https://www.instagram.com/reel/DQhyniJAWtr/,"Reel do Instagram",,Total,11264,10939,149,17,3,8,2
18423945031110492,17841401444333135,pepecollaco,"Pepê Collaço","Quando temos apoio, a caminhada fica mais fácil. E o que falar desse time de peso que me acompanhou neste sábado e enriqueceu a entrevista para a @radiolitoral90.9? Timaço!

Só tenho a agradecer 🙌🏻",0,"11/01/2025 09:40",https://www.instagram.com/p/DQhVkILAJkT/,"Carrossel do Instagram",,Total,14193,2929,135,1,0,2,0
18084878312067666,17841401444333135,pepecollaco,"Pepê Collaço","💙 Casa cheia em Armazém!
Que energia incrível estar com tantas lideranças que acreditam no nosso projeto! 💪

Cada conversa, cada abraço, cada olhar mostram que estamos no caminho certo — com diálogo, união e propósito. 🚀

#TimeProgressista #ForçaQueTransforma #Armazém #PolíticaComPropósito #SantaCatarina #TrabalhoQueConecta #JuntosPeloFuturo",0,"10/31/2025 17:42",https://www.instagram.com/p/DQfn7HVjeDs/,"Carrossel do Instagram",,Total,11330,2963,154,2,2,5,1
18079520242882866,17841401444333135,pepecollaco,"Pepê Collaço","Prestando contas em Gaspar!
Seguimos com o compromisso de estar perto das pessoas e mostrar onde cada recurso esta sendo aplicado.

Foram mais de R$ 450 mil em investimentos para fortalecer a saúde, garantir apoio a acamados, ampliar o atendimento às crianças autistas e melhorar a infraestrutura da cidade.

Transparência e trabalho que fazem a diferença por Gaspar! • #Gaspar #TrabalhoQueTransforma
#PrestaçãoDeContas",46,"10/31/2025 03:03",https://www.instagram.com/reel/DQeB7ucgDU8/,"Reel do Instagram",,Total,4303,12786,106,7,2,7,1
18143876269390391,17841401444333135,pepecollaco,"Pepê Collaço","🤝 Encontro com as lideranças do Alto Vale

Reunimos lideranças da região para dialogar sobre as demandas e os desafios que o Alto Vale enfrenta no dia a dia.
Foi um momento de troca, escuta e construção conjunta de caminhos que fortaleçam o desenvolvimento dos municípios e melhorem a vida das pessoas.

Seguimos trabalhando com diálogo e compromisso, sempre ao lado de quem faz a diferença em cada cidade do nosso estado! 💪🌄

#AltoVale #SantaCatarina #TrabalhoQueTransforma #Parceria #Lideranças",0,"10/30/2025 17:25",https://www.instagram.com/p/DQdBPJhDRIR/,"Carrossel do Instagram",,Total,20460,3913,142,10,1,4,1
18084959647800707,17841458174676543,prefpescariabrava,"Prefeitura de Pescaria Brava","🌳✨ Pescaria Brava sai na frente!

Está aberta a licitação para a construção da primeira Praça Inclusiva e Sensorial do Sul de Santa Catarina — e a maior do Estado!

O espaço será totalmente acessível, pensado para acolher pessoas de todas as idades e com diferentes necessidades.

📍 Local: Rua Manoel Gonzaga de Oliveira – Km 37 ao lado da câmara de vereadores.
💰 Valor estimado: R$ 585.009,75
📅 Abertura da licitação: 18 de novembro

👩‍🦽 Um projeto inovador, que reforça o compromisso de Pescaria Brava com a inclusão, acessibilidade e qualidade de vida!
#PescariaBrava #PraçaInclusiva #Licitação #Infraestrutura #Acessibilidade #CompromissoComAsPessoas #PrefeituraDePescariaBrava",32,"10/30/2025 09:05",https://www.instagram.com/reel/DQcHfiukQ-X/,"Reel do Instagram",,Total,31140,11990,886,287,19,104,0
18028697033743086,17841401444333135,pepecollaco,"Pepê Collaço","POLÍTICA QUE ESCUTA E AGE 👂🏼➡️✍🏼

A verdadeira política acontece fora dos gabinetes.

A Alesc Itinerante é o Parlamento em movimento: escutando prefeitos, dialogando com lideranças e conhecendo de perto os desafios das comunidades em base para a construção de leis.

💬 Presença que gera confiança.
📍 Ações que nascem da vida real.
🤝 Parlamento próximo do cidadão.

Acompanhe nosso trabalho!

#PepêCollaço #SantaCatarina #AlescItinerante #PolíticaDeVerdade #EscutaQueTransforma #InteriorPresente",0,"10/29/2025 14:04",https://www.instagram.com/p/DQaFZx8AcC8/,"Carrossel do Instagram",,Total,6381,1746,63,6,0,0,1
17873745141441769,17841401444333135,pepecollaco,"Pepê Collaço","CIÊNCIA AVANÇA NO ENTENDIMENTO DO AUTISMO 🧠🧬
Pesquisadores da Universidade de Stanford descobriram um tratamento experimental que conseguiu reverter sintomas semelhantes ao autismo em camundongos.

🔍 O estudo foca em uma mutação genética (TSC1), que pode causar alterações no cérebro e está relacionada a alguns casos de autismo. Essa mutação afeta a comunicação entre duas áreas importantes: o hipotálamo e a amígdala, que regulam emoções e comportamentos sociais.

Com o uso de um medicamento experimental, os cientistas conseguiram normalizar essa comunicação e reduzir comportamentos repetitivos e dificuldades de interação social nos animais.

🧪 Ainda é uma pesquisa feita em laboratório, mas é um avanço importante. Ela mostra caminhos promissores para entender melhor o TEA e, no futuro, desenvolver tratamentos mais eficazes.

A ciência não para — e cada descoberta importa!
Seguimos lutando por políticas públicas baseadas em evidência, com inclusão e respeito às pessoas com autismo.

🔗 Estudo completo: https://www.science.org/doi/10.1126/sciadv.adw4682

📌 #AutismoÉPrioridade #ConhecimentoQueInclui #PesquisaCientífica

📲 Acompanhe nosso mandato e compartilhe!",0,"10/27/2025 11:36",https://www.instagram.com/p/DQUq0ovAboT/,"Imagem do Instagram",,Total,19810,10805,913,44,0,7,21
18051761678329409,17841401444333135,pepecollaco,"Pepê Collaço","✨ Parabéns, Pescaria Brava! 🎉

A cidade mais jovem de Santa Catarina segue crescendo com trabalho, fé e compromisso com o futuro. 💪
São 13 anos de conquistas, com obras que melhoram a vida das pessoas saúde mais equipada, ruas pavimentadas, escolas mais estruturadas e oportunidades que chegam a cada canto da cidade.

#PescariaBrava #13Anos #SC #TrabalhoQueTransforma #PepêCollaço",0,"10/25/2025 16:25",https://www.instagram.com/p/DQQCXWZDfXy/,"Imagem do Instagram",,Total,16204,8595,210,6,1,8,2
18349447771164825,17841401444333135,pepecollaco,"Pepê Collaço","ORGULHO E DISCIPLINA 🥋💙

O esporte é um dos caminhos mais bonitos pra ensinar valores como respeito, foco e superação.
Ver a Lelê crescendo nesse ambiente, com tanta dedicação e garra, é motivo de muito orgulho pra gente. Ela é incrível e o Judô complementa isso! 👏💪

Que mais crianças e jovens possam encontrar no esporte uma forma de transformar suas vidas. É isso! ⚡

#EsporteÉTransformação #JudôSC #Família #PepêCollaço #SantaCatarina #OrgulhoDePai",0,"10/25/2025 06:48",https://www.instagram.com/p/DQPAXW6ACEL/,"Imagem do Instagram",,Total,6135,2204,166,3,1,6,1
18086750662753034,17841401444333135,pepecollaco,"Pepê Collaço","CHEGAMOS EM TREZE TÍLIAS! 
Foram destinados R$ 200 mil para a pavimentação de ruas e calçadas, melhorando a mobilidade e a qualidade de vida da população.
Cidade linda, limpa e cheia de charme, com suas tradições austríacas que encantam quem passa por aqui. 🇦🇹

#TrezeTílias #TrabalhoQueTransforma",46,"10/24/2025 09:33",https://www.instagram.com/reel/DQMtP3cAAd9/,"Reel do Instagram",,Total,14295,10294,156,9,4,6,1
18075831007931271,17841401444333135,pepecollaco,"Pepê Collaço","💰 QUEM ERA O BILIONÁRIO DO IMPÉRIO? 
Muito antes do Brasil ser industrial, Barão de Mauá já sonhava com um país moderno com trens, bancos, navios e tecnologia nacional.
Um homem que construiu o futuro com as próprias mãos.

#BarãoDeMauá #HistóriaDoBrasil #ImpérioDoBrasil #Progresso #EngenhoEBrasilidade #BrasilImperial #GrandesBrasileiros #IrineuEvangelista #HistóriaNacional #EmpreendedorismoHistórico",0,"10/21/2025 15:38",https://www.instagram.com/p/DQFpwmZjang/,"Carrossel do Instagram",,Total,6058,2273,38,12,0,3,2
18193775347325367,17841401444333135,pepecollaco,"Pepê Collaço","Parabéns, meu amor, Bruna! 😍
Muitos anos de vida. Você é uma mulher incrível, inteligente, forte e uma mãe maravilhosa para nossas duas meninas. Admiro tudo em você e me sinto grato por ter você ao meu lado.
Te amo. ❤️",0,"10/17/2025 07:18",https://www.instagram.com/p/DP6dZgvjYL-/,"Imagem do Instagram",,Total,26429,4211,229,1,0,22,4
18054900461280197,17841401444333135,pepecollaco,"Pepê Collaço","OUTUBRO ROSA É COISA SÉRIA 💗

O câncer de mama e do colo do útero precisam ser falados com clareza e coragem.

🩷 Diagnóstico precoce salva vidas.
🩺 Exame clínico e preventivo são essenciais.
👩‍⚕️ Informação é cuidado!

Nosso mandato apoia ações que protegem a saúde da mulher com recursos, presença e compromisso.

➡️ Assista, compartilhe e cuide de quem você ama!
#OutubroRosa #SaúdeDaMulher #DeputadoPepê #SCLevadoASério #PrevençãoSalvaVidas #MulheresFortes #Alesc",79,"10/16/2025 14:24",https://www.instagram.com/reel/DP4ovpeAD6x/,"Reel do Instagram",,Total,12180,7890,211,44,7,24,1
18105413911608047,17841401444333135,pepecollaco,"Pepê Collaço","Que Deus continue abençoando o nosso casamento, fortalecendo o amor e a parceria que construímos todos os dias.
Ao teu lado, cada momento se torna mais leve, mais bonito e cheio de sentido.
Obrigado por tudo o que faz por nós, por cada gesto de carinho, por me escolher e caminhar comigo nessa vida.
Que venham muitos e muitos anos de amor, risadas e sonhos compartilhados. ❤️",0,"10/15/2025 12:20",https://www.instagram.com/p/DP12XdKgZcn/,"Imagem do Instagram",,Total,14322,6615,310,1,6,20,4
18058504427233022,17841401444333135,pepecollaco,"Pepê Collaço","VOCÊ REALMENTE CONHECE NOSSO PRIMEIRO IMPERADOR?
Apaixonado, polêmico, decisivo. Dom Pedro I foi muito mais que o “grito do Ipiranga”.
🛡 Rompeu com Portugal, estruturou o Brasil e marcou nossa independência.
Mas por que sua história foi apagada?
👉 Chegou a hora de resgatar o legado do Brasil Imperial!

#HistóriaDoBrasil #DomPedroI #BrasilImperial #Independência #PepeCollaço",0,"10/14/2025 16:24",https://www.instagram.com/p/DPztjIGjalF/,"Carrossel do Instagram",,Total,5602,1842,38,8,0,5,1
18094326562692926,17841454727135204,edneiguesser,"Ednei Guesser","OS RECURSOS ESTÃO CHEGANDO!

É com satisfação que anunciamos a chegada de R$ 350.000,00 para Antônio Carlos!

​Este recurso é fruto do trabalho e empenho do Deputado Estadual Pepê Collaço, que, em parceria com os vereadores da bancada do Progressistas, destinou a verba para a pavimentação de duas vias importantes do nosso município: a Rua Saul Scherer e a Rua Zeno Pauli.",48,"10/14/2025 14:00",https://www.instagram.com/reel/DPzdAU5EZrP/,"Reel do Instagram",,Total,5814,3418,148,17,0,4,0
18084553258939897,17841401444333135,pepecollaco,"Pepê Collaço","🌸 FORÇA E DEDICAÇÃO QUE INSPIRAM!

O Clube de Mães é um exemplo de como o trabalho coletivo transforma vidas. 💪
Enviei R$ 100 mil em emendas para fortalecer esse projeto e hoje ver essas máquinas de costura chegando é emocionante. Elas representam o começo de uma nova fase, que vai gerar renda, oportunidades e autoestima para muitas famílias. 🧵❤️

Esse é o tipo de resultado que mostra que vale a pena acreditar e investir nas pessoas.

#TrabalhoQueTransforma #PPColasso #ClubeDeMães #EmpreendedorismoFeminino",49,"10/13/2025 12:45",https://www.instagram.com/reel/DPwvErmAQxZ/,"Reel do Instagram",,Total,9619,14309,242,30,8,13,2
18077805614120934,17841401444333135,pepecollaco,"Pepê Collaço","🌈 Feliz Dia das Crianças!

Que todas as crianças possam sentir a alegria de viver dentro de um desenho animado onde o céu tem as cores da imaginação, os amigos são heróis e vilões que ensinam, e cada brincadeira é uma aventura sem fim.

Que nunca falte o riso leve, o sonho grande e a magia de acreditar que tudo é possível. 💫",10,"10/12/2025 07:44",https://www.instagram.com/reel/DPtoAm2DaIS/,"Reel do Instagram",,Total,3644,2079,83,2,0,4,0
18412059511117355,17841401444333135,pepecollaco,"Pepê Collaço","CORAGEM PELA DEMOCRACIA

A perseguição de um regime autoritário que transformou a Venezuela num país sem voz e sem liberdade. É isso que a Maria Corina Machado levantou sua voz contra. 

Mesmo sob clandestinidade, ela foi reconhecida com o Prêmio Nobel da Paz, símbolo de resistência e esperança para milhões de venezuelanos que sonham com o retorno da democracia. 🌎✨

O regime chavista, que se diz popular, fechou jornais, calou opositores e destruiu a economia de uma das nações mais ricas da América Latina. Transformou o petróleo em escassez, o debate em silêncio e o voto em ameaça.

Mas a história mostra: nenhuma ditadura dura para sempre.
A coragem de quem defende a liberdade é o que reacende a chama da democracia mesmo quando a escuridão parece total. 🔥

Ditaduras tem medo da verdade.
E a verdade é simples um país só é forte quando seu povo é livre para pensar, falar e escolher.

👉 Que o exemplo da Venezuela sirva de alerta: onde a liberdade é ameaçada, a tirania cresce.
E onde há coragem, a democracia sempre renasce.

Repost: 🎥 @conexaopoliticabrasil 

#LiberdadeSempre #DemocraciaÉOQueNosUne #ContraTodaDitadura",171,"10/11/2025 13:36",https://www.instagram.com/reel/DPrrpj0AQyz/,"Reel do Instagram",,Total,5202,12345,202,7,2,0,6
18536221396047587,17841405571412111,airesdocesoca,"Aires Dos Santos","Mais recursos chegando para Garopaba! 
Um investimento de R$ 1,5 milhão, destinado à Secretaria de Infraestrutura para a pavimentação de 14 ruas, com apoio do deputado @pepecollaco 
No último dia 2, ele esteve na cidade junto ao prefeito @juniorabreuoficial e ao vice @gutochavesoficial , entregando as ordens de serviço.

E vem muito mais por aí! 📚✨
Novas conquistas estão sendo articuladas, especialmente na educação, reforçando nosso compromisso com o desenvolvimento de Garopaba",43,"10/08/2025 13:27",https://www.instagram.com/reel/DPj8QJnkaHe/,"Reel do Instagram",,Total,4022,2487,161,3,3,10,0
18080074649088635,17841401444333135,pepecollaco,"Pepê Collaço","ELE QUIS LIBERTAR O BRASIL… ANTES DE TODO MUNDO 🧠🔥

Enquanto o país ainda se organizava como nação, José Bonifácio já falava em educação e liberdade para o Brasil. 🇧🇷

Pagou um preço alto por isso.
Mas plantou a ideia que mudou nossa história.

👉 O que você faria no lugar dele?

#VisãoDeFuturo #BrasilLivre #JoséBonifácio #HistóriaDoBrasil #PepêCollaço #ConsciênciaHistórica #Independência #LiderançaDeVerdade",0,"10/08/2025 06:26",https://www.instagram.com/p/DPjMVGJDWOy/,"Carrossel do Instagram",,Total,3781,923,34,2,0,1,1
17881364808282124,17841401444333135,pepecollaco,"Pepê Collaço","🌦️ Faça chuva, faça sol, tem obra em Pescaria Brava!
Hoje foi dia de inaugurar a Rua do Colégio Palmira de Moraes chamada Rua Zenir Luz Vicente.

💪 Com R$ 250 mil em recursos destinados pelo deputado Pepê Collaço, a cidade segue crescendo com mais acesso, segurança e qualidade de vida pra quem vive aqui.

🤝 Parceria que dá resultado: Prefeitura de Pescaria Brava + mandato presente = obras acontecendo de verdade!

📍 Pescaria Brava segue firme, transformando cada rua em um passo a mais no desenvolvimento da cidade.

#PescariaBrava #ObraEntregue #PepêCollaço #PrefeitoHenrique #TrabalhoQueTransforma #Infraestrutura #SantaCatarina #MaisAcesso #MaisDesenvolvimento #JuntosPorSC",40,"10/06/2025 13:41",https://www.instagram.com/reel/DPey-4XkS4x/,"Reel do Instagram",,Total,20199,18384,391,130,8,36,1
18356115520090894,17841401444333135,pepecollaco,"Pepê Collaço","BOLA DENTRO PELO ESPORTE! ⚽️

A revitalização do campo em Criciúma recebeu R$ 400 mil em emenda do nosso mandato, em parceria com o trabalho do @miridagostim e do prefeito @vaguinhoespindola 

Mais que futebol, esse investimento é qualidade de vida, lazer e oportunidade para a comunidade! 💪

#EsporteÉTransformação #Criciúma #PepêCollaço #TrabalhoPelosCatarinenses #SantaCatarina",71,"10/05/2025 10:06",https://www.instagram.com/reel/DPb3ExwgG7r/,"Reel do Instagram",,Total,13524,23516,265,17,1,14,3
17928193791026673,17841401444333135,pepecollaco,"Pepê Collaço","MAIS CUIDADO COM A NOSSA GENTE 🚐💙

Praia Grande ganhou mais do que uma van — ganhou mais mobilidade pra quem precisa ir atrás de saúde, educação e oportunidades.

Essa entrega é fruto de parceria e compromisso com o município e com o prefeito Fanica, que conhece de perto as necessidades da população.

Cada recurso, cada veículo, é um passo pra aproximar o serviço público de quem mais precisa. 👊

#TrabalhoQueAcontece #PraiaGrande #SantaCatarina #PepêCollaço #ParceriaQueTransforma #MaisSaúde #MaisEducação #DeputadoEstadual #Alesc",59,"10/04/2025 14:19",https://www.instagram.com/reel/DPZvCR3kagJ/,"Reel do Instagram",,Total,17598,13094,207,15,3,7,2
18291242593283714,17841401444333135,pepecollaco,"Pepê Collaço","GAROPABA NO ASFALTO! 🛣️🚧

Mais investimentos para melhorar a mobilidade e a qualidade de vida da população!

Com apoio do prefeito e do vice, garantimos recursos importantes para a pavimentação de vias no município. Um passo firme para o desenvolvimento, para o acesso mais seguro e para a valorização dos bairros.

Infraestrutura é prioridade porque muda a realidade das pessoas. E quando o recurso chega, a transformação acontece.

📍Seguimos juntos por uma Garopaba que avança com responsabilidade e compromisso!

➡️ Acompanhe nosso mandato e compartilhe com quem vive essa conquista!

#PepêCollaço #Garopaba #InfraestruturaQueTransforma #SantaCatarinaQueAnda #MandatoPresente #SCLevadoASério #ObraBoaÉEntregue",43,"10/03/2025 09:30",https://www.instagram.com/reel/DPWo86PDZA6/,"Reel do Instagram",,Total,12088,13575,177,16,5,13,2
18056501141403472,17841400642302773,dra.giovanagalato,giovanagalato,"📍 Florianópolis – Secretaria de Estado da Saúde

Na tarde de ontem, estivemos em reunião com o secretário de Estado da Saúde, Diogo Demarchi Silva, acompanhados do deputado estadual Pepê Colasso, do nosso prefeito municipal Ademir e da nossa vice-prefeita Nega.

Na oportunidade, recebemos a confirmação da emenda parlamentar de R$ 600 mil, destinada para a compra de equipamentos de Ultrassom e Raio-X, que irão compor o nosso futuro Centro de Imagem.

Estamos em tratativas finais para aprovação junto à Vigilância Sanitária e, em breve, daremos início a esse projeto pioneiro de ampliação e construção do Centro de Imagem do nosso Pronto Atendimento 24 horas.

👏 Um passo importante para garantir mais qualidade, agilidade e resolutividade na saúde do nosso município!",4,"10/02/2025 14:26",https://www.instagram.com/reel/DPUeMgqDsH6/,"Reel do Instagram",,Total,3823,1787,65,4,0,5,0
18079324729994807,17841401444333135,pepecollaco,"Pepê Collaço","Qual a sua opinião sobre COTAS pra outros estados? 👀

#UDESC #COTAS",73,"10/01/2025 15:11",https://www.instagram.com/reel/DPSGfrrjTXm/,"Reel do Instagram",,Total,18548,13416,373,22,3,30,3
18060792083136599,17841401444333135,pepecollaco,"Pepê Collaço","130 ANOS DE AMIZADE 🇧🇷🤝🇯🇵

Uma história de respeito e cooperação que fortalece Santa Catarina!
Promovemos na Alesc uma sessão especial em homenagem aos 130 anos do Tratado de Amizade entre Brasil e Japão, celebrando a contribuição da comunidade japonesa no nosso estado.

Da agricultura à cultura, do esporte à educação essa herança enriquece nossa identidade e inspira novas gerações! 🌸🥋🍎

Foi uma honra receber representantes das associações nipo-brasileiras e o cônsul-geral Yasuhiro Mitsui, reafirmando os laços com a província de Aomori.

Santa Catarina é feita de muitas culturas e todas elas merecem reconhecimento! 🙌

👉 Acompanhe nosso mandato aqui!

#BrasilJapão130Anos #IntercâmbioCultural #SCPluricultural #PepêCollaço #Alesc #SantaCatarina #ComunidadeJaponesa #Diplomacia #SessãoEspecial #TradiçãoEInovação",46,"09/30/2025 10:56",https://www.instagram.com/reel/DPPDM-MAP3K/,"Reel do Instagram",,Total,11364,13797,226,43,3,5,4
18083847751936882,17841401444333135,pepecollaco,"Pepê Collaço","130 ANOS DE AMIZADE 🇧🇷🤝🇯🇵

Santa Catarina tem orgulho da contribuição da comunidade japonesa para o nosso estado.
Da agricultura à indústria, do esporte à cultura, os descendentes de imigrantes ajudaram a escrever uma história de coragem, disciplina e união.

Celebramos e Homenageamos os 130 anos do Tratado de Amizade Brasil–Japão, reafirmando laços que atravessam gerações e enriquecem o nosso presente.

Arigatou gozaimashitá 🙏✨

👉 Acompanhe nossas ações e participe dessa construção de futuro!
📸 Daniel | Agência @assembleiasc 

#BrasilJapão #SC #CulturaJaponesa #RespeitoEAmizade #SantaCatarina #DeputadoPepeCollaço",0,"09/29/2025 18:02",https://www.instagram.com/p/DPNQzlcjZW2/,"Carrossel do Instagram",,Total,22816,5542,223,10,1,9,3
18052760240542925,17841401444333135,pepecollaco,"Pepê Collaço","Notícias da semana! 🗞️☕️",0,"09/29/2025 09:51",https://www.instagram.com/p/DPMYpZwDWm5/,"Carrossel do Instagram",,Total,5237,1875,33,12,0,2,0
18092249629773348,17841401444333135,pepecollaco,"Pepê Collaço","PROJETO ASSINADO! 📑🌊

Assinamos o contrato para elaboração do projeto executivo dos molhes da Barra de Laguna. São os 5 milhões da bancada do sul sendo utilizados.

É o primeiro passo de algo esperado há anos e que não se faz da noite pro dia.

Esse projeto vai trazer todos os estudos técnicos: levantamento topográfico, hidrográfico e os valores detalhados pra que, depois, possamos buscar os recursos e viabilizar a obra.

Foi com o trabalho da Bancada do Sul, que destinou R$ 5 milhões, e com muita articulação política que conseguimos avançar até aqui.

Ainda tem um caminho longo e complexo pela frente. Mas seguimos firmes, passo a passo, fazendo a nossa parte.

🚧 Não é promessa. É planejamento. Vamos continuar tentando!

#MolhesDaBarra #Laguna #InfraestruturaSC #PortoDeLaguna #DesenvolvimentoRegional #PepêCollaço #SulDeSantaCatarina #SantaCatarina",65,"09/27/2025 11:00",https://www.instagram.com/reel/DPHWKnsgF2k/,"Reel do Instagram",,Total,29675,21784,490,46,14,24,10
17996208440827539,17841401444333135,pepecollaco,"Pepê Collaço","🌍✨ No Dia Mundial do Turismo, celebramos um dos maiores tesouros de Santa Catarina: nossas águas termais 💦

Elas curam, acolhem e transformam, atraindo visitantes de todo o Brasil em busca de saúde, bem-estar e lazer.

Com a Rota das Águas Termais, unimos cidades como Gravatal, Santo Amaro da Imperatriz, Piratuba, Águas Mornas e São João do Sul em um circuito que valoriza o turismo, gera empregos, movimenta a economia e preserva o meio ambiente. 🌱💼

Santa Catarina no mapa do turismo de saúde e bem-estar! ✅♨️

#DiaMundialDoTurismo #ÁguasTermais #SantaCatarina #TurismoQueTransforma #PepêCollaço",0,"09/27/2025 06:39",https://www.instagram.com/p/DPG5Cj5DF5O/,"Carrossel do Instagram",,Total,5063,1964,37,6,0,2,0
17943495918054730,17841401444333135,pepecollaco,"Pepê Collaço","MAIS UMA OBRA PRA VALER 🚧

A rua 12 de Outubro, em Tubarão, está saindo do papel!
✅ Trabalho conjunto da Bancada do Sul
✅ Compromisso da prefeitura
✅ Mais qualidade de vida para os moradores

É assim que a cidade avança: cada rua pavimentada significa mais dignidade e desenvolvimento para os tubaronenses.

👉 Acompanhe nosso mandato e siga de perto cada conquista!

#Tubarão #ObrasQueTransformam #BancadaDoSul #SantaCatarina #PepêCollaço",38,"09/26/2025 09:59",https://www.instagram.com/reel/DPEqxayjGmo/,"Reel do Instagram",,Total,51609,33164,221,23,0,6,3
18050980193640332,17841401444333135,pepecollaco,"Pepê Collaço","👘✨ Hoje viemos de YUKATA, a roupa tradicional japonesa de verão, para te fazer um convite especial!

🇧🇷🤝🇯🇵 Na segunda-feira, às 19h, na Assembleia Legislativa, vamos celebrar os 130 anos do Tratado de Amizade, Comércio e Navegação entre Brasil e Japão.

🥋🍣 Uma homenagem a esse povo que revolucionou a agricultura, marcou presença nas artes marciais e conquistou nosso paladar com o sushi.

📍Não perca essa noite cultural! Contamos com a tua presença.
#BrasilJapão130anos #Amizade #Cultura",39,"09/25/2025 15:00",https://www.instagram.com/reel/DPCouFjjb2r/,"Reel do Instagram",,Total,20363,18619,405,47,8,23,5
18376767322181812,17841401444333135,pepecollaco,"Pepê Collaço","MAIS UM PASSO DADO PARA A REDRAGAGEM 📑✅ 

Hoje foi assinada a contratação do projeto do Molhes da Barra, um projeto complexo, de grande porte que é demorado, mas que representará um passo importante para a tão sonhada Redragagem, que com certeza impactará todo o desenvolvimento do Sul de Santa Catarina.

Esse projeto é viabilizado por meio de recursos destinados pela bancada do Sul da Alesc ao Governo do Estado, que agora dará andamento aos estudos e etapas necessárias.",0,"09/24/2025 14:55",https://www.instagram.com/p/DPADbfNDbvZ/,"Carrossel do Instagram",,Total,24405,6363,257,23,0,2,6
17980938923912158,17841401444333135,pepecollaco,"Pepê Collaço","Governo Trump aponta que o uso de paracetamol (Tylenol) durante a gravidez pode estar associado a um aumento no risco de autismo.

📊 A evolução dos números já é conhecida por nós em Santa Catarina:
• Há poucas décadas: 1 em cada 20 mil crianças
• Depois: 1 em 10 mil
• Hoje: 1 em 31 crianças e entre meninos, pode chegar a 1 em 12. 

⚠️ A FDA já orienta: gestantes só devem usar paracetamol quando estritamente necessário.

👶 O crescimento nos casos de autismo é considerado um dos maiores alertas de saúde pública da história e preocupa todos os gestores públicos que percebem esse crescimento considerável de autistas nos últimos anos. 

Qual a sua opinião? 

#Saúde #Gestação #Paracetamol #Autismo",117,"09/22/2025 19:19",https://www.instagram.com/reel/DO7XiUKDTmG/,"Reel do Instagram",,Total,17798,14581,182,53,1,8,3
18056067281625456,17841401444333135,pepecollaco,"Pepê Collaço","Notícias da semana! 👀🗞️",0,"09/22/2025 15:40",https://www.instagram.com/p/DO6-_d4jbKq/,"Carrossel do Instagram",,Total,9085,3601,92,11,0,4,0
17973976796925919,17841401316586042,sorattojr,Soratto,"🤝 Esse é o tipo de parceria que Tubarão precisa!",36,"09/19/2025 14:37",https://www.instagram.com/reel/DOzJW6JDhNh/,"Reel do Instagram",,Total,26750,15050,555,2,7,63,0
17962883762968595,17841401444333135,pepecollaco,"Pepê Collaço","🚨 Notícia boa pra Gaspar!
💙 R$ 150 mil já estão garantidos para fortalecer o atendimento em neuropediatria.
🚜 E mais: outros R$ 200 mil destinados à estrada do Sertão Verde, garantindo mais segurança e mobilidade pra nossa gente.

É investimento chegando e transformando a vida da comunidade! ✨

#Gaspar #Investimento #Saúde #Infraestrutura #TrabalhoQueTransforma",57,"09/17/2025 10:31",https://www.instagram.com/reel/DOtg4q-gACe/,"Reel do Instagram",,Total,4462,2988,139,11,3,4,0
17942062581052834,17841401444333135,pepecollaco,"Pepê Collaço","REGULARIZAÇÃO NA BALEIA FRANCA 🏠✅

A Advocacia-Geral da União autorizou a aplicação da Reurb na APA da Baleia Franca.
Isso significa que milhares de famílias que sempre viveram na região deixam de ser tratadas como invasoras e passam a ter o reconhecimento do direito à moradia digna.

📍 Municípios como Laguna, Imbituba, Garopaba e Jaguaruna agora poderão avançar em projetos que unem habitação e proteção ambiental.

👉 Uma conquista histórica para o Sul de Santa Catarina!

#DireitoAMoradia #SulDeSC #Reurb #BaleiaFranca #PepêCollaço",0,"09/15/2025 15:05",https://www.instagram.com/p/DOo5XkVDb2T/,"Carrossel do Instagram",,Total,20982,9712,323,243,43,16,29
18095148865659818,17841401444333135,pepecollaco,"Pepê Collaço","🚧 MAIS UMA RUA ASFALTADA! 🛣️

Hoje é dia de comemorar: a pavimentação da Rua Irineu Menegaz é realidade! 🙌
A emenda foi enviada pelo nosso deputado e a obra foi executada pelo prefeito Soratto. Parceria que dá certo! 💪

Quando a política traz resultado, ela muda a vida das pessoas.
Mais dignidade, mais segurança e um futuro melhor para cada morador de Tubarão. 💙

#AsfaltoÉRealidade #MaisObras #TubarãoEmFrente #ParceriaQueEntrega #DeputadoEmAção #PrefeitoPresente #ObraConcluída",54,"09/14/2025 09:40",https://www.instagram.com/reel/DOluzWuAPl3/,"Reel do Instagram",,Total,48780,39317,138,23,1,9,4
18092490871665886,17841401444333135,pepecollaco,"Pepê Collaço","Faz o café que eu to chegando! ☕️🚀",11,"09/13/2025 08:22",https://www.instagram.com/reel/DOjBG9xDRyZ/,"Reel do Instagram",,Total,11820,7490,149,29,3,14,5
17940237614938408,17841401444333135,pepecollaco,"Pepê Collaço","INCLUSÃO QUE FAZ A DIFERENÇA! 🧩

Uma sala sensorial transforma a experiência de estudantes autistas: ajuda a acalmar, estimular os sentidos e desenvolver habilidades.
Esse espaço é um refúgio seguro, que promove atenção, bem-estar e aprendizado.

Em Brusque já temos esse exemplo, que pode inspirar muitas outras escolas em Santa Catarina. 💙

👉 Inclusão começa com atitudes concretas!
#AutismoÉPrioridade #AbrilAzul #ConhecerParaIncluir #PepêPeloAutismo",60,"09/12/2025 04:50",https://www.instagram.com/reel/DOgD7NZgMO6/,"Reel do Instagram",,Total,8896,11911,201,116,13,17,15
18073340579277890,17841401444333135,pepecollaco,"Pepê Collaço","🎶 PATRIMÔNIO VIVO, ORGULHO CATARINENSE!

Você sabia que a Banda União dos Artistas, de Laguna, é uma das 3 bandas mais antigas do Brasil ainda em atividade? 🎺
São mais de 150 anos de história, cultura e emoção!

Foi aprovada na CCJ a PEC 0006/2025, de nossa autoria, que possibilita ao estado dar suporte técnico, financeiro e administrativo por parte do Estado a essa entidade histórica. ✅

👉 Cultura também é identidade, pertencimento e legado.
E o nosso compromisso é fazer a tradição catarinense seguir viva e cada vez mais forte!

📍 De Laguna para toda Santa Catarina 💙
📜 #PEC0006 #BandaUniãoDosArtistas

🔁 Compartilhe esse orgulho!
#CulturaÉIdentidade #PepêCollaço #SCLevadoASério #LagunaSC #HistóriaViva #BandaDeMúsica #CulturaCatarinense #Alesc #SantaCatarina",140,"09/09/2025 14:41",https://www.instagram.com/reel/DOZY3xQgKiq/,"Reel do Instagram",,Total,22241,16672,334,67,4,16,6
17979608036872429,17841401444333135,pepecollaco,"Pepê Collaço","TER DEPUTADO FAZ DIFERENÇA! 🚀

Tubarão pode contar comigo hoje, amanhã e sempre.
Trabalho com amor, dedicação e compromisso para que a nossa cidade continue crescendo e avançando. 💙

👉 Acompanhe de perto essa jornada e siga junto comigo!

#Tubarão #SantaCatarina #DeputadoPresente #TrabalhoPorSC #PepêCollaço",0,"09/08/2025 10:54",https://www.instagram.com/p/DOWbHnHAB0-/,"Carrossel do Instagram",,Total,28963,7110,170,68,8,43,5
18082583467928391,17841401444333135,pepecollaco,"Pepê Collaço","🇧🇷 ORGULHO DE SER BRASILEIRO

O 7 de Setembro é um momento de união e reflexão.
Em Tubarão, celebramos nossa independência com as famílias, as escolas, as entidades e todos que acreditam em um Brasil mais justo e melhor.

É tempo de reafirmar valores, nosso projeto de educação moral e cívica defende isso, fortalece nossa cidade e renova o compromisso com Santa Catarina. 💙💛💚

👉 Acompanhe nosso mandato e siga de perto essa caminhada.

#SeteDeSetembro #Tubarão #SantaCatarina #PepêCollaço #SCLevadoASério",67,"09/07/2025 09:06",https://www.instagram.com/reel/DOTpn9Wjdfb/,"Reel do Instagram",,Total,5454,8170,120,7,1,10,1
18039129281428278,17841401444333135,pepecollaco,"Pepê Collaço","Deixe sua opinião nos comentários! 👀",0,"09/06/2025 12:13",https://www.instagram.com/p/DORag_fgBkt/,"Imagem do Instagram",,Total,41333,13416,123,21,4,55,3
18092955907708305,17841401444333135,pepecollaco,"Pepê Collaço","AGRO MAIS FORTE EM BRAÇO DO NORTE 🚜🌱

Renovamos a frota de tratores no município com recursos viabilizados pelo nosso mandato com a parceria do prefeito @laurinhoboeing e @dudaschueroff que estão fazendo a diferença em Braço do Norte. 

Investimento direto no campo, que fortalece a agricultura, gera oportunidades e contribui para o desenvolvimento da cidade e da região. 💪

Seguimos juntos, valorizando quem produz e faz Santa Catarina crescer.

👉 Acompanhe nosso trabalho e compartilhe esta conquista!

#AgroSC #DesenvolvimentoRegional #BraçoDoNorte #SantaCatarina #PepêCollaço",53,"09/05/2025 08:56",https://www.instagram.com/reel/DOOeN2DDeiD/,"Reel do Instagram",,Total,64412,43093,392,94,9,22,2
18080387875935565,17841421979835663,radioacbfm87.9,"RÁDIO ACB FM 87.9","Hoje, recebemos o deputado estadual Pepê Collaço! 🙌🎙️
Durante a entrevista na Rádio ACBFM, ele falou sobre os recursos conquistados para o município, apresentou novos projetos para a região da AMUREL e reforçou o compromisso com o desenvolvimento da nossa cidade.

Ao lado de sua equipe e parceiros, o deputado destacou ações que já estão fazendo a diferença e iniciativas que prometem impulsionar ainda mais o crescimento de Braço do Norte. 🚀✨

📌 Quer saber todos os detalhes? A entrevista completa está disponível no nosso canal. Não confira!

#PepeCollaço #BraçoDoNorte #ACBFM #DesenvolvimentoRegional #TrabalhoQueTransforma #MaisPorBraçoDoNorte #RádioACBFM",68,"09/05/2025 07:17",https://www.instagram.com/reel/DOOTPaEjnBP/,"Reel do Instagram",,Total,1450,912,25,3,0,1,0
18102538156526216,17841440058870627,victorjosew,"Victor José Wietcowsky","Deputado Estadual Pepê Collaço convida todos para a Festa Bergamasca 

Na tarde de hoje a administração municipal recebeu a visita do deputado estadual Pepê Collaço.
Eu, o vice-prefeito Kaioran, vereadores e secretários conversamos com ele sobre as demandas da cidade de Botuverá.
Em seguida fomos até o local da Festa Bergamasca pra acompanhar a montagem da estrutura da festa.
Convidamos todos vocês para prestigiarem a nossa Festa Bergamasca neste final de semana.
Botuverá te espera de braços abertos.",62,"09/04/2025 12:12",https://www.instagram.com/reel/DOMPnfvD4lM/,"Reel do Instagram",,Total,10218,4869,299,40,6,12,0
18057291323452552,17841401444333135,pepecollaco,"Pepê Collaço","PROERD PARABÉNS! 👏

Ver a minha Manuzinha nesse programa enche meu coração de orgulho!
O PROERD ensina valores, fortalece a autoestima e mostra que escolher o caminho certo faz toda a diferença. 🌟

É sobre prevenção, respeito e futuro.
É sobre formar cidadãos conscientes e preparados. 🙌

👉 Acompanhe nosso trabalho e compartilhe essa mensagem de esperança.
#PROERD #SantaCatarina #Educação #FuturoMelhor #PepeCollaço",91,"09/03/2025 09:45",https://www.instagram.com/reel/DOJa3OigOz0/,"Reel do Instagram",,Total,35130,26895,556,41,5,12,9
17869226667431954,17841401444333135,pepecollaco,"Pepê Collaço","PROERD: LIÇÕES PARA A VIDA ✨👮‍♂️👧👦

O PROERD vai muito além da sala de aula.
Ensina valores, fortalece a autoestima e mostra para nossas crianças que escolher o caminho certo faz toda a diferença e a minha manuzinha faz parte disso.

É sobre prevenção, respeito e futuro.
É sobre formar cidadãos conscientes e preparados. 🙌

👉 Acompanhe nosso trabalho e compartilhe essa mensagem de esperança.
#PROERD #SantaCatarina #Educação #FuturoMelhor #PepeCollaço",0,"09/02/2025 17:55",https://www.instagram.com/p/DOHulb0DVjZ/,"Imagem do Instagram",,Total,12107,5233,215,4,0,5,2
18021741404753722,17841401444333135,pepecollaco,"Pepê Collaço","Notícias da semana! 🗞️",0,"08/31/2025 08:41",https://www.instagram.com/p/DOBlfbHDTUh/,"Carrossel do Instagram",,Total,10219,3521,71,9,0,6,0
18089607424813083,17841401444333135,pepecollaco,"Pepê Collaço","🤝✨ Hoje é um dia especial para Tubarão!
Destinamos R$100 mil para o Clube de Mães do município.

Esse espaço vai muito além de encontros: ele fortalece laços, gera oportunidades, valoriza o trabalho das mulheres e multiplica cuidado e solidariedade pela nossa cidade. 🌸👩‍👩‍👧‍👦

Com esse recurso, garantimos que o Clube continue sendo referência em união e transformação social. 💪❤️

Seguimos firmes, trabalhando por Tubarão e por toda a região! 🚀

#TrabalhoQueTransforma #PepeCollaço #Tubarão #ForçaDasMães #MaisPorVocê",46,"08/29/2025 13:09",https://www.instagram.com/reel/DN86PPCAb4u/,"Reel do Instagram",,Total,22021,29702,358,35,9,12,1
18065949050191374,17841401444333135,pepecollaco,"Pepê Collaço","✨ Gratidão imensa a toda a cidade de Içara pelo título de Cidadão de Içara que acabo de receber. 🙏💙
Esse reconhecimento me emociona e fortalece ainda mais meu compromisso com cada pessoa que vive aqui.

Enviamos recursos pra obras importantes e vamos continuar nesse caminho, trabalhando com seriedade e carinho para contribuir com o desenvolvimento de Içara e de toda a nossa região. 🚜🏙️

Contem comigo para seguir transformando nossa cidade e construindo um futuro ainda melhor! 💪🌟

#Içara #CidadãoIsarense #TrabalhoQueTransforma #PepeCollaço #Gratidão #CompromissoComAsPessoas",40,"08/28/2025 17:50",https://www.instagram.com/reel/DN61HFmDW1i/,"Reel do Instagram",,Total,9841,13057,215,16,3,23,2
17862456084395987,17841404156491115,deputadozemilton,"Zé Milton","✨ NOVIDADE NA BANCADA PROGRESSISTA DA ALESC!

É com muita honra e alegria que aceitei o desafio de presidir a bancada progressista neste próximo ano. 🚀

Meu agradecimento especial ao amigo e colega de partido, deputado Altair Silva, que conduziu essa missão com dedicação e um trabalho exemplar ao longo do último ano. Também agradeço ao meu parceiro de caminhada, Pepe Colaço, sempre presente e comprometido em todas as demandas.

Assumo essa responsabilidade com o compromisso de dar o meu melhor diante dos desafios que virão. Obrigado pela confiança dos colegas e espero corresponder à altura dessa oportunidade. Podem contar comigo! ✅👊🏻",0,"08/26/2025 14:00",https://www.instagram.com/p/DN1SCL-ZMjf/,"Imagem do Instagram",,Total,17751,7053,338,15,1,46,0
17880065073261135,17841401444333135,pepecollaco,"Pepê Collaço","A senadora Tereza Cristina é sinônimo de trabalho, dedicação e compromisso com o Brasil. Um exemplo que inspira e motiva a todos nós a seguirmos firmes nessa caminhada. 🙌🇧🇷",0,"08/20/2025 12:18",https://www.instagram.com/p/DNlpp1IpoAc/,"Imagem do Instagram",,Total,7686,3023,77,8,1,3,0
17857977360474652,17841401444333135,pepecollaco,"Pepê Collaço","UNIÃO PROGRESSISTA: NOVO CAPÍTULO NA POLÍTICA 🇧🇷

Nossa convenção Progressistas junto com a oficialização da Federação União Progressista. Um momento histórico para a política nacional, definindo estatuto, diretrizes e estratégias que fortalecem a democracia e a integração partidária.

Nós, deputados de SC, participamos ativamente para garantir que a voz da nossa região esteja presente nesse processo. 💪🌎

👉 E você, o que espera da União Progressista para o futuro do Brasil?

#UniaoProgressista #PoliticaNacional #SulEmBrasilia",0,"08/19/2025 11:06",https://www.instagram.com/p/DNi8oy0O8Z3/,"Imagem do Instagram",,Total,26690,5928,146,16,1,4,6
18379089121125071,17841401444333135,pepecollaco,"Pepê Collaço","OBRA CONCLUÍDA E VEM MAIS POR AÍ! 🚀

Cheirinho de asfalto novo na estrada do Siqueiro, em Pescaria Brava! 🌟
Foram R$ 2,5 milhões investidos para garantir o asfalto que já está pronto e hoje anunciamos mais R$ 2,5 milhões, fruto da parceria com o governador @jorginhomello e da grande administração que o prefeito @henriquecastropp11 tem feito. 💪",52,"08/17/2025 10:04",https://www.instagram.com/reel/DNdrGY-OXzj/,"Reel do Instagram",,Total,25589,23997,622,167,23,22,4
18525174658050058,17841401444333135,pepecollaco,"Pepê Collaço","✨ Nosso sábado é assim: sempre junto, sempre presente! Hoje marcando presença no Arraiá da Zofa, aqui em Tubarão. 🦈",0,"08/16/2025 12:30",https://www.instagram.com/p/DNbX32JpTd9/,"Imagem do Instagram",,Total,7739,2859,141,4,3,5,1
18365448976151131,17841401444333135,pepecollaco,"Pepê Collaço","Trabalhamos muito e com sorriso no rosto porque fazemos o que a gente gosta! 🚀",15,"08/13/2025 13:32",https://www.instagram.com/reel/DNTwHkYJn4G/,"Reel do Instagram",,Total,19833,19362,136,16,2,5,3
18187816510319195,17841401444333135,pepecollaco,"Pepê Collaço","🚀O futuro da inovação já tem endereço em Tubarão: Sigma Park! 💡

🏙️ Um espaço que conecta tecnologia, negócios e oportunidades para transformar ideias em realidade. 🌟 #SigmaPark #TubarãoInovadora #FuturoAgora",40,"08/11/2025 15:01",https://www.instagram.com/reel/DNOv9s7JGrx/,"Reel do Instagram",,Total,15453,14192,170,12,1,3,0
18084291196848335,17841401444333135,pepecollaco,"Pepê Collaço","Feliz dia dos pais para todos 💙",0,"08/10/2025 11:37",https://www.instagram.com/p/DNL08XhpN1o/,"Carrossel do Instagram",,Total,5827,1440,164,0,3,5,2
18088765564742410,17841401444333135,pepecollaco,"Pepê Collaço","Quem viveu essa época de debates reais? 🤔",114,"08/09/2025 14:36",https://www.instagram.com/reel/DNJkWlqJ0DZ/,"Reel do Instagram",,Total,1751,1240,44,2,1,3,2
18043556090646497,17841401444333135,pepecollaco,"Pepê Collaço","DESENVOLVENDO A REGIÃO! 🫡
Assumi o compromisso de representar o Sul e lutar por investimentos que fizessem a diferença. E conseguimos! 💪

Já são mais de R$ 55 milhões destinados à região da Amurel, com recursos investidos em todos os municípios.
O trabalho sério e responsável está transformando nossa região! 🚀🇧🇷

#CompromissoCumprido #RegiãoSul #Amurel #TrabalhoQueEntrega #DesenvolvimentoRegional #MandatoPresente #MaisInvestimentos",43,"08/07/2025 10:07",https://www.instagram.com/reel/DND7i_-utdH/,"Reel do Instagram",,Total,5844,10143,88,9,0,7,0
18051274577407810,17841401444333135,pepecollaco,"Pepê Collaço","Com orgulho e gratidão, aprovamos a homenagem ao Movimento Escoteiro em Rio Negrinho! 👏

O Grupo Escoteiro Arnaldo de Almeida Oliveira, fundado em 1989, é um exemplo vivo de dedicação, educação e serviço à comunidade. 💚

Mais de 70 jovens e 20 voluntários fazem parte desse movimento transformador que desperta valores, forma líderes e constrói um futuro melhor todos os dias! 💪🌍

📣 Se você acredita no poder da juventude e na força do voluntariado, essa homenagem também é sua! 🙌

#EscoteirosDoBrasil #RioNegrinho #LiderançaJuvenil #OrgulhoDaNossaCidade #HomenagemMerecida #TrabalhoVoluntário #GrupoEscoteiro #CompromissoComOFuturo #EducaçãoTransformadora #JuntosSomosMaisFortes",120,"08/06/2025 15:22",https://www.instagram.com/reel/DNB6yvkptFR/,"Reel do Instagram",,Total,5328,8096,99,16,0,4,2
17947965824881815,17841401444333135,pepecollaco,"Pepê Collaço","🏗️ O Clube do Idoso será ampliado!

Mais qualidade de vida, mais respeito com quem tanto já fez por nós. É o nosso compromisso com Itapema e com nossa parceira @gabi.f.nascimento se tornando realidade! 💙

#CompromissoCumprido #Itapema #ClubeDoIdoso #MaisQualidadeDeVida #RespeitoComOsIdosos #MandatoPresente 💪👵👴",62,"08/04/2025 11:48",https://www.instagram.com/reel/DM8Y7FopI7w/,"Reel do Instagram",,Total,9096,15147,238,30,11,10,1
18338110306164475,17841401444333135,pepecollaco,"Pepê Collaço","NA ESTRADA! 🚙💨🙅‍♂️

Essa semana foi de estrada, encontros e escutando as necessidades e realidades dos municípios. De cidade em cidade, reforçamos compromissos, ouvimos as demandas da nossa gente e seguimos construindo soluções junto das lideranças que fazem a diferença! 💪🌱

Porque política se faz assim: com presença, olho no olho e muito trabalho! 👊

#PepeColasso #PéNaEstrada #Lideranças #SulDeSC #PolíticaComPropósito #CompromissoComAsPessoas #MandatoPresente #DeputadoEstadual",0,"08/03/2025 11:29",https://www.instagram.com/p/DM5ykF-JsLf/,"Carrossel do Instagram",,Total,12635,4775,112,12,1,5,0
18093101518632293,17841401444333135,pepecollaco,"Pepê Collaço","📍PASSO DE TORRES

Trabalhar pelo desenvolvimento das nossas cidades é compromisso do nosso mandato. Em Passo de Torres, não é diferente: mais emendas, mais investimentos, mais qualidade de vida para quem vive aqui. Conte sempre com a gente! 🤝🚀",60,"08/01/2025 10:22",https://www.instagram.com/reel/DM0g5k3uVif/,"Reel do Instagram",,Total,3898,9812,65,5,0,5,0
18090647506664109,17841401444333135,pepecollaco,"Pepê Collaço","MAIS DE 2 MIL KM só essa semana!🚙💨

Precisamos estar nas cidades pra saber as reais necessidades do catarinense, SEMPRE PRESENTE! 🙅‍♂️🚀",12,"07/31/2025 09:50",https://www.instagram.com/reel/DMx4WykOV8G/,"Reel do Instagram",,Total,8640,5632,120,18,4,12,1
17858193441466551,17841401444333135,pepecollaco,"Pepê Collaço","ESTAR PRESENTE! 🤝

🚨 Avanços que você pode ver e sentir! Estivemos onde as mudanças acontecem porque acompanhar de perto é garantir que a transformação chegue até você.

🛣️ Rodovia SC-443: A recuperação do trecho entre Criciúma e Morro da Fumaça é um alívio para quem trafega todos os dias. Segurança e mobilidade de volta à rotina!

🏫 Escola Walter Holthausen – Lauro Müller: A reforma e ampliação mostram que quando se investe em educação, se constrói um novo amanhã.

🔑 Infraestrutura e ensino caminhando juntos. Seguimos lado a lado em cada conquista, parabéns @jorginhomello pelas entregas de grande importância pra região. 

#TransformaçãoDeVerdade #PresençaQueFazADiferença #SC443 #EducaçãoÉPrioridade #LauroMüller #Criciúma #MorroDaFumaça #AvançosReais #MaisEducação #MaisInfraestrutura #ConstruindoOFuturo",0,"07/30/2025 12:39",https://www.instagram.com/p/DMvnYFJpZPD/,"Carrossel do Instagram",,Total,11909,5139,82,9,0,3,0
18036123854429472,17841465837727878,tiagoduarte11711,"Tiago Duarte","*Deputado Pepê Collaço destina recursos para compra de veículo para a Saúde*

O município de Praia Grande recebeu, nesta terça-feira (29), a visita do deputado estadual Pepê Collaço, que oficializou a destinação de recursos para a área da Saúde. Durante encontro realizado no gabinete do prefeito Elisandro Machado (Fanica), o parlamentar confirmou a liberação de R$ 400 mil para a aquisição de uma van que atenderá o transporte de pacientes da rede municipal de Saúde.

A reunião contou com a presença do secretário de Saúde, Marquinhos Alves; do secretário de Agricultura, Celso Júnior; da vereadora Bruna Maciel; do diretor de Saúde, Rodrigo Marcelino; e do diretor de Esportes, Tiago Duarte.

Além do investimento na Saúde, o deputado também destinou R$ 100 mil para a Educação, R$ 100 mil para o Turismo e R$ 100 mil para o Esporte, totalizando R$ 700 mil em recursos para diversas áreas do município.

O prefeito Fanica agradeceu o apoio do parlamentar e destacou a importância da parceria.
“Esses recursos chegam em boa hora e vão contribuir diretamente para melhorar os serviços oferecidos à nossa população. A van para a Saúde, por exemplo, vai facilitar o deslocamento de pacientes para tratamentos e consultas em outros municípios”, afirmou.",0,"07/30/2025 09:28",https://www.instagram.com/p/DMvRdEUxv2B/,"Imagem do Instagram",,Total,5970,3274,77,1,0,7,0
17912372448156314,17841401444333135,pepecollaco,"Pepê Collaço","PÉ NA ESTRADA! 🚙🙅‍♂️

Aqui em Grão-Pará não foi diferente, emenda, investimentos, parceria e mais qualidade de vida pras pessoas, é o gabinete 34 chegando. Tudo que gostamos de fazer! 🚀",63,"07/29/2025 07:53",https://www.instagram.com/reel/DMsg6UbuqM5/,"Reel do Instagram",,Total,6949,14133,141,6,1,6,1
17892205161281065,17841401444333135,pepecollaco,"Pepê Collaço","🏃‍♀️⚽ O esporte transforma, inspira e ensina. É no jogo, na disciplina e na convivência que moldamos o futuro das nossas crianças. Por isso, seguimos incentivando com tanta força! 💪

#EsporteÉTransformação #FuturoDasCrianças #IncentivoAoEsporte #Cidadania #Disciplina #EsporteParaTodos",0,"07/28/2025 13:35",https://www.instagram.com/p/DMqkJhaJLFn/,"Imagem do Instagram",,Total,8278,4764,93,22,1,12,0
18067195124145353,17841406103421847,igor_vereadorpp,"Igor Machado","✨Reunião importante do Partido Progressista em Gravatal. Reunindo Lideranças Políticas de toda região. 💬🤝🏼
Fortalecendo a união e o trabalho conjunto pelo desenvolvimento do Sul de Santa Catarina. 🚀🚀

#políticacompropósito #suldesantacatarina #gravatal #trabalhopelofuturo #liderançasunidas 

@pepecollaco 
@deputadozemilton 
@cleinils.rodriguesdasilva 
@edson.brognara 
@pedropauloesmeraldino 
@giovanirodriguesdarosaa 
@lekajeh.s",0,"07/27/2025 05:15",https://www.instagram.com/p/DMnGGePuYbL/,"Carrossel do Instagram",,Total,11756,4105,112,2,0,2,0
18008836565608326,17841401444333135,pepecollaco,"Pepê Collaço","O trabalho não para! 🚀

Reunião importante do partido em Gravatal, reunindo lideranças políticas de toda a região! 💬🤝
Estiveram presentes representantes de Armazém, Braço do Norte, São Ludgero e Gravatal, fortalecendo a união e o trabalho conjunto pelo desenvolvimento do Sul de Santa Catarina. 💪🌟

#PolíticaComPropósito #SulDeSantaCatarina #Gravatal #Armazém #BraçoDoNorte #SãoLudgero #TrabalhoPeloFuturo #LiderançasUnidas",0,"07/26/2025 15:32",https://www.instagram.com/p/DMln7PPJmeG/,"Carrossel do Instagram",,Total,12441,4487,135,2,0,3,1
17883279984222344,17841401444333135,pepecollaco,"Pepê Collaço","Tamo chegandooo! 🚙💨
Onde a gente passa, a transformação acontece! 💪✨
Essas são algumas das obras que ajudamos a tirar do papel e que hoje fazem a diferença na vida das pessoas.
Seguimos firmes, trabalhando por cada comunidade! 🛠️🏡 #TrabalhoQueTransforma #MandatoPresente #CompromissoComVocê",0,"07/23/2025 12:38",https://www.instagram.com/p/DMdlrnCJstK/,"Carrossel do Instagram",,Total,5843,1770,55,16,0,6,0
18044420888293707,17841401444333135,pepecollaco,"Pepê Collaço","COMEÇANDO A SEMANA INFORMADO! 🗞️☕️",0,"07/21/2025 12:08",https://www.instagram.com/p/DMYYpJjJwRU/,"Carrossel do Instagram",,Total,7951,3795,80,19,0,4,0
18285013024269248,17841401444333135,pepecollaco,"Pepê Collaço","🚧 Obra aguardada, conquista confirmada!

A ligação entre a Várzea e a BR-101 finalmente vai sair do papel. São R$ 5 milhões garantidos para mais de 2 km de asfalto que vão transformar a mobilidade, a economia e a vida de quem vive aqui.

Não é promessa. É realidade chegando no chão.

#AsfaltoNaVárzea #Gravatal #PepeCollaço #PrefeitoClei #ObraQueTransforma #SCEmObras #MaisMobilidade #MaisDesenvolvimento",75,"07/20/2025 08:39",https://www.instagram.com/reel/DMVbiB5uwiT/,"Reel do Instagram",,Total,15083,19596,246,79,12,9,4
18353626687085165,17841401444333135,pepecollaco,"Pepê Collaço","💸 Calote bilionário da Venezuela: quem paga é você.

Desde 2018, Maduro não paga a dívida com o Brasil. Já são R$ 10,3 bilhões, sendo R$ 2,7 bi só de juros.

💰 O Tesouro teve que cobrir o prejuízo com dinheiro público.
📈 Em 2025, a dívida já cresceu quase R$ 1 bi.
🤐 E o governo Lula segue em silêncio.

Isso não é sobre política. É sobre respeito ao seu dinheiro.

#CaloteDaVenezuela #DinheiroPúblico #VocêPagou #BrasilPrecisaReagir #TesouroNacional #ChegaDeSubmissão #FirmezaJa",0,"07/17/2025 14:27",https://www.instagram.com/p/DMOVVX8pZSX/,"Carrossel do Instagram",,Total,4902,2147,49,9,0,25,0
18063154037225782,17841401444333135,pepecollaco,"Pepê Collaço","🎓 UNIVERSIDADE GRATUITA! 💥

Tem gente se endividando por acreditar em um programa que ainda precisa de ajustes. Estamos na Alesc cobrando soluções, defendendo mais bolsas, prazos justos e respeito com quem sonha com a universidade.

📽️ Assista e entenda o que está sendo feito pra mudar isso!

#UniversidadeGratuita #MaisBolsasJá #EducaçãoÉPrioridade #EstamosNaLuta #CompromissoComOFuturo #Alesc #SC #JustiçaParaEstudantes",61,"07/16/2025 15:51",https://www.instagram.com/reel/DML5pjEp1Mk/,"Reel do Instagram",,Total,45939,31428,491,107,25,34,5
17986872332692457,17841406933676299,portallitoralmais,"Portal Litoral Mais","Os deputados estaduais da Bancada do Sul reuniram-se nesta terça-feira (15) com o presidente em exercício do Tribunal de Justiça de Santa Catarina (TJSC), desembargador Cid José Goulart Junior, para tratar sobre melhorias nas comarcas da região, especialmente em Capivari de Baixo.

A comarca tem apenas uma vara, e uma segunda é reivindicada para reduzir a grande quantidade de processos.

“Foi uma reunião produtiva. O próprio presidente em exercício reconheceu que existem mais de 12 mil processos em Capivari e ele considera elevado em comparação com outras comarcas. O desembargador se mostrou muito solícito a resolver essa demanda da OAB e do município”, destaca o deputado Pepê Collaço (PP).

A pauta agora deve ser levada à corregedoria e à presidência do TJ, para que seja feita uma análise mais apurada sobre a reivindicação e haja uma resposta em breve.

📲 LEIA A MATÉRIA COMPLETA EM LITORALMAIS.NET",0,"07/15/2025 11:54",https://www.instagram.com/p/DMI6UXUPxeL/,"Imagem do Instagram",,Total,2182,1229,15,2,0,1,0
17916737262131464,17841401444333135,pepecollaco,"Pepê Collaço","📍 Capivari de Baixo precisa de reforço no Judiciário!

Hoje levamos ao TJSC, junto com a bancada do sul, o pedido pela criação de uma segunda vara na comarca, que já passa de 12 mil processos ativos ⚖️📄
Mais estrutura = mais agilidade e justiça para a população ✅

#Justiça #CapivariDeBaixo #TJSC #BancadaDoSul #DeputadosEstaduais #MaisEficiência",79,"07/15/2025 11:02",https://www.instagram.com/reel/DMIzO3PucMt/,"Reel do Instagram",,Total,10736,8186,163,17,4,11,0
18032388968678549,17841401444333135,pepecollaco,"Pepê Collaço","✨ O que era sonho, agora é realidade! 

Garopaba acaba de ganhar uma nova creche: o CEI Profª Maria Marta Ribeiro Sanseverino! Um espaço planejado para oferecer mais conforto, segurança e desenvolvimento para nossas crianças e tranquilidade para as famílias. 👶📚💙

A entrega foi realizada pelo prefeito Júnior Abreu e o vice-prefeito Guto Chaves, que também assinaram ordens de serviço para novas pavimentações em várias ruas da cidade. Cada rua pavimentada, cada nova estrutura entregue, é a prova concreta de um governo que entrega e transforma.

🚧 Garopaba está crescendo, evoluindo e se preparando para o futuro. E tudo isso só é possível com planejamento, trabalho sério e compromisso com as pessoas.

É Garopaba avançando no presente para garantir um amanhã melhor para todos.

#GaropabaCresce #EducaçãoDeQualidade #PrefeituraQueEntrega #NovaCreche #MaisRuas #DesenvolvimentoReal",68,"07/14/2025 08:27",https://www.instagram.com/reel/DMF8t68OUya/,"Reel do Instagram",,Total,17551,11101,303,24,4,11,0
18066857813145283,17841400889620437,angelaghislandi,"Ângela Ghislandi","Hoje o desfile de tratores e máquinas agrícolas em São Bento Alto foi um verdadeiro espetáculo! Que orgulho ver nossos agricultores sendo homenageados com tanto carinho e tradição. A força do campo é o que move nossa Nova Veneza, e estar aqui celebrando junto com vocês é motivo de muita alegria. Viva São Bento Alto e viva quem faz essa terra crescer com tanto amor! 💚🚜✨",92,"07/13/2025 17:17",https://www.instagram.com/reel/DMEVZuPAlA3/,"Reel do Instagram",,Total,25502,13131,843,145,13,35,0
17953143926841025,17841401444333135,pepecollaco,"Pepê Collaço","Festa junina do Colégio São José! 🌽🎉
Aproveitando esse tempinho pra matar a saudade da Família, @brubrunelcollaco e minhas princesas, Lelê e Manu, acompanhando a quadrilha delas! ❤️

#FestaJunina #ColégioSãoJosé #Lelê #Manu #Quadrilha #AmorQueNãoSeMede",4,"07/12/2025 12:39",https://www.instagram.com/reel/DMBQQcwJdlX/,"Reel do Instagram",,Total,4360,2025,164,2,0,3,0
18059687240197714,17841401444333135,pepecollaco,"Pepê Collaço","📉 Quem paga a conta dos novos impostos? Sempre o povo.
Enquanto deveríamos estar reduzindo a carga tributária e fortalecendo a economia com mais dinheiro no bolso dos brasileiros, o governo Lula vai na contramão e aumenta ainda mais os impostos.
Resultado? Poder de compra afundando e o povo pagando a conta. 💸🚨

#MenosImpostosMaisBrasil #EconomiaNaVeia #Lula #Tributos #PoderDeCompra #ContraAMaré",55,"07/12/2025 05:43",https://www.instagram.com/reel/DMAhFwpOzVW/,"Reel do Instagram",,Total,6304,4075,196,156,2,45,1
18380122087135090,17841401444333135,pepecollaco,"Pepê Collaço","QUEM PAGA O PREÇO DESSA IRRESPONSABILIDADE SOMOS NÓS! 😒

Deixe sua opinião nos comentários. ⬇️",0,"07/11/2025 09:13",https://www.instagram.com/p/DL-Un1QOTCl/,"Carrossel do Instagram",,Total,12058,7040,204,37,2,121,5
17976825737909418,17841421979835663,radioacbfm87.9,"RÁDIO ACB FM 87.9","Presença do Dep.Estadual @pepecollaco no nosso estande.",50,"07/11/2025 06:26",https://www.instagram.com/reel/DL-BQ-Dur9L/,"Reel do Instagram",,Total,2690,1639,43,7,0,2,0
18087823738665540,17841408315916041,extrasc,extra.sc,"Tubaronense é reconhecido como o escritor mais longevo em atividade no mundo.

Leia em EXTRA.SC. Link nos stories",0,"07/11/2025 04:21",https://www.instagram.com/p/DL9zQW8uBF9/,"Imagem do Instagram",,Total,3113,2030,48,0,0,2,0
17913457929115494,17841403150527568,professoraadrianamacarini,"Adriana Luz Macarini","📍Estive na Fundação Catarinense de Educação Especial em busca de recursos para a construção da nova sede da @apaenavegantes . 

💪🏻 Reafirmo meu compromisso com a inclusão, o cuidado e a valorização das pessoas com deficiência. Meu agradecimento ao deputado @pepecollaco, que tem caminhado conosco nessa luta tão importante. 

🙏🏻 Tenho fé de que, com união e determinação, vamos tirar esse projeto do papel e realizar o sonho de uma nova sede — mais digna, acolhedora e transformadora para todos que fazem parte da APAE",54,"07/10/2025 13:21",https://www.instagram.com/reel/DL8KrSZRZH7/,"Reel do Instagram",,Total,5718,3168,164,18,2,34,0
17973793952817437,17841401444333135,pepecollaco,"Pepê Collaço","🚨 É UM ABSURDO ESSAS FILAS! 💥

A @ccr_oficial tem que nos ouvir! Filas quilométricas, falta de manutenção e pedágios cada vez mais caros. 🚗⏳ Um desrespeito com quem trafega pela nossa BR-101!

Já enviamos um requerimento à @antt_oficial exigindo soluções. Isso não pode continuar assim! ⚠️

✊ Quem mais já passou por esse perrengue? Comenta aqui!

#BR101 #CCR #PedágioAbusivo #RespeitoJá #ANTT #Trânsito",56,"02/11/2025 03:28",https://www.instagram.com/reel/DF7j45MunnM/,"Reel do Instagram",,Total,28524,36502,518,58,11,51,3
18083199715607574,17841401444333135,pepecollaco,"Pepê Collaço","🗣️Estamos esperando ansiosos pelo projeto da Redragagem. É uma luta constante e precisamos estar prontos para que o Sul também ganhe recursos. Cada passo conta para levar desenvolvimento a todas as regiões. 

Vamos juntos! 🙌
#Redragagem #DesenvolvimentoRegional #ForçaDoSul #UniãoPorRecursos",104,"02/10/2025 14:12",https://www.instagram.com/reel/DF6JMYIJGs2/,"Reel do Instagram",,Total,16971,13494,188,10,2,12,2
18318467422300041,17841401444333135,pepecollaco,"Pepê Collaço","👏Parabéns Sr. Lindomar Cardoso Tournier, exemplo de vitalidade, talento e dedicação à literatura! Aos 103 anos e com 21 obras publicadas, seu legado ultrapassa páginas e inspira gerações que honra tê-lo como o escritor mais longevo em atividade no mundo! 🌎",0,"07/10/2025 12:28",https://www.instagram.com/p/DL8GKwdpdqJ/,"Imagem do Instagram",,Total,3706,2350,169,2,2,5,1
18054113504105226,17841401444333135,pepecollaco,"Pepê Collaço","A correria é grande, o dia é intenso, mas a gente trabalha com felicidade! 🚀",25,"07/09/2025 14:49",https://www.instagram.com/reel/DL5w--Gpeh8/,"Reel do Instagram",,Total,12304,12444,75,8,0,7,1
17880978234345858,17841401444333135,pepecollaco,"Pepê Collaço","💭 O jogo é às 16h, mas a cabeça já tá gritando: FLUMINENSE VAI JOGAR!!!🇭🇺

Aviso aos secadores: Eu acredito e já chegamos mais longe! 😉",42,"07/08/2025 09:17",https://www.instagram.com/reel/DL2lflouMJG/,"Reel do Instagram",,Total,20421,17391,172,10,1,5,0
18349992982087301,17841401444333135,pepecollaco,"Pepê Collaço","MILEI CORTA IMPOSTOS, LULA AUMENTA! 😒

O aumento de impostos só tira o dinheiro do bolso do trabalhador, perdemos nosso poder de compra e esfria a economia. É, estamos nadando contra a maré. 🫢

Deixe sua opinião nos comentários! ⬇️

#Repost 🔁 @jornadatop",0,"07/07/2025 16:35",https://www.instagram.com/p/DL00C27pJLz/,"Carrossel do Instagram",,Total,8180,4478,214,155,0,19,5
17909115864054859,17841400535235628,brubrunelcollaco,"Bruna Brunel Collaço","Meu amor! 
Hoje você completa 11 anos! 
Com você descobri um novo universo, um amor sem medidas, um mundo mais colorido! 
Você é luz e alegria por onde passa!
Orgulho dessa menina incrível e amorosa! 
Amo você demais minha Manu! 
Feliz aniversário! 
🎈 🥳❤️",41,"07/07/2025 11:22",https://www.instagram.com/reel/DL0PspwpmzcJFEfhB6-x9IGb8upf198GFKJRbw0/,"Reel do Instagram",,Total,2632,1380,139,0,0,18,0
17912594229156081,17841401444333135,pepecollaco,"Pepê Collaço","E vamos pra mais uma semana abençoada! 🙏🚀",16,"07/07/2025 06:17",https://www.instagram.com/reel/DLztJZSOTro/,"Reel do Instagram",,Total,19443,13529,125,27,2,7,1
18166739050347631,17841401444333135,pepecollaco,"Pepê Collaço","VAMO PRA SEMIFINAL!❤️🤍💚

Só quem é tricolor sabe o que foi esse jogo!!! É DEVAXXXTADOR!",0,"07/04/2025 15:48",https://www.instagram.com/p/DLtAP-qJHN1/,"Imagem do Instagram",,Total,5449,3250,270,5,0,22,3
17907651342183719,17841401444333135,pepecollaco,"Pepê Collaço","PRA CIMA FLUMINENSE! 

Hoje o clima é esse e não tem jeito: EU VOU FICAR LOUCO DA CABEÇA, NADA ME INTERESSA É O TRICOLOR! ❤️💚🤍",0,"07/04/2025 11:35",https://www.instagram.com/p/DLsjV-AJyvL/,"Imagem do Instagram",,Total,4511,2719,102,15,1,11,1
18062698508180417,17841404807515259,deputadoaltairsilva,"Altair Silva","Um novo jeito de legislar e defender os interesses de cada região de Santa Catarina. 

📲Confira!

#BancadasRegionais #SantaCatarina #Alesc",30,"07/04/2025 09:35",https://www.instagram.com/reel/DLsVkI_sXq-/,"Reel do Instagram",,Total,2285,1702,33,3,1,1,0
18509275606053498,17841401827177081,assembleiasc,ALESC,"Jogo Rápido está no ar! O novo podcast da Alesc mostra o lado torcedor dos deputados. Nesse primeiro episódio, @volneiweberoficial (MDB e flamenguista) e @pepecollaco (PP e tricolor) falam da paixão pelos clubes e do esporte como política pública! Confira o programa completo no Spotify: bit.ly/JogoRapido1

#JogoRápido #PaixãoPeloFutebol #Esporte #Alesc",23,"07/03/2025 16:00",https://www.instagram.com/reel/DLqb3zKMLCa/,"Reel do Instagram",,Total,2352,1575,36,2,0,6,0
18047321534533463,17841401444333135,pepecollaco,"Pepê Collaço","FLA X FLU, o clássico também na política? ⚽️🫢

No Podcast Jogo Rápido da @assembleiasc , bati um papo descontraído com meu amigo e colega deputado @volneiweberoficial Falamos sobre a importância do esporte na educação e no social. E claro, não podia faltar uma resenha sobre os bastidores de um bom Fla x Flu!

👀 Em breve no ar. Fica ligado!",0,"07/02/2025 10:14",https://www.instagram.com/p/DLnQfRlOtTd/,"Imagem do Instagram",,Total,4539,2815,57,6,1,0,0
18059471525203908,17841401444333135,pepecollaco,"Pepê Collaço","CAMINHOS DO MAR! 🌊

O asfaltamento da estrada que liga Passo de Torres a Laguna é prioridade para a Bancada Regional do Sul da #Alesc! Confira! 🛣️ 

#BancadaDoSul #santacatarina #deputadoestadual",29,"07/01/2025 07:59",https://www.instagram.com/reel/DLkcITPuO9M/,"Reel do Instagram",,Total,6296,4469,96,19,1,2,1
17927994393075278,17841404156491115,deputadozemilton,"Zé Milton","Você sabia que aqui na Alesc existe um jeito diferente de defender as demandas de cada canto do estado?! São as Bancadas Regionais. Vem conferir como a Assembleia Legislativa está ainda mais presente na sua vida!

#BancadasRegionais #SC #Alesc",66,"06/30/2025 08:34",https://www.instagram.com/reel/DLh7IluRqHB/,"Reel do Instagram",,Total,2442,1657,47,4,0,2,0
17912917602140877,17841401444333135,pepecollaco,"Pepê Collaço","🗞️Confere as notícias da semana! ➡️",0,"06/29/2025 10:15",https://www.instagram.com/p/DLfiKpxO5i2/,"Carrossel do Instagram",,Total,12916,8663,146,47,8,29,5
18063255239177068,17841401444333135,pepecollaco,"Pepê Collaço","PARCERIA QUE GERA DESENVOLVIMENTO! 💪

A nova ponte no bairro Represa, em Braço do Norte, vai facilitar o escoamento da produção e melhorar a vida de quem vive e trabalha na região.
Nosso mandato tá aqui pra isso: identificar os gargalos e impulsionar o crescimento das microrregiões! 🚜📈

#DesenvolvimentoRegional #BraçoDoNorte #Infraestrutura #MandatoPresente #TrabalhoQueFazADiferença #ParceriaQueTransforma",66,"06/27/2025 13:05",https://www.instagram.com/reel/DLarROQJIpa/,"Reel do Instagram",,Total,24646,16171,299,19,4,17,1
18363198670147210,17841401444333135,pepecollaco,"Pepê Collaço","📚 MAIS INCLUSÃO NO UNIVERSIDADE GRATUITA! 

Defendi a inclusão dos alunos da Unisul no programa e apresentou emenda que antecipa os processos seletivos e garante apoio aos estudantes prejudicados. O projeto segue em tramitação na Alesc.

#UniversidadeGratuita #EducaçãoSC #PepêCollaço #CCJ #Unisul #Alesc #SantaCatarina",98,"06/24/2025 14:14",https://www.instagram.com/reel/DLTFQc_JAxJ/,"Reel do Instagram",,Total,28302,20837,448,84,17,75,20
18104084869477816,17841401444333135,pepecollaco,"Pepê Collaço","Falou em buscar mais recursos pra nossa região, eu já tô pronto! 🛵",14,"06/23/2025 15:37",https://www.instagram.com/reel/DLQp3AFJ65n/,"Reel do Instagram",,Total,10892,6336,122,26,2,8,0
17849606001487567,17841401444333135,pepecollaco,"Pepê Collaço","Muito triste as cenas do balão em Praia Grande vistas essa manhã. Minhas orações e solidariedade estão com as vítimas e suas famílias nesse momento 🙏",0,"06/21/2025 08:13",https://www.instagram.com/p/DLKt3RfuYkC/,"Imagem do Instagram",,Total,3621,2601,31,10,0,0,0
18388216648190849,17841401444333135,pepecollaco,"Pepê Collaço","Não é sobre obediência, É SOBRE EDUCAÇÃO! 📚

Nosso projeto de Educação Moral e Cívica nas escolas foi aprovado na Comissão de Constituição e Justiça e segue avançando na Alesc.
Disciplina, respeito aos símbolos e amor à pátria não se impõem — se ensinam. E é isso que estamos construindo!
 
Isso é outras notícias: 🗞️ ↔️",0,"06/20/2025 08:05",https://www.instagram.com/p/DLIILZJuBNA/,"Carrossel do Instagram",,Total,7731,5541,149,16,0,20,4
18046241630204994,17841401444333135,pepecollaco,"Pepê Collaço","AUTISMO É PRIORIDADE! 💙

O autismo não tem cara, mas tem realidade e ela precisa ser vista com responsabilidade!

A gente luta por mais inclusão, mais apoio às famílias e políticas públicas de verdade:
✔️ Frente Parlamentar em Defesa do Autismo
✔️ Censo com a Acafe para embasar ações
✔️ Defesa de centros especializados e acolhimento familiar

Cada conquista é uma vitória de toda a sociedade.
Vamos juntos por mais respeito, diagnóstico e cuidado!

📢 Comente aqui: o que você gostaria de ver na defesa da causa autista?
⠀
#AutismoÉPrioridade #PepêPeloAutismo #ConhecerParaIncluir #AbrilAzul #PolíticaComPropósito #SantaCatarina",60,"06/18/2025 13:23",https://www.instagram.com/reel/DLDi5nQJRd6/,"Reel do Instagram",,Total,7808,5424,137,33,2,25,2
17855097744453846,17841401444333135,pepecollaco,"Pepê Collaço","Entenda um pouco os números do censo do @ibgeoficial 👀🧩",0,"06/17/2025 08:07",https://www.instagram.com/p/DLAaA5ouEZX/,"Carrossel do Instagram",,Total,6856,3543,46,19,0,7,2
17898872034209095,17841401444333135,pepecollaco,"Pepê Collaço","Investir em saúde é investir no presente das pessoas! 🤝",60,"06/14/2025 08:22",https://www.instagram.com/reel/DK4s-TVOWC7/,"Reel do Instagram",,Total,6883,7262,103,9,1,4,0
18165286774346533,17841401444333135,pepecollaco,"Pepê Collaço","E hoje é dia dos namorados. Então lá vai uma fotinho com minha companheira de vida, mãe e esposa, mas acima de tudo minha eterna namorada.
Beijo meu amor! ❤️",0,"06/12/2025 13:06",https://www.instagram.com/p/DK0ESEEptCT/,"Imagem do Instagram",,Total,4108,2772,134,1,0,2,2
17956294910951182,17841401444333135,pepecollaco,"Pepê Collaço","Estamos cada vez mais próximo de você! 🤝",0,"06/12/2025 09:03",https://www.instagram.com/p/DKzohHcuSsi/,"Carrossel do Instagram",,Total,4483,3099,59,15,0,7,1
18040570850312894,17841406933676299,portallitoralmais,"Portal Litoral Mais","A volta da disciplina Educação Moral e Cívica ao currículo da educação básica das escolas públicas e privadas de Santa Catarina pode acontecer.

O projeto, de autoria do deputado estadual Pepê Collaço (PP), foi aprovado na Comissão de Constituição e Justiça da Assembleia Legislativa, nesta terça-feira (10), durante a passagem da Alesc Itinerante por São Miguel do Oeste.

Agora, antes de ir para votação da Casa, o texto precisa passar pelas comissões de Finanças, Trabalho e Educação. 

📲 LEIA A MATÉRIA COMPLETA EM LITORALMAIS.NET",0,"06/11/2025 11:20",https://www.instagram.com/p/DKxTX9hORqU/,"Imagem do Instagram",,Total,2712,1882,96,7,0,6,0
17855634507446603,17841401444333135,pepecollaco,"Pepê Collaço","APROVADO NA CCJ ✅

Agora nosso projeto irá pras próximas comissões. Seguiremos acompanhando 🚀",25,"06/10/2025 15:23",https://www.instagram.com/reel/DKvKD2wp8m6/,"Reel do Instagram",,Total,10471,8820,147,141,0,11,0
18067909547091526,17841400073194615,radiocentrooeste,"Rádio Centro Oeste 100.9 FM","O deputado @pepecollaco aproveitou a vinda para a Alesc Itinerante para se aproximar e ouvir as lideranças do partido na região Oeste de Santa Catarina. O parlamentar esteve inclusive em Pinhalzinho.",311,"06/10/2025 10:42",https://www.instagram.com/reel/DKupq-nOjXS/,"Reel do Instagram",,Total,4352,2715,58,2,0,0,0
18511153846003636,17841401444333135,pepecollaco,"Pepê Collaço","Um bolinho arrematado em Gravatal 😋

Gosto de estar assim, junto da comunidade, participando do dia a dia, vendo o asfalto chegar aqui no bairro Várzea das Canoas e agradecendo pela receptividade. 🙌",47,"06/08/2025 11:07",https://www.instagram.com/reel/DKpjMYMpDBy/,"Reel do Instagram",,Total,23461,15701,210,26,11,6,3
18175003048328113,17841401444333135,pepecollaco,"Pepê Collaço","Notícias da semana 🚀📰",0,"06/08/2025 08:29",https://www.instagram.com/p/DKpRbzVOBqg/,"Carrossel do Instagram",,Total,4585,2726,78,11,0,3,2
17910507897141496,17841401444333135,pepecollaco,"Pepê Collaço","🎉 FESTA JUNINA NA PASSAGEM! 🌽🔥

De 5 a 12 de junho, a Praça da Igreja Santa Teresinha vira palco da nossa tradicional e maravilhosa festa de São João! Tudo coberto com tendas pra garantir alegria com conforto, faça chuva ou frio!
Venha festejar em família com segurança, comida boa, festa animada e aquele clima. 🎶💛
📍 Passagem – Tubarão/SC
#FestaJunina #SãoJoãoNaPassagem #Tubarão #VemPraFesta #TradiçãoQueAquece",0,"06/07/2025 19:47",https://www.instagram.com/p/DKn6MsxIn3g/,"Imagem do Instagram",,Total,25373,20832,509,10,2,9,5
18070008508968678,17841401444333135,pepecollaco,"Pepê Collaço","DAS BELEZAS DE SANTA CATARINA 🐬

📸🔁 @faroldesantamarta",44,"06/07/2025 11:44",https://www.instagram.com/reel/DKnCbXApwNA/,"Reel do Instagram",,Total,3787,2591,81,19,1,5,1
17990289362753533,17841470995262587,alemdadeficiencia.com.br,"Além da Deficiência ®","Imbituba e Laguna estão entre os municípios catarinenses com maior percentual de pessoas com autismo em relação à população residente.

#alemdadeficiencia #autismo #tea #diagnostico #pessoascomdeficiencia

#pracegover Foto: Imagem dos representantes no encontro realizado na Assembleia Legislativa.",0,"06/06/2025 13:53",https://www.instagram.com/p/DKks4yRyAHf/,"Imagem do Instagram",,Total,863,475,21,0,0,0,0
18056056433036335,17841401444333135,pepecollaco,"Pepê Collaço","Trabalhando por SC porque nossas cidades merecem! 👊",0,"06/06/2025 10:44",https://www.instagram.com/p/DKkXSXCOWh7/,"Imagem do Instagram",,Total,5406,7795,127,12,2,11,1
17919435150095663,17841401444333135,pepecollaco,"Pepê Collaço","📊 DADOS DOS AUTISTAS EM SC! 🧩

A apresentação do @ibgeoficial foi um passo importante para compreendermos o cenário do autismo em Santa Catarina. Com informação, construímos políticas públicas mais justas e eficientes! 💙

E vem mais por aí: nosso Censo dos Autistas está sendo desenvolvido a quatro mãos com a @assembleiasc e a @acafeoficial . O protótipo já está em fase de testes e, em breve, teremos novidades! 🛠️📱

#AutismoEmDados #CensoAutistaSC #PolíticasPúblicas #IBGE #ALESC #ACAFE #AutismoComRespeito #Inclusão #SantaCatarina",75,"06/05/2025 11:13",https://www.instagram.com/reel/DKh0aG-RXU5/,"Reel do Instagram",,Total,62990,44489,287,60,7,31,12
18095777035567787,17841406933676299,portallitoralmais,"Portal Litoral Mais","A federação União Progressista em Santa Catarina teve sua primeira reunião com quórum completo. O senador Esperidião Amin (Progressistas) participou nesta terça-feira (3) pela primeira vez de um encontro com todos os três deputados estaduais de seu partido e os quatro deputados - três estaduais e um federal - do União Brasil.

Participaram Altair Silva, Pepê Collaço e Zé Milton, do PP, e Sérgio Guimarães, Jair Miotto, Marcos da Rosa e Fábio Schiochet, do União. 

De acordo com a nota oficial divulgada pela federação, a reunião teve como foco “o alinhamento político e alguns encaminhamentos em busca da unidade”.

O nome de Amin é unanimidade dentro da federação para disputar uma vaga no Senado nas eleições de 2026, assim como Zé Milton deve disputar uma cadeira na Câmara dos Deputados.

📲 LEIA A MATÉRIA COMPLETA EM LITORALMAIS.NET",0,"06/04/2025 13:09",https://www.instagram.com/p/DKfeSAiOUoG/,"Imagem do Instagram",,Total,5979,4399,143,7,2,4,0
18074181136912513,17841401444333135,pepecollaco,"Pepê Collaço","Parabéns pelos 130 anos, Colégio São José! 🎉
Tive a honra de estudar aí — e ainda mais orgulho em ver minhas filhas seguindo os mesmos passos. 🏫✨
Foram anos incríveis, de aprendizado, amizades e memórias que levamos pra vida.
Que venham muitos outros capítulos dessa história tão bonita! 💙

#130AnosCSJ #ColégioSãoJosé #MemóriaeMissão #HistóriaViva #OrgulhoDeSerSJ #Gratidão #EducaçãoTransforma #FamíliaSãoJose",112,"06/04/2025 10:19",https://www.instagram.com/reel/DKfKnJ1ObYy/,"Reel do Instagram",,Total,17623,13125,209,11,1,11,0
17872395294363180,17841404156491115,deputadozemilton,"Zé Milton","União progressista cada vez mais forte! 💪🇧🇷

Ontem foi dia de reunir com os deputados da federação entre PP e União Brasil, junto com nosso senador Esperidião Amin, para consolidar ainda mais a maior força política de Santa Catarina e do Brasil.

Ideias alinhadas, propósitos compartilhados e vontade de construir um futuro com diálogo, responsabilidade e compromisso com o povo catarinense. 

A federação une experiência, trabalho e resultados para o nosso estado!  Seguimos juntos, por Santa Catarina e pelo Brasil! 💙💛 

#UniãoProgressista #SantaCatarina",0,"06/04/2025 04:00",https://www.instagram.com/p/DKefaPjRVDC/,"Imagem do Instagram",,Total,7812,5648,205,5,0,0,0
18102293161547375,17841401827177081,assembleiasc,ALESC,"Instituir a educação moral e cívica nas escolas estaduais é o que pretende um projeto de lei em análise na Alesc. O autor do texto, deputado @pepecollaco (PP), responde às dúvidas dos nossos seguidores no quadro Deputado Responde desta semana. Confira!

#DeputadoResponde #EducaçãoMoralECívica #Alesc",151,"06/03/2025 15:57",https://www.instagram.com/reel/DKdMhbAMO4m/,"Reel do Instagram",,Total,6777,4235,143,19,1,85,0
18084262303675953,17841404807515259,deputadoaltairsilva,"Altair Silva","Conversa boa, produtiva e muito positiva para os rumos do @progressistas em Santa Catarina! 👊",0,"06/03/2025 11:17",https://www.instagram.com/p/DKcsphTsXB5/,"Imagem do Instagram",,Total,26798,17901,747,31,12,175,0
18064681586101241,17841401827177081,assembleiasc,ALESC,"A Amanda Santos trouxe o filho Gael até a Alesc para explicar um pouco sobre a importância dos cordões que servem para identificar deficiências e doenças ocultas. Confira e acolha você também quem mais precisa!

#Inclusão #CordõesdeIdentificação #Neurodiversidade #PCD #Alesc",77,"06/03/2025 07:55",https://www.instagram.com/reel/DKcVONfg-mJ/,"Reel do Instagram",,Total,44283,30169,1028,335,21,68,0
17913346503105622,17841401444333135,pepecollaco,"Pepê Collaço","VAI TER CANTEIRO DE OBRA NOSSA EM IMBITUBA!🚧

O mandato tá chegando em Imbituba com boas notícias: R$ 800 mil em recursos garantidos para obras que fazem a diferença! 💰💪
É trabalho que aparece, é compromisso com a nossa região! 👊🌊

#Imbituba #MandatoPresente #RecursosGarantidos #TrabalhoQueTransforma #MaisObras #CompromissoComAsPessoas #SulDeSC",67,"06/02/2025 12:02",https://www.instagram.com/reel/DKaMajDpBO1/,"Reel do Instagram",,Total,19891,13326,337,10,4,76,3
17922807051089857,17841401444333135,pepecollaco,"Pepê Collaço","📍 **ESTAR PERTO FAZ TODA A DIFERENÇA!** 🚗✨

Passamos por Agronômica, Trombudo Central, Rio do Sul, Presidente Getúlio, Vitor Meireles, Rio do Campo, Witmarsum e Ituporanga. Cada visita nos reforça como é essencial ouvir, dialogar e fortalecer as lideranças que constroem o futuro de nossas regiões. 🙌

Agradecemos a receptividade dos prefeitos, vereadores e todas as lideranças que nos acolheram tão bem. Juntos, seguimos construindo caminhos e soluções para melhorar a vida de cada catarinense! 🌟🤝

#CatarinensesUnidos #DiálogoRegional #LiderançaLocal #DesenvolvimentoSC #PertoDasPessoas #SantaCatarina",0,"05/30/2025 18:27",https://www.instagram.com/p/DKTKuzxI2Rm/,"Carrossel do Instagram",,Total,16838,5230,187,11,1,7,1
18071952154937645,17841406794096441,gazetamais,Gazeta+,"Deputado Pepê Colaço visita Witmarsum onde se comprometeu com a destinação de recursos para aquisição da Usina de Concreto e outras demandas prioritárias do município 

Durante a visita ao Vale Norte o parlamentar se comprometeu com as demandas do município de Presidente Getúlio assegurando até o final do ano a quantia de R$1 milhão de reais.
@pepecollaco",333,"05/30/2025 14:22",https://www.instagram.com/reel/DKStuh_vuuH/,"Reel do Instagram",,Total,2823,1811,44,3,0,0,0
18006845717596868,17841401938643271,marlongoed,"Marlon Goede","Recebemos a visita do Deputado Pepe Collaço, que chegou com ótimas notícias para Trombudo Central 🎉

Foi confirmado o primeiro recurso para a AMA, além de investimentos para a compra da usina que vai impulsionar ainda mais o desenvolvimento do nosso município! ✅

Seguimos confiantes com o futuro de Trombudo Central! O trabalho continua, e o melhor ainda está por vir! 🚀💙

#trombudocentral #recursos #melhoriasemtrombudocentral #novidades",49,"05/29/2025 14:09",https://www.instagram.com/reel/DKQIPZkREXz/,"Reel do Instagram",,Total,6147,3334,148,7,1,17,0
18279707899264318,17841401444333135,pepecollaco,"Pepê Collaço","É FESTA!🎉A apresentação da @camerataflorianopolis foi maravilhosa fechando com chave de ouro o aniversário de Tubarão. 
Parabéns prefeito @sorattojr e toda a sua equipe por essa festa marcante. Conte comigo pra continuar desenvolvendo a nossa cidade Azul.",89,"05/28/2025 11:51",https://www.instagram.com/reel/DKNTQcNJw4m/,"Reel do Instagram",,Total,19247,13437,491,41,11,35,7
18078836737801140,17841401444333135,pepecollaco,"Pepê Collaço","VIVA TUBARÃO! 🦈 Quem ama nossa cidade compartilha! 🫶",43,"05/27/2025 17:38",https://www.instagram.com/reel/DKLWa5BIV8r/,"Reel do Instagram",,Total,51627,35657,1014,81,9,69,14
18272114662274101,17841401444333135,pepecollaco,"Pepê Collaço","🦈Tubarão, 155 anos! 🎉
Cada conquista, cada passo, cada sonho realizado: tudo por ti, cidade azul!
Sou filho dessa terra e é por ela que trabalho todos os dias.
Mais de R$ 16 milhões em investimentos, cuidado com os detalhes que transformam vidas e um compromisso que segue firme com o teu futuro!

Parabéns, Tubarão!
Que venham muitos anos de desenvolvimento, união e amor por essa terra querida.

#Tubarão155Anos #CidadeAzul #AmorPorTubarão #TrabalhoQueTransforma #CompromissoComAVida #ParabénsTubarão #PepeCollaço #RaizForteFuturoFirme",0,"05/27/2025 10:32",https://www.instagram.com/p/DKKl-IWux6K/,"Carrossel do Instagram",,Total,2474,1478,45,7,0,3,0
18083835709674126,17841401444333135,pepecollaco,"Pepê Collaço","Reunião produtiva com o Governador @jorginhomello e a bancada do Progressistas!🤝
Diálogo aberto, alinhamento de pautas e foco no desenvolvimento de Santa Catarina. Seguimos com compromisso e trabalho!

#Progressistas #SantaCatarina #TrabalhoPeloPovo #CompromissoComSC #PolíticaQueTransforma #GestãoEficiente #UnidosPorSC #BancadaDoTrabalho",0,"05/27/2025 07:36",https://www.instagram.com/p/DKKRzJlujpZ/,"Imagem do Instagram",,Total,25370,20966,583,32,11,19,9
18197469424308055,17841401207774227,viviangselig,"Vivian Garcia Selig","Com o coração partido, comunicamos a todos o adiamento da entrega do Título de Cidadã Catarinense, que aconteceria amanhã, 26/05/2025, às 19h, na Alesc.

Em breve, estarei de volta com toda a minha energia, e marcaremos uma nova data para esse momento tão especial.

Minha gratidão ao @pepecollaco , @assembleiasc , familiares, colegas e amigos que me apoiam e que estariam presentes no evento.",95,"05/25/2025 07:00",https://www.instagram.com/reel/DKFDmm0u2T5/,"Reel do Instagram",,Total,17930,8088,591,22,18,119,0
18069643852793040,17841401444333135,pepecollaco,"Pepê Collaço","Que Jesus esteja sempre contigo. Te amamos filha! ❤️

Um dia especial e cheio de fé!
Hoje a nossa Manu deu um passo importante na fé: recebeu a Primeira Comunhão.
Com o coração puro e cheio de luz, ela nos encheu de orgulho e emoção. Que esse seja apenas o começo de uma vida guiada pelo amor de Deus, pela fé e pela bondade.

Família reunida, coração em festa e gratidão!🙏 

#PrimeiraComunhão #Família #Fé #Amor #Manu #Gratidão #JesusNoCoraçã",0,"05/24/2025 14:44",https://www.instagram.com/p/DKDUZW8RZHc/,"Carrossel do Instagram",,Total,11668,7656,432,0,4,16,3
18209123872306993,17841401444333135,pepecollaco,"Pepê Collaço","Boa notícia chegando pra Antônio Carlos! 🤭

R$350 mil garantidos para a pavimentação de ruas importantes, como a Rua Saul Scherer e a Rua Zeno Pauli, que vão integrar um novo binário viário no município!

Mais mobilidade, mais qualidade de vida e mais segurança pra quem vive e circula por aqui.
Acompanhe de perto o andamento dessa obra que vai transformar o dia a dia da nossa gente!

É investimento que faz a diferença!

#AntônioCarlos #PavimentaçãoImportante #NovosBinários #MaisMobilidade #ObraQueTransforma #CaminhoDoDesenvolvimento #SC",32,"05/23/2025 09:29",https://www.instagram.com/reel/DKALTQwO44g/,"Reel do Instagram",,Total,5077,13787,132,5,4,5,1
17892233547126676,17841401444333135,pepecollaco,"Pepê Collaço","Como é bom receber vocês! 💕 @redefemininatubarao contem comigo nessa causa de combate ao câncer, vocês fazem um trabalho lindo que deve ser reconhecido.",0,"05/21/2025 13:40",https://www.instagram.com/p/DJ7eqtLJ_x6/,"Carrossel do Instagram",,Total,7789,4645,198,10,2,6,1
18032916341372165,17841401444333135,pepecollaco,"Pepê Collaço","PRESTAÇÃO DE CONTAS NA ACIT ✍️
Mais de R$ 56 milhões investidos no Sul, com foco em saúde, mobilidade, inclusão e desenvolvimento regional. Compromisso firme com quem vive aqui!

#PepêCollaço #MandatoPresente #SulDeSC #ACIT #PrestaçãoDeContas",99,"05/20/2025 13:10",https://www.instagram.com/reel/DJ413Y1pibY/,"Reel do Instagram",,Total,10512,8333,121,14,1,11,0
18124435768439845,17841401444333135,pepecollaco,"Pepê Collaço","PepêReborn em ação pra mostrar como se faz política: Prestando Contas do trabalho!😉

O balanço do nosso mandato será apresentado hoje na ACIT, mostrando o impacto do nosso mandato na nossa região.",11,"05/19/2025 12:23",https://www.instagram.com/reel/DJ2L2MWJKqq/,"Reel do Instagram",,Total,15860,11448,108,17,1,7,2
17952983864958171,17841401444333135,pepecollaco,"Pepê Collaço","100 anos de Santa Teresinha
Hoje a Igreja celebra 100 anos da canonização de Santa Teresinha do Menino Jesus.
Ela nos mostrou que é possível ser santo nas pequenas coisas, com amor, fé e simplicidade.

Com muita alegria e honra, nossa família foi escolhida para representar São Luís e Santa Zélia, os pais de Teresinha, também santos.
É uma emoção grande dar vida a essa família que viveu o amor de Deus no dia a dia.

Que o exemplo deles nos inspire sempre.

#SantaTeresinha #SãoLuísESantaZélia #FamíliaSanta #100AnosDeFé #PequenoCaminho #ComAmorESimplicidade",95,"05/19/2025 03:00",https://www.instagram.com/reel/DJ1L0SfuSBB/,"Reel do Instagram",,Total,5182,13429,268,19,1,28,4
17975667305722624,17841458666293987,mathiasluiz_fotografia,"Mathias luiz | Fotografo","Tradição que vem do mar
A pesca da tainha é mais que um ofício
é cultura, é raiz, é comunidade.
Todo ano, quando o frio chega, o litoral se une em torno dessa herança que atravessa gerações.
Entre redes, cantos e olhares atentos ao mar, renasce a alma de um povo.

🎣 Respeito, trabalho e conexão com a natureza.
Essa é a magia da tainha.",63,"05/18/2025 08:07",https://www.instagram.com/reel/DJzKD5GO9DW/,"Reel do Instagram",,Total,22171,14824,753,57,12,24,0
18171636766335912,17841401444333135,pepecollaco,"Pepê Collaço","TOMBO DA POLENTA: TRADIÇÃO QUE NOS UNE!🇮🇹

Uma panela gigante, muita polenta e um povo que valoriza suas raízes!
O Tombo da Polenta é mais do que uma festa: é cultura, história e identidade do nosso interior catarinense.

A valorização das tradições regionais é essencial para fortalecer o turismo, movimentar a economia local e preservar o que temos de mais autêntico. A Festa no Morro da Fumaça estava linda 
Vamos seguir defendendo políticas públicas que incentivem o turismo cultural e o orgulho de ser catarinense!

#TomboDaPolenta #CulturaCatarinense #TradiçãoQueGeraRenda #PepêCollaço #SCLevadoASério #TurismoCultural",30,"05/17/2025 08:18",https://www.instagram.com/reel/DJwkgU0OWtF/,"Reel do Instagram",,Total,8814,20424,290,23,5,18,1
18045077033616741,17841401444333135,pepecollaco,"Pepê Collaço","ESTÁGIO VISITA DA ALESC 🚀

Uma experiência única no coração do parlamento! Nossos dois estagiários participaram do programa Estágio Visita da ALESC, vivenciando o dia a dia de um deputado estadual: acompanharam sessões, comissões e até manifestações da sociedade sobre os projetos em votação. 

Uma imersão real na política catarinense, porque formar cidadãos mais conscientes é também fortalecer a democracia. 

Você participaria de uma imersão como essa?",0,"05/15/2025 11:18",https://www.instagram.com/p/DJrxrB0p7S-/,"Imagem do Instagram",,Total,3767,2663,117,3,1,4,1
18012777398535033,17841401444333135,pepecollaco,"Pepê Collaço","UNIÃO PROGRESSISTA! ⤴️

Deixe sua dúvida aqui🙌",0,"05/13/2025 11:30",https://www.instagram.com/p/DJmpZLWJKWU/,"Carrossel do Instagram",,Total,7686,5218,113,26,3,6,2
17903830161168660,17841401444333135,pepecollaco,"Pepê Collaço","REGIÃO SERRANA, obrigado! 

É na estrada ouvindo a população, conversando e conhecendo a realidade de todo o estado que a gente entende a verdadeira política. Gratidão a todo o acolhimento e carinho. A Serra é linda e também tem meu coração. 👊🫶",80,"05/09/2025 11:59",https://www.instagram.com/reel/DJcYcGlJzlY/,"Reel do Instagram",,Total,21743,16521,272,20,8,14,1
18065668043088437,17841401444333135,pepecollaco,"Pepê Collaço","🌎 Uma ferrovia pode mudar tudo.
🚂 Santa Catarina no centro de uma rota internacional? Isso é mais que possível — é estratégico!

Do Atlântico ao Pacífico, o #CorredorBioceânico pode conectar o Sul do Brasil ao mundo 🌐.
Mas... será que vai sair do papel? Ou vamos continuar parados no tempo?

⏳ Chegou a hora de cobrar visão de futuro!

#SantaCatarina #FerroviaBioceânica #InfraestruturaJá #SulDoBrasil #Conesul #Geopolítica #Exportação #Desenvolvimento #BrasilQueAvança #ConectadosComOMundo #VisãoDeFuturo",104,"05/07/2025 14:54",https://www.instagram.com/reel/DJXjc4SpTRz/,"Reel do Instagram",,Total,45935,36621,549,106,6,25,6
18110730832491953,17841404807515259,deputadoaltairsilva,"Altair Silva","Primeira reunião da bancada @uniaoprogressistaupb na Alesc!

Um passo importante para alinhar ideias, fortalecer parcerias e construir juntos um caminho de mais diálogo e resultados para Santa Catarina. 💬🤝

Que seja o começo de uma atuação ainda mais unida e eficiente no parlamento!",0,"05/06/2025 14:21",https://www.instagram.com/p/DJU7cmAyreh/,"Imagem do Instagram",,Total,42866,33196,450,31,5,16,0
17928987698935529,17841401444333135,pepecollaco,"Pepê Collaço","Política de verdade é assim! 🎯",0,"05/05/2025 16:33",https://www.instagram.com/p/DJSlu47pky0/,"Imagem do Instagram",,Total,3837,2859,96,9,0,7,0
18326845795161703,17841401444333135,pepecollaco,"Pepê Collaço","💥 TRUMP QUER DERRUBAR O DÓLAR? 🤔

📉 Em 1985, os EUA desvalorizaram o dólar com o Acordo Plaza. Agora, Trump propõe o “Acordo de Mar-a-Lago” para repetir a estratégia. O objetivo? Fortalecer a indústria americana e reduzir o déficit comercial. Mas, num cenário global diferente, será que isso funcionará ou causará instabilidade mundial?

#Trump #Dólar #EconomiaGlobal",144,"05/02/2025 14:13",https://www.instagram.com/reel/DJKnBMKptDy/,"Reel do Instagram",,Total,12329,9566,176,20,2,18,2
17890609278126232,17841401444333135,pepecollaco,"Pepê Collaço","O trabalho é a força que move Santa Catarina! 💪🏼

Neste 1º de Maio, celebramos todos os catarinenses que, com dedicação, coragem e esperança, constroem um estado cada vez melhor. Parabéns, trabalhador e trabalhadora! 👷🏽‍♀️

#DiaDoTrabalhador #SantaCatarinaQueTrabalha #OrgulhoDeQuemFaz",0,"05/01/2025 10:00",https://www.instagram.com/p/DJHlptsJoT1/,"Imagem do Instagram",,Total,3667,2954,30,12,0,3,0
17986268183665368,17841401444333135,pepecollaco,"Pepê Collaço","DEIXA AQUI TUA OPINIÃO! ⬇️",0,"04/30/2025 09:52",https://www.instagram.com/p/DJE_3d8uQLx/,"Carrossel do Instagram",,Total,4338,2800,66,11,0,11,0
17933759037011144,17841404807515259,deputadoaltairsilva,"Altair Silva","Hoje foi dia de celebrar um novo capítulo na política do @progressistas ! Participamos do ato de oficialização da União Progressista, a federação entre o Progressistas e o @uniaobrasil44 . Um passo importante na construção de um projeto sólido, moderno e comprometido com o futuro do nosso país. 🤝

🙌 Celebramos esse momento juntamente com o deputado @pepecollaco e com André Hespanhol, chefe de gabinete do @deputadozemilton , que não pode estar presente por um motivo muito especial: o nascimento da sua netinha! 

Juntos, reafirmamos nosso compromisso com uma federação que já nasce forte, com a maior bancada na Câmara Federal e o maior número de prefeitos do Brasil! 🇧🇷

#UniaoProgressista #Politica #Progressistas #UniaoBrasil #FederacaoUP",65,"04/29/2025 15:31",https://www.instagram.com/reel/DJDBBV0SE0b/,"Reel do Instagram",,Total,10944,7007,375,52,5,27,0
17988282413654369,17841401444333135,pepecollaco,"Pepê Collaço","TRADIÇÃO EM AÇÃO 🇮🇹🔥🐎

Celebrando os 148 anos da imigração italiana no sul de Santa Catarina, aproveitei pra mostrar pras meninas um pouco da nossa tradição, com direito a polenta do famoso Tombo da Polenta, participei do Pálio de Azambuja — a tradicional corrida de cavalos — e também do Corte de Toras, simbolizando o esforço dos primeiros imigrantes na transformação da mata virgem. ￼

Valorizo presença, cultura e nossas raizes! Que festa, parabéns @agnaldofilippi 

#FestaDaColôniaAzambuja #TradiçãoItaliana #PepêCollaço #CulturaViva #SC #Polenta #PálioDeAzambuja #CorteDeToras #IdentidadeCatarinense #RaízesItalianas",71,"04/27/2025 13:59",https://www.instagram.com/reel/DI9sgr3pCy7/,"Reel do Instagram",,Total,10384,17966,410,54,11,22,2
17952404066812876,17841401444333135,pepecollaco,"Pepê Collaço","Notícias da semana! ↔️",0,"04/27/2025 06:08",https://www.instagram.com/p/DI836oJu4cN/,"Carrossel do Instagram",,Total,4294,2580,57,6,0,3,1
18461491570079882,17841401444333135,pepecollaco,"Pepê Collaço","SEXTOUU COM CHEIRINHO DE ASFALTO NOVO! 🎉

Essa é a revitalização da SC-437 em Pescaria Brava, resultado de quem acredita que política levado a sério. 🛣️

Em Pescaria Brava, o bairro Barreiros está vivendo uma transformação de verdade: 4,5 km de revitalização com pavimentação de qualidade e compromisso com as pessoas! 🏗️

E mais do que asfalto, é respeito com quem vive aqui todos os dias. 🤝 Obra bem feita, com recursos garantidos e apoio firme do nosso mandato! 💪

Vamos seguir assim: fazendo, entregando e cuidando de cada região de Santa Catarina. 🌟

#SegueOMandato
#ObraEntregue
#InfraestruturaÉPrioridade
#PescariaBrava
#Barreiros
#PepêCollaço #JorginhoMello 
#SCLevadoASério
#MandatoQueEntrega",50,"04/25/2025 10:13",https://www.instagram.com/reel/DI4JyZ2pTro/,"Reel do Instagram",,Total,31466,23080,370,54,10,81,3
17859225378405498,17841401444333135,pepecollaco,"Pepê Collaço","🕊️ Um ciclo se encerra no Vaticano!

A transição no papado é mais que uma mudança de liderança: é um momento que ecoa na fé, na política e na cultura global. Assista ao vídeo completo e reflita sobre o impacto desse novo capítulo. 

#PapaFrancisco #Conclave2025 #IgrejaCatólica #Legado #HistóriaEmCurso #ReflexãoGlobal",102,"04/23/2025 08:02",https://www.instagram.com/reel/DIyxPUip-91/,"Reel do Instagram",,Total,26726,20927,423,35,4,14,2
17858706549405553,17841401444333135,pepecollaco,"Pepê Collaço","ABRIL AZUL 🩵

Defendendo o autismo por mais inclusão!",0,"04/22/2025 14:48",https://www.instagram.com/p/DIw7aPjJaLp/,"Imagem do Instagram",,Total,4958,4112,105,22,0,12,1
18499868884003362,17841401987436586,deputadoivannaatz,"Deputado Ivan Naatz","📜🌊 UMA BOA NOTÍCIA SOBRE A REDRAGAGEM DO RIO TUBARÃO! 

✅ Aprovamos na @assembleidasc a redragagem do Rio Tubarão na Lei de Diretrizes Orçamentárias (LDO) de 2026! A Bancada do Sul, liderada pelo amigo deputado @pepecollaco, garantiu um investimento de 10% dos R$ 700 milhões financiados pelo Banco Mundial (Bird) para a Bacia do Rio Tubarão.

O projeto de atualização da redragagem está sendo desenvolvido pelo Ceped/UFSC e deve ser concluído até dezembro deste ano. Além disso, aprovamos o PL 0090/2025, que autoriza o Governo do Estado a contratar um crédito de 💰 US$ 119,2 milhões com o Bird para aumentar a resiliência climática e reduzir riscos de desastres em SC.

Mais um passo para esse importante projeto! ✍

#RioTubarão #Desenvolvimento #SantaCatarina",0,"04/22/2025 07:35",https://www.instagram.com/p/DIwJ0NsNE-h/,"Imagem do Instagram",,Total,7866,6143,362,7,1,20,0
17844062757466482,17841401444333135,pepecollaco,"Pepê Collaço","Feliz Páscoa! 🙏",0,"04/20/2025 06:02",https://www.instagram.com/p/DIq1pfGOX6B/,"Imagem do Instagram",,Total,2771,2135,30,12,0,3,0
18456018196075876,17841401444333135,pepecollaco,"Pepê Collaço","TENSÃO ENTRE GIGANTES 🇨🇳🇺🇸

China x EUA… e no meio disso tudo, o Brasil pode sair ganhando!
Nosso agro pode ser o grande protagonista dessa nova disputa comercial.
Mas a pergunta é: estamos prontos?

#AgroÉBrasil #MercadoGlobal #ComércioExterior #Taxação #ChinaEUA #SojaBrasileira #Economia #BrasilNoJogo #LagunaSC #OportunidadeInternacional",85,"04/19/2025 13:08",https://www.instagram.com/reel/DIpA9Kap7c7/,"Reel do Instagram",,Total,20789,16994,258,21,1,20,1
17863994319380687,17841401444333135,pepecollaco,"Pepê Collaço","Notícias da semana! ➡️",0,"04/18/2025 04:24",https://www.instagram.com/p/DIlgzijO72_/,"Carrossel do Instagram",,Total,5355,2921,81,14,0,2,0
18064463291059195,17841401444333135,pepecollaco,"Pepê Collaço","VITÓRIA PARA O RIO TUBARÃO! ✅ O GOVERNO DO ESTADO VAI INCLUIR A REDRAGAGEM DO RIO TUBARÃO NA LDO DE 2026!

Essa conquista é resultado da articulação da Bancada do Sul, que garantiu o compromisso do Estado com uma das obras mais aguardadas pela nossa região.

💬 “É demorado, é complexo — mas está andando. E esse é o nosso papel.” 

#RedragagemJá #RioTubarão #PepêCollaço #SulDeSC #LDO2026 #VitóriaDoSul #TrabalhoQueEntrega #SegurançaParaTodos #UFSC #DefesaCivil",52,"04/16/2025 14:57",https://www.instagram.com/reel/DIhbyUfJ64i/,"Reel do Instagram",,Total,18129,21269,263,23,7,34,2
18277723690268996,17841408315916041,extrasc,extra.sc,"Bancada do Sul havia incluído uma emenda em um projeto do executivo para garantir investimentos na bacia.

Leia em EXTRA.SC. Link nos stories",0,"04/16/2025 10:11",https://www.instagram.com/p/DIg-9b1uN8H/,"Imagem do Instagram",,Total,2685,2071,46,3,0,0,0
18026994659437276,17841401444333135,pepecollaco,"Pepê Collaço","MORRO DOS CAVALOS VAI TRANCAR DE NOVO? 👀

Com as chuvas, o trecho voltou a ser interditado. Precisamos garantir alternativas viáveis para manter Santa Catarina conectada.

O Governo do Estado estuda um novo contorno de 14 km. Também há  necessidades de avanço nas rotas São Bonifácio–São Martinho e SC-108, em Anitápolis. Seguimos acompanhando e reforçando a importância dessas obras para o escoamento e a segurança da nossa região.

#PepêCollaço #InfraestruturaSC #MorroDosCavalos #RotasAlternativas #DesenvolvimentoRegional",82,"04/14/2025 09:34",https://www.instagram.com/reel/DIbw60lO7Xl/,"Reel do Instagram",,Total,4376,14872,111,18,4,8,0
18025943711456911,17841401444333135,pepecollaco,"Pepê Collaço","INVESTIMENTO DIRETO NA AMUREL! 🚀

No programa SC levada a sério foi liberado milhões de reais para todos os prefeitos da nossa região, na busca de que nossas cidades se desenvolvam com grandes projetos. Estamos juntos! 👊",0,"04/11/2025 16:23",https://www.instagram.com/p/DIUxjk5JhX7/,"Carrossel do Instagram",,Total,5564,2946,74,7,0,3,1
18024454667660218,17841401444333135,pepecollaco,"Pepê Collaço","🚧 ROTAS ALTERNATIVAS! ❌

O Sul de SC não pode ficar isolado 🛣️
💥 Pedimos ao Governo do Estado atenção imediata à SC-108 e SC-435. São só 20km que fazem toda a diferença!
👉 Segurança, economia e mobilidade para quem vive aqui.
📢 Vamos juntos pressionar por agilidade!

#RotasAlternativas #SC108Já #SulDeSC #MobilidadeUrgente #SC435 #Infraestrutura #NãoPodemosEsperar #MaisConexão #SulForte",89,"04/10/2025 10:26",https://www.instagram.com/reel/DIRjg_NJfyU/,"Reel do Instagram",,Total,12898,10745,118,14,2,8,0
17939735817003827,17841401444333135,pepecollaco,"Pepê Collaço","💪 Seguimos firmes na luta pela redragagem do Rio Tubarão! 

O novo estudo está sendo realizado pela UFSC e deve ficar pronto até o fim de 2025. Mais um passo importante pra tentar tirar essa obra do papel e proteger nossa região das enchentes. 🚜🌊 #PepêCollaço #DragagemJá #SegurançaParaOTubarão",0,"04/09/2025 15:00",https://www.instagram.com/p/DIPec4qJhep/,"Imagem do Instagram",,Total,4010,2921,50,11,1,3,1
17952257786806571,17841408315916041,extrasc,extra.sc,"“O que falta para entenderem que se trata de uma obra prioritária?”, questiona o deputado Pepê Collaço.

Leia em EXTRA.SC. Link nos stories",0,"04/08/2025 16:32",https://www.instagram.com/p/DINEJzNJAjq/,"Imagem do Instagram",,Total,3390,2645,46,0,0,2,0
18042009116167436,17841401444333135,pepecollaco,"Pepê Collaço","TRAGÉDIA ANUNCIADA! ❌

🚨 O acidente do final de semana escancarou o descaso com uma das passagens mais importantes para a economia do sul catarinense. Já são anos de promessas, ofícios, respostas burocráticas... e nada sai do papel. 😤

📢 Chega de enrolação! O sul de SC precisa de respeito. O túnel no Morro dos Cavalos é urgente e tem que sair do papel AGORA! 🛣️💥

#MorroDosCavalos #SulDeSC #InfraestruturaJá #Urgência #Desenvolvimento #Economia #SC #BancadaDoSul #ObraPrioritária #GovernoFederal #TragédiaAnunciada #ChegaDePromessas",94,"04/08/2025 15:13",https://www.instagram.com/reel/DIM6vKTJ0X7/,"Reel do Instagram",,Total,19825,15834,257,25,5,15,2
18075219283763864,17841401444333135,pepecollaco,"Pepê Collaço","QUEM PAGA ESSA CONTA SOMOS NÓS!🚨 

Precisamos da BR-101 para trabalhar, viver, transportar nossas mercadorias, conectar o Sul ao Brasil e ao mundo.
Até quando vamos conviver com tragédias como essa?

O Sul de Santa Catarina clama por respeito. O túnel no Morro dos Cavalos é urgente e inadiável!

Se você também está cansado de esperar, COMPARTILHE!
✊ Juntos somos mais fortes!

#BR101Já #TúnelMorroDosCavalos #SulClamaPorRespeito #ChegaDeTragédias #SCemMovimento #InfraestruturaJá #SulConectado #UrgênciaJá #MobilidadeSegura",0,"04/07/2025 07:58",https://www.instagram.com/p/DIJkklxuONz/,"Imagem do Instagram",,Total,707108,641852,9856,460,41,849,345
18122543977431907,17841401444333135,pepecollaco,"Pepê Collaço","Precisamos ser ouvidos! Deixe aqui seu comentário!",84,"04/06/2025 17:48",https://www.instagram.com/reel/DIIC_kbJVqp/,"Reel do Instagram",,Total,22030,22621,210,90,1,24,10
18060897467288007,17841401444333135,pepecollaco,"Pepê Collaço","Que tristeza! 😱

Acidentes como este são frequentes no Morro dos Cavalos. Sabemos que é um gargalo que compromete a mobilidade em todo o estado — especialmente no Sul de Santa Catarina.

Por isso, há anos reivindicamos a inclusão do túnel no novo contrato de concessão da ANTT e da Arteris. Não podemos aceitar menos que isso. É uma obra complexa, sim, mas absolutamente necessária. Cenas como essas são tristes, mas, infelizmente, comuns nesse trecho.

📸 via WhatsApp.",52,"04/06/2025 11:47",https://www.instagram.com/reel/DIHZyEYJWM-/,"Reel do Instagram",,Total,13690,8764,248,115,6,16,5
17879469606275734,17841401444333135,pepecollaco,"Pepê Collaço","NOTÍCIAS DA SEMANA! 🗞️ arrasta! ↔️",0,"04/05/2025 11:45",https://www.instagram.com/p/DIE079DJKJa/,"Carrossel do Instagram",,Total,5310,3684,70,12,2,15,0
17920489784962480,17841401444333135,pepecollaco,"Pepê Collaço","🚧 Promessa feita, promessa cumprida! 💪
Hoje entregamos mais uma obra em Pescaria Brava: pavimentação com lajotas que sai do papel graças ao nosso trabalho conjunto com a comunidade 👏

É mais mobilidade, segurança e dignidade pra quem vive aqui! 🌟
E pode esperar que vem mais por aí... 🚀

#PescariaBrava #ObraEntregue #Pavimentação #TrabalhoQueTransforma #TamoJunto #PepeCollaço #SantaCatarina #MaisResultados #CompromissoCumprido #LajotaNaRua",52,"04/04/2025 14:46",https://www.instagram.com/reel/DICkD46J_M5/,"Reel do Instagram",,Total,16994,18971,506,47,6,56,5
17872232733331297,17841401316586042,sorattojr,Soratto,"🚧 O prolongamento da Av. Pedro Zapelini será uma obra completa, com drenagem, pavimentação e iluminação pública!",75,"04/03/2025 13:59",https://www.instagram.com/reel/DH_6gapJpoD/,"Reel do Instagram",,Total,12731,7644,463,20,2,31,0
18119881696439378,17841471734688580,prefeiturawitmarsum,"Prefeitura de Witmarsum, Santa Catarina.","📌Comitiva representando o Município de Witmarsum, se reúne com o Secretário de Estado da Saúde Diogo Demarchi Silva, Presidente da Assembleia Legislativa do Estado de Santa Catarina, Deputado Julio Garcia, e com os Deputados Pepê Colaço e Antídio Lunelli.

📎Na Terça-feira, 01 de abril, a Comitiva composta pelo Prefeito de Witmarsum Pauli Zerna, Vice-Prefeito Sergio Borges e Secretário de Saúde Sérgio Luiz Padoin, esteve na Capital do Estado de Santa Catarina para cumprimento de agendas.

📁A primeira agenda do dia foi com o Presidente da Assembleia Legislativa do Estado de Santa Catarina, Deputado Estadual Julio Garcia, e com o Deputado Estadual Pepê Colaço. Após, reuniram-se com o Deputado Estadual Antídio Lunelli.

📂E para finalizar os compromissos, a Comitiva Oficial, representando os interesses do nosso Município, se reuniu com o Secretário De Estado Da Saúde Diogo Demarchi Silva, e também, com o Deputado Estadual Pepê Colaço, em pauta a destinação de recursos públicos estaduais para a realização da Obra de Troca de Cobertura do Hospital Mateus Caled Padoin, de Witmarsum, Santa Catarina.

🚧É oportuno mencionar, que em 15 de junho de 2025, o Hospital Mateus Caled Padoin completará 10 anos da sua reabertura, e durante este período não passou por nenhuma obra de manutenção, o que justifica a atual situação em que se encontra o telhado.

🧱A manutenção do patrimônio público é um dever de todos, e envolve a conservação, preservação e valorização dos nossos bens públicos. A Prefeitura de Witmarsum iniciou o ano de 2025 colocando em prática o Programa de Revitalização dos Prédios Públicos do município. 

*Assessoria de Comunicação.",0,"04/03/2025 13:03",https://www.instagram.com/p/DH_0RyNSThw/,"Carrossel do Instagram",,Total,4041,2055,61,1,0,1,0
18065588152968961,17841434677363589,tiagozilli_,"Tiago Zilli","BANCADA DO SUL ✅

Nova liderança na #BancadaDoSul! 🔄 Deputado Tiago Zilli assumiu a coordenação deixada pelo deputado Pepê Collaço, reforçando o compromisso conjunto pelo desenvolvimento do Sul catarinense. 🤝

Zilli assume com a missão de lutar por cada município da região, destacando a importância da união entre os parlamentares para avançar. 💪 Collaço desejou sucesso ao novo coordenador e seguirá apoiando os trabalhos em favor da nossa região. 👏

#SulDeSC #Política #UniãoPeloSul

📸 @brunocollaco",0,"04/01/2025 13:59",https://www.instagram.com/p/DH6xIX_uYJ0/,"Carrossel do Instagram",,Total,12422,6507,362,67,5,21,0
18073214578668233,17841401444333135,pepecollaco,"Pepê Collaço","AUTISMO DEFENDIDO COM AÇÕES! 🧩👊

Cada pessoa autista trilha uma jornada única. Por isso, nosso compromisso é garantir inclusão, respeito e políticas públicas eficazes.

Na Alesc, já avançamos com:
• Censo do Autismo com a Acafe
• Criação da Frente Parlamentar
• Protocolo Individualizado de Avaliação (PIA)
• Seminários e capacitações

#ConhecerParaIncluir
Comente aqui: o que mais você gostaria de ver na defesa do autismo?",0,"04/01/2025 06:40",https://www.instagram.com/p/DH5-3xUOghS/,"Carrossel do Instagram",,Total,6373,4068,151,40,1,22,0
17884580595143184,17841401444333135,pepecollaco,"Pepê Collaço","Sanga do Lageado o asfalto tá chegando! 🛣️

A obra tá ficando caprichada e aqui tiramos as dúvidas da comunidade.😉

#asfalto #tubarao #tubaraobelasantacatarina #pepêcollaço #sorattoedenis #obra #santacatarina",64,"03/31/2025 08:35",https://www.instagram.com/reel/DH3mbWsOCEL/,"Reel do Instagram",,Total,36769,32483,739,61,9,91,12
18063081418983428,17841401444333135,pepecollaco,"Pepê Collaço","LA BELLA POLENTA! 🍽️🇮🇹

Nada como uma boa polenta pra esquentar o coração e homenagear nossas raízes em todas as versões, inclusive na trend. 😜
Bom Final de semana com sabor de tradição e o orgulho da nossa homenagem ao Tombo da Polenta! 

Viva a cultura italiana! 

#TomboDaPolenta #CulturaItaliana #Polenta #Raízes #Tradição #OrgulhoDeSer",0,"03/29/2025 06:45",https://www.instagram.com/p/DHyRBGBOa-4/,"Carrossel do Instagram",,Total,3830,2127,102,6,0,3,1
18295538335172330,17841401444333135,pepecollaco,"Pepê Collaço","NÓS CHEGAMOS EM GRAVATAL! 🚀

Nossos recursos estão sendo aplicados e foram mais de 2 milhões enviados pra cidade que só está crescendo nessa gestão do Prefeito @cleinils.rodriguesdasilva e @viceprefeito_marcoscorrea 

Saúde, infraestrutura, educação e não para por aí! Fica ligado que vamos chegar na sua cidade 😉",107,"03/28/2025 13:48",https://www.instagram.com/reel/DHwakBvpDEZ/,"Reel do Instagram",,Total,54686,38219,259,16,3,19,1
17982227795671238,17841401444333135,pepecollaco,"Pepê Collaço","Taxar é retroceder! 👊

Só olhar os países que já tentaram fazer essa política que percebemos a ineficiência da mesma. 👎",43,"03/26/2025 13:44",https://www.instagram.com/reel/DHrSMiKJv-W/,"Reel do Instagram",,Total,17631,13727,200,15,0,15,2
18116672923445457,17841401444333135,pepecollaco,"Pepê Collaço","Há 51 anos, Tubarão enfrentava uma das maiores tragédias da sua história.
As águas invadiram ruas, casas e vidas, mas o povo tubaronense respondeu com coragem, trabalho e união.

Hoje, seguimos juntos, defendendo ações que previnam novas catástrofes: redragagens, pontes seguras, descarte de lixo e revisão da APA da Baleia Franca.

Para que o passado não se repita, precisamos agir no presente.
Vamos juntos pelo melhor em Tubarão!

#TubarãoSC #MemóriaColetiva #Enchente1974 #UnidosPorTubarão #PrevençãoÉACaminho #RedragagemJa",0,"03/24/2025 12:05",https://www.instagram.com/p/DHl9vFapcFw/,"Carrossel do Instagram",,Total,62696,32926,907,84,4,20,54
17953865129794752,17841401444333135,pepecollaco,"Pepê Collaço","Nosso mandato tá chegando aí na sua cidade! 😉
Trabalhando por quem mais precisa e fazendo a diferença de verdade. Foi assim na Sanga do Lajeado, onde somamos forças com @juliogarciasc , @esperidiaoamin e @sorattojr para tirar o asfalto do papel — e agora ele já tá sendo colocado! 🛣️

Estamos aqui pra enviar recursos 💰, fiscalizar 👀 e comemorar cada conquista junto com você 🎉
É assim que a boa política transforma vidas!

#MandatoPresente #ObraQueTransforma #SangaDoLajeado #TrabalhoQueAparece #PolíticaComPropósito #MaisInfraestrutura #AsfaltoNovo #SulDeSC #DeputadoEstadual #CaminhoDoDesenvolvimento",44,"03/23/2025 08:26",https://www.instagram.com/reel/DHi-0aZOu9b/,"Reel do Instagram",,Total,44802,38606,507,31,12,43,17
18055633523276891,17841401444333135,pepecollaco,"Pepê Collaço","Notícias da semana! 🗞️🚀

Mais emprego na região, desenvolvimento e valorização da nossa terra.",0,"03/21/2025 14:31",https://www.instagram.com/p/DHegC16JOFj/,"Carrossel do Instagram",,Total,4374,2942,42,8,0,5,0
18061967650981168,17841401444333135,pepecollaco,"Pepê Collaço","SAUDADES MINHAS MENINAS 💕

Papai já tá chegando e com novidades pra toda a região.🫶 

📸 @brunocollaco",0,"03/20/2025 15:02",https://www.instagram.com/p/DHb-0KUO2Xk/,"Carrossel do Instagram",,Total,3051,1507,103,3,0,3,0
18002738894740546,17841401444333135,pepecollaco,"Pepê Collaço","APRENDENDO MANDARIM E IMPULSIONANDO EMPREGOS! 🤝

🇨🇳 Explorando oportunidades na Eikto, China, para impulsionar investimentos no sul do Brasil. Acompanhe nossa jornada! 🙌 #MissãoChina #InvestimentoSul #ConexãoBrasilChina",89,"03/19/2025 09:44",https://www.instagram.com/reel/DHY0Az-Ocus/,"Reel do Instagram",,Total,19828,12709,146,19,1,14,1
17902212381108062,17841408315916041,extrasc,extra.sc,"O principal objetivo da missão é ver de perto tudo o que vai começar a ser produzido no Brasil, na fábrica instalada em Laguna.

Leia em EXTRA.SC. Link nos stories",0,"03/18/2025 03:41",https://www.instagram.com/p/DHVnPQ0OdJy/,"Imagem do Instagram",,Total,2592,2110,44,2,0,0,0
17868875046338716,17841401444333135,pepecollaco,"Pepê Collaço","EUA ❌ CHINA, quem ganha com essa briga? 👀

Deixa sua opinião nos comentários ⬇️",69,"03/17/2025 14:44",https://www.instagram.com/reel/DHUNmaWpYYk/,"Reel do Instagram",,Total,16587,12806,165,20,1,27,1
18024897971416429,17841401444333135,pepecollaco,"Pepê Collaço","🚜🌱 Agora, carne e leite de caprinos e ovinos estão garantidos na alimentação de escolas, hospitais e casas de repouso. Essa iniciativa fortalece nossos produtores rurais e impulsiona a economia local. 

Vamos juntos apoiar a ovinocaprinocultura em Santa Catarina! 🐐🐑 

VOCÊ APROVA ESSA LEI? 
#AgroForte #EconomiaLocal #Ovinocaprinocultura #SantaCatarina",43,"03/15/2025 09:36",https://www.instagram.com/reel/DHOglVhOoZk/,"Reel do Instagram",,Total,18936,14834,175,33,3,20,2
18088031320581318,17841401444333135,pepecollaco,"Pepê Collaço","TAVA TRABALHANDO POR SC 🫡🚀

Os catarinenses merecem nossa dedicação máxima, e estamos aqui fazendo isso. 🙌",0,"03/14/2025 12:17",https://www.instagram.com/p/DHMPKNLp3yu/,"Carrossel do Instagram",,Total,7040,4017,110,11,0,8,1
18036960581617141,17841401827177081,assembleiasc,ALESC,"Na continuidade ao ciclo de reuniões com as bancadas regionais, o presidente da Alesc, @juliogarciasc (PSD), se reuniu com deputados que integram a Bancada do Sul. Em pauta, as demandas consideradas prioritárias para a região, e que deverão ser inseridas nos debates no Legislativo estadual. O grupo é coordenado pelo deputado @pepecollaco (PP). 

#BancadadoSul #BancadasRegionais #SulSC #Alesc",81,"03/12/2025 14:58",https://www.instagram.com/reel/DHHWippRA9F/,"Reel do Instagram",,Total,3647,2424,59,4,1,5,0
18173849383320485,17841401444333135,pepecollaco,"Pepê Collaço","Simplificando os convênios estaduais! 🎯

Agora, apenas a parte repassada pelo Estado conta para o regime simplificado, facilitando o acesso dos municípios aos recursos. Menos burocracia, mais desenvolvimento! Aprovado na CCJ, o projeto segue para as próximas comissões. 🚀🏘️ #Desburocratização #GestãoEficiente #DesenvolvimentoLocal",34,"03/12/2025 11:38",https://www.instagram.com/reel/DHHAvCyJOar/,"Reel do Instagram",,Total,22247,16198,207,24,10,15,1
18026979665380794,17841401444333135,pepecollaco,"Pepê Collaço","MANDE SUA IDEIA EM DEFESA DO AUTISMO! 🧩

Conheça nossas ações: Censo do Autismo e seminários de qualificação. Junte-se a nós e acompanhe de perto nosso compromisso com resultados.",27,"03/10/2025 09:54",https://www.instagram.com/reel/DHBrCX9OzTu/,"Reel do Instagram",,Total,24485,16151,328,84,40,51,8
18298872127213300,17841401444333135,pepecollaco,"Pepê Collaço","O trabalho feito pelas redes femininas de combate ao câncer é algo que inspira as mulheres e também os homens. Nos lembra que as mulheres precisam, sim, de atenção, de respeito e de voz. 💪✨

Com esse exemplo maravilhoso, esperamos que a cada 8 de março possamos celebrar mais conquistas e continuar a almejar que as lutas sejam cada vez melhores. 🌸👩‍🦱🧑‍🦳

Feliz Dia da Mulher! 💖🎉",0,"03/08/2025 04:08",https://www.instagram.com/p/DG8BPT2u1bH/,"Imagem do Instagram",,Total,2500,1693,64,3,0,4,0
17997782018773670,17841401444333135,pepecollaco,"Pepê Collaço","Nosso gabinete está sempre de portas abertas para você! 🎯

Venha nos visitar e compartilhe suas ideias. Juntos, podemos construir um futuro melhor! Não perca essa oportunidade de fazer a diferença.

#GabineteAberto #ParticipaçãoCidadã #PolíticaAtiva #JuntosPeloFuturo",21,"03/06/2025 11:49",https://www.instagram.com/reel/DG3qT-JJBKV/,"Reel do Instagram",,Total,17614,12334,113,30,1,16,1
18039625277407811,17841401444333135,pepecollaco,"Pepê Collaço","🎶🪩PLAYLIST DO GABINETE 34 💃🕺

Ouça com a gente os Hits escolhidos por os membros do nosso Gabiente! 💥",87,"02/28/2025 13:28",https://www.instagram.com/reel/DGoauz3pbAl/,"Reel do Instagram",,Total,31365,21288,312,51,7,17,4
17900553792103617,17841401444333135,pepecollaco,"Pepê Collaço","IMPULSIONANDO A AMREC! 🚀

Ao lado do Governador @jorginhomello, trabalhando para levar mais investimentos e soluções para as cidades da nossa região. Juntos, fortalecemos o desenvolvimento da AMREC! #CompromissoComAMREC #MaisInvestimentos",0,"02/27/2025 15:38",https://www.instagram.com/p/DGmFFH2pBYP/,"Carrossel do Instagram",,Total,17230,8077,230,5,4,7,7
17973933017824137,17841401444333135,pepecollaco,"Pepê Collaço","Bancada Progressistas sempre unida! 🚀🎯

📸 @brunocollaco",0,"02/26/2025 14:08",https://www.instagram.com/p/DGjWBgOpY4Z/,"Imagem do Instagram",,Total,3694,2678,115,2,2,3,1
18060331702956424,17841401444333135,pepecollaco,"Pepê Collaço","Direto da Eikto, a maior empresa de baterias de lítio do MUNDO! 🌍🔥 
✅ Tecnologia de ponta 
✅ +60 empregos gerados (e crescendo!) 

💼 Mais oportunidades, mais renda, mais desenvolvimento pra nossa região! 
Laguna no mapa do mundo!🌎🚀 #Indústria #Emprego #Desenvolvimento",59,"02/25/2025 09:44",https://www.instagram.com/reel/DGgQ44GJ5LW/,"Reel do Instagram",,Total,5234,11900,99,34,17,6,3
18105659794484976,17841401444333135,pepecollaco,"Pepê Collaço","Momentos especiais ao pôr do sol em família! ❤️",0,"02/23/2025 08:29",https://www.instagram.com/p/DGbAzIVJZcT/,"Imagem do Instagram",,Total,5597,4082,262,0,1,4,0
18052754606512499,17841401444333135,pepecollaco,"Pepê Collaço","Arrasta pro lado e confira as notícias da semana! 💪🚀",0,"02/22/2025 10:48",https://www.instagram.com/p/DGYr7uFpRnS/,"Carrossel do Instagram",,Total,4366,2587,80,6,0,7,1
17983229585796745,17841401444333135,pepecollaco,"Pepê Collaço","MAIS RECURSOS PARA A SAÚDE DE JAGUARUNA! 🏥✅

Estive no Hospital de Caridade de Jaguaruna para acompanhar de perto como o recurso de R$100 mil que enviamos está ajudando a manter os atendimentos funcionando! Esse investimento garante mais estrutura para médicos, enfermeiros e, principalmente, para quem mais precisa: a população.

Seguimos trabalhando para fortalecer a saúde e trazer ainda mais melhorias para nossa região! Contem comigo! 💪🔵

#Saúde #Jaguaruna #Hospital #TrabalhoQueGeraResultados #DeputadoEmAção",47,"02/21/2025 11:15",https://www.instagram.com/reel/DGWJwgHJOuB/,"Reel do Instagram",,Total,6167,10747,124,18,7,20,1
18150438484361562,17841401444333135,pepecollaco,"Pepê Collaço","📌 É nas comissões que analisamos os projetos!

Antes de uma lei ser aprovada, ela passa pelo olhar técnico e crítico das comissões da Assembleia Legislativa. E eu faço parte de comissões estratégicas que impactam diretamente a vida dos catarinenses:

✅ CCJ – A comissão mais importante, que analisa a legalidade dos projetos.
✅ Ética e Decoro Parlamentar – Garantindo transparência e responsabilidade.
✅ Segurança Pública – Trabalhando por mais segurança para todos.
✅ Direitos Humanos e Família – Defendendo os valores e direitos fundamentais.
✅ Economia, Ciência, Tecnologia e Inovação – Impulsionando o desenvolvimento do nosso estado.

O trabalho acontece aqui, e é com compromisso e seriedade que seguimos avançando por Santa Catarina! 🚀💪

Comenta aqui: qual dessas áreas você acha mais importante para o futuro do nosso estado? 👇👇

#PepêCollaço #TrabalhoQueTransforma #AssembleiaLegislativa #SantaCatarina #PolíticaComResponsabilidade",0,"02/20/2025 13:02",https://www.instagram.com/p/DGTxoQOyDgf/,"Imagem do Instagram",,Total,5013,3678,106,17,0,4,2
17862952227346721,17841401444333135,pepecollaco,"Pepê Collaço","🚀 MADE IN LAGUNA PRO MUNDO! 🌍🔋

A maior produtora de baterias de lítio do mundo, Eikto, já está operando em Laguna há mais de um ano, graças à nossa articulação com um grupo de empresários. Mas segura essa: vem investimento de R$ 110 milhões para expandir a produção e gerar ainda mais empregos impulsionados pelo Pro-Emprego assinado essa semana. 💼📈

Antes, a produção era para o Brasil. Agora, Laguna vai abastecer o mundo inteiro! 🌎✨

Isso é desenvolvimento, é mais emprego, mais renda pra nossa gente! E com tanta novidade, acho que vou voltar a estudar mandarim… 😆📚

🔥 Me acompanha, porque isso é só o começo! #MadeInLaguna #Empregos #Desenvolvimento #Crescimento",53,"02/19/2025 11:30",https://www.instagram.com/reel/DGRB6APJ08Q/,"Reel do Instagram",,Total,27238,26141,346,101,11,55,7
18063779623906883,17841401444333135,pepecollaco,"Pepê Collaço","COMPROMISSO COM O DESENVOLVIMENTO 💪

Ao lado do governador @jorginhomello e de colegas deputados, atendemos diversos prefeitos da Grande Florianópolis e garantimos a liberação de importantes recursos pelo programa #SCLevadaASério. 
Mais investimentos para infraestrutura, saúde e desenvolvimento para quem mais precisa! 💪🏼✅ 

#TrabalhoQueGeraResultados #GrandeFloripa",0,"02/18/2025 12:28",https://www.instagram.com/p/DGOkMhzp_9h/,"Carrossel do Instagram",,Total,10216,6953,125,13,0,5,2
18057941180004744,17841401444333135,pepecollaco,"Pepê Collaço","Entrando pra Trend e percebendo que o tempo passa rápido e a gente se aperfeiçoa. 🚀",0,"02/17/2025 08:36",https://www.instagram.com/p/DGLk4UVpaX7/,"Imagem do Instagram",,Total,4623,3294,143,9,0,5,0
18478671322027717,17841459180929276,eduardogauchinho,"Eduardo Araujo Fagundez","Compromisso com o Autismo e o Esporte! 🤝💙

Estive em uma visita muito produtiva ao Deputado Pepê Collaço, acompanhado do meu companheiro de partido, vereador Leonel Iber. Fomos recebidos de forma excepcional, com uma atenção e um respeito que mostram o verdadeiro compromisso do deputado com São Francisco do Sul e com as causas que defendemos!

Durante a conversa, tratamos da destinação de emendas para ampliar os atendimentos na Associação de Amigos do Autista (AMA), garantindo mais suporte às famílias e às pessoas com TEA. Além disso, falamos sobre o fortalecimento do esporte na cidade, buscando apoio para a manutenção da Enseada Beach Clube, espaço essencial para incentivar a prática esportiva e o lazer da nossa comunidade.

O Deputado Pepê Collaço também fez questão de destacar o legado deixado pelo Zera e sua importância para o crescimento do Partido Progressista Estadual, reconhecendo seu papel fundamental na construção da sigla em Santa Catarina.

Agradeço imensamente ao deputado pela receptividade e pela disposição em atender nossas demandas. Seguimos juntos, trabalhando por uma São Francisco do Sul mais inclusiva e com mais oportunidades para todos! 💪🏽💙

#EduardoGauchinho #SãoFranciscoDoSul #TrabalhoQueFazADiferença #Autismo #Esporte #AMA #EnseadaBeachClube #Compromisso #PP",0,"02/16/2025 07:29",https://www.instagram.com/p/DGI4T0bp7ry/,"Carrossel do Instagram",,Total,3112,1742,54,4,2,2,0
18485448172060293,17841401444333135,pepecollaco,"Pepê Collaço","NOSSA DEFESA PELO CARATINENSE NAS FILAS! 🛣️💥 Arrasta pro lado e confira! ➡️",0,"02/15/2025 07:11",https://www.instagram.com/p/DGGRg2bON5-/,"Carrossel do Instagram",,Total,6512,4496,96,19,0,6,0
17956842668910517,17841401444333135,pepecollaco,"Pepê Collaço","🚁 Prevenção antes da tragédia!

O projeto da redragagem dos molhes da barra precisa ser licitada para garantir investimentos internacionais na contenção de catástrofes climáticas. Não podemos esperar o pior para agir!

Comente se você concorda! 👊",63,"02/14/2025 13:34",https://www.instagram.com/reel/DGEXkuMpZG6/,"Reel do Instagram",,Total,18644,14183,302,38,4,32,6
18344010274151684,17841401444333135,pepecollaco,"Pepê Collaço","NOSSA LUTA CONTINUA: FILAS, NÃO! 💥

CCR precisa seguir o contrato e respeitar o catarinense que passa ali diariamente.",125,"02/12/2025 08:25",https://www.instagram.com/reel/DF-qmxtuyk-/,"Reel do Instagram",,Total,14509,12405,242,21,5,17,3
18060190183903932,17841401444333135,pepecollaco,"Pepê Collaço","Isso é o que desejo a você em 2025! 👏
Alguém que te apoie e ajude a construir seu caminho. 
Me conta é isso que você quer?",28,"01/04/2025 04:12",https://www.instagram.com/reel/DEZzUZaR98X/,"Reel do Instagram",,Total,9514,5286,172,12,1,9,1
17910546135064965,17841401444333135,pepecollaco,"Pepê Collaço","AUTISMO: PROJETO DO CENSO É PIONEIRO! 🧩

Nossa iniciativa de parceria entre Alesc e Acafe será inovadora e está sendo desenvolvida para que nossas políticas públicas tenham embasamentos em números, dados que fazem a diferença.",123,"01/08/2025 14:22",https://www.instagram.com/reel/DElL-s4pqc7/,"Reel do Instagram",,Total,23795,19849,250,49,6,28,6
18032154944216008,17841401444333135,pepecollaco,"Pepê Collaço","📍PAULO LOPES! 

Fui conferir de perto os recursos que conseguimos pra essa cidade e ainda deixar mais 1 milhão de reais pra nova prefeita @_feleite começar com o pé direito 2025! 🚀

E não esqueça, estamos chegando na sua cidade 😉",88,"01/10/2025 09:07",https://www.instagram.com/reel/DEpxifCpts_/,"Reel do Instagram",,Total,13716,17873,299,29,8,28,2
17918997879041497,17841401444333135,pepecollaco,"Pepê Collaço","📍LAGUNA

+1 milhão pra nossa linda cidade de Anita. Laguna, você merece!🚀
Com nossa parceria e trabalho em equipe com @mendoncafernandocandido, @preto.crippa e @schieflerbento, vamos fazer nossa cidade avançar.",87,"01/11/2025 09:49",https://www.instagram.com/reel/DEsaz5DpX9A/,"Reel do Instagram",,Total,10819,15441,275,26,11,23,5
17994212822746835,17841401444333135,pepecollaco,"Pepê Collaço","PLAY 2025! ✅

Visitei os prefeitos eleitos da região sul, reforçando nosso compromisso com o desenvolvimento e o bem-estar das pessoas. 
Começamos em Içara com a prefeita reeleita @dalvaniacardoso 
, seguimos para Nova Veneza com @angelaghislandi , passamos por Cocal do Sul com @ademirmagagnin e finalizamos em Morro da Fumaça com @eduardoguollo . Juntos, seguimos construindo um futuro melhor para todos!”",0,"01/13/2025 13:33",https://www.instagram.com/p/DEx_Bm5SAJv/,"Carrossel do Instagram",,Total,15683,7866,261,8,3,10,1
17864492127312613,17841401444333135,pepecollaco,"Pepê Collaço","1 Milhão pra nossa amada Nova Veneza! 🚀

@angelaghislandi vai começar o mandato com o nosso apoio, porque valorizamos a cultura, essa cidade linda e cheia de tradição.",50,"01/14/2025 14:37",https://www.instagram.com/reel/DE0qKbJOmnH/,"Reel do Instagram",,Total,10242,19364,225,18,6,13,3
17954396780864110,17841448641321077,valdir_fontanella,"Valdir Fontanella","Na manhã desta quarta-feira (16/01), recebemos no Paço Municipal o Deputado Estadual Pepê Colaço, que conheceu a nova gestão de Lauro Müller e se colocou à disposição para apoiar o município, reafirmando seu compromisso com o desenvolvimento de Lauro Müller!",0,"01/16/2025 07:59",https://www.instagram.com/p/DE5HNeYg2B2/,"Carrossel do Instagram",,Total,12939,6015,282,13,3,1,0
18053230045866457,17841401444333135,pepecollaco,"Pepê Collaço","📍 Cocal do Sul 🚀

Prefeito e toda a equipe farão um excelente mandato, esse time é fera! Contem comigo e vamos trabalhando pra desenvolver ainda mais o sul. 👏",72,"01/16/2025 09:54",https://www.instagram.com/reel/DE5UF6ZJC2k/,"Reel do Instagram",,Total,15131,19580,323,36,19,61,1
18048176957331413,17841401444333135,pepecollaco,"Pepê Collaço","📍 ORLEANS

Investir em saúde é investir na qualidade de vida das pessoas, e foi com esse compromisso que atuamos no Hospital Santa Otília. Com a emenda enviada, garantimos a compra e instalação de um gerador, trazendo mais segurança e eficiência ao atendimento hospitalar. ✅

Nosso mandato está presente em cada cidade do sul, não apenas enviando recursos, mas também fiscalizando e acompanhando as entregas. Trabalhamos para garantir que cada ação faça a diferença na vida da nossa população!",53,"01/20/2025 04:22",https://www.instagram.com/reel/DFDAZr2OzDO/,"Reel do Instagram",,Total,12610,17777,256,16,9,10,0
17882081778123769,17841401444333135,pepecollaco,"Pepê Collaço","Acompanhando as mudanças da política global, seguimos! 🚀",0,"01/20/2025 11:40",https://www.instagram.com/p/DFDzreDSZsc/,"Imagem do Instagram",,Total,1597,1229,27,1,0,10,0
18326972980092549,17841401444333135,pepecollaco,"Pepê Collaço","Alôô Tubarãoo! Hoje não esquece de tomar água e passar protetor solar. O dia vai ser 🔥",0,"01/21/2025 02:48",https://www.instagram.com/p/DFFbjXLOJwj/,"Imagem do Instagram",,Total,7418,5720,135,81,1,16,2
18012689960689564,17841401444333135,pepecollaco,"Pepê Collaço","📍PEDRAS GRANDES! 👏

A visão do prefeito @agnaldofilippi para o turismo é realmente admirável. Ele está transformando a cidade em um destino rico em história e repleto de roteiros turísticos encantadores. Vale muito a pena conhecer! É inspirador ver um gestor com essa visão de futuro, que incentiva o desenvolvimento e torna o investimento na cidade algo tão promissor.",90,"01/21/2025 13:51",https://www.instagram.com/reel/DFGnE2TyanV/,"Reel do Instagram",,Total,6171,10248,186,67,3,8,3
17895574251049119,17841414831798053,amafloripa,"AMA Florianópolis","Santa Catarina está prestes a realizar um passo pioneiro na história da inclusão e do respeito às pessoas com autismo: o primeiro censo dedicado à população autista no estado. Essa iniciativa, além de ser um marco, representa um divisor de águas para a construção de políticas públicas mais eficazes e direcionadas às reais necessidades dessa comunidade.

O censo é uma ferramenta poderosa, pois permitirá mapear quantas pessoas com Transtorno do Espectro Autista (TEA) vivem em Santa Catarina, suas faixas etárias, suas condições de vida, acesso à educação, saúde e outras demandas essenciais. Com dados concretos, será possível compreender a dimensão do autismo no estado e criar políticas públicas que atendam de forma precisa a essa população. Parabéns à frente parlamentar e instituições envolvidas! 🧩🙏🏻

@lucianebceretta @pepecollaco @maurodenadal @feamas__sc @catia_cp7 @danni_steindorff @janicekrasniak @acafeoficial",284,"01/21/2025 16:23",https://www.instagram.com/reel/DFG4Ke4gcbI/,"Reel do Instagram",,Total,18017,11490,602,171,18,28,0
17923176591006150,17841401444333135,pepecollaco,"Pepê Collaço","E O SUL DE SANTA CATARINA? 🧐

Precisamos de investimentos em contenções de cheias o quanto antes, nossas cidades também sofrem com as enchentes e o @governosc precisa ter esse olhar. Estamos aqui, cobrando e pedindo para que no futuro não soframos as consequências. 

#redragagem #molhesdabarra #enchentes #prevenção",76,"01/22/2025 13:41",https://www.instagram.com/reel/DFJKJr-yElg/,"Reel do Instagram",,Total,5311,13025,167,29,2,16,1
18025658669336259,17841414856367785,portalinfosul,"Portal Infosul","A comunidade da Sanga do Lageado, no bairro São Cristóvão, em Tubarão, está em festa. A ordem de serviço para a pavimentação da estrada geral, oficialmente chamada de Rua Adolfo José de Souza, será assinada nesta quinta-feira, dia 23 de janeiro, às 19h30.

Com custo de aproximadamente R$ 1,7 milhão, a obra será executada por meio de emendas dos deputados estaduais Pepê Collaço e Júlio Garcia, e do senador Esperidião Amin, com contrapartida da prefeitura. Pepê destinou R$ 750 mil, recurso anunciado em novembro de 2023 e disponível há meses na conta do município.

“A comunidade espera por essa obra há anos. É o trajeto de muitas famílias e veículos pesados que escoam as produções. Eu e o prefeito Soratto estamos alinhados com o desenvolvimento da nossa cidade”, destaca o deputado.

A estrada tem 2,5 quilômetros de extensão e é muito utilizada por caminhões que transportam materiais como aterro e areão para prefeituras da região.

❌ Não esqueça de seguir nossa página aqui no Instagram, compartilhar nossas notícias com seus colegas e deixar o seu comentário!

📲 Participe do nosso grupo de WhatsApp. Para entrar, clique no link da bio.

#PortalInfosul #Infosul #Notícia #Informação #Amurel #Tubarão #Lajeado #Pavimentação #SãoCristóvão",0,"01/23/2025 04:59",https://www.instagram.com/p/DFK0HtMxN5p/,"Imagem do Instagram",,Total,3070,2437,37,4,0,2,0
18141990559370077,17841401444333135,pepecollaco,"Pepê Collaço","JUNTOS, FAZENDO HISTÓRIA 🚀👊

Hoje é um dia histórico para a comunidade da Sanga do Lageado, em Tubarão! Ao lado do Prefeito, anunciamos a pavimentação da estrada que, por décadas, foi um sonho dos moradores. Essa conquista só foi possível graças à parceria e ao trabalho conjunto com o Deputado Júlio e o Senador Esperidião Amin. 🚧✨

E fica o aviso: vem muito mais novidade por aí! 🌟

#CompromissoComTubarão #SangaDoLageado #TrabalhoQueTransforma",41,"01/23/2025 15:33",https://www.instagram.com/reel/DFL8Pc3OCle/,"Reel do Instagram",,Total,94452,58145,1327,94,33,96,9
17915058927061181,17841401444333135,pepecollaco,"Pepê Collaço","📍RIO FORTUNA 👏

Recurso enviado, obra pronta e a gente fiscalizando de perto o retorno pra vida do catarinense. Parabéns, obra ficou um espetáculo! 🛣️",39,"01/27/2025 08:12",https://www.instagram.com/reel/DFVcfQ7uRFI/,"Reel do Instagram",,Total,5494,18156,116,13,0,7,0
18059783533772608,17841401444333135,pepecollaco,"Pepê Collaço","Precisamos ser ouvidos! 🗣️

A bancada do sul já destinou 5 milhões pro projeto da redragagem dos molhes da Barra em Laguna, agora o governo precisa fazer sua parte. 💥

Estávamos hoje em uma ótima entrevista na @jovempantubaraooficial conversando sobre isso. 🙌",88,"01/28/2025 12:50",https://www.instagram.com/reel/DFYhVV-yXc1/,"Reel do Instagram",,Total,3417,11280,130,15,3,3,1
17850730155349432,17841401444333135,pepecollaco,"Pepê Collaço","🚧 Mobilidade e segurança no Sul de SC! 🚧

Seguimos firmes na luta pelas marginais das nossas cidades! 🛣️💪 Depois de muitas visitas e ofícios sem resposta da CCR e da NTT, buscamos a Procuradoria-Geral da República para tratar desse problema que impacta milhares de pessoas. ⚖️ Em 30 dias, teremos um laudo oficial para definir os próximos passos!

A mobilidade urbana não pode ser ignorada! 🚦✊ #SCemMovimento #MobilidadeUrbana #SulCatarinense #TrabalhoQueGeraResultados #PorSantaCatarina",87,"01/30/2025 09:14",https://www.instagram.com/reel/DFdRxhHpQbp/,"Reel do Instagram",,Total,26218,28380,423,52,16,35,2
17961195320744795,17841401444333135,pepecollaco,"Pepê Collaço","JANEIRO INTENSO!🔥🚀

O que podemos ter certeza é que trabalhamos MUITO em janeiro, visitamos os novos prefeitos, garantimos recursos, fiscalizamos obras e vimos o impacto positivo que nosso mandato está fazendo na nossa região. 

Que assim continuemos, pra fazer sempre o seu voto vale a pena! Contem comigo! 🚀",16,"01/31/2025 11:53",https://www.instagram.com/reel/DFgJHybyrQr/,"Reel do Instagram",,Total,18420,31034,339,85,2,62,4
18053715775887327,17841401444333135,pepecollaco,"Pepê Collaço","Parabéns amigo @juliogarciasc que seu novo biênio como presidente da Alesc seja promissor. Estamos juntos! 🙌

📸 @brunocollaco",0,"02/01/2025 12:57",https://www.instagram.com/p/DFi19ESS6ND/,"Imagem do Instagram",,Total,5078,3745,177,9,1,4,2
17911834062071300,17841401444333135,pepecollaco,"Pepê Collaço","CONCLUÍDO COM SUCESSO ✅

Janeiro foi um mês de muito diálogo e compromisso! Visitamos mais de 20 municípios para levar nosso apoio a prefeitos e lideranças, desejando sucesso e reforçando que podem contar comigo para o desenvolvimento da região. Começamos o ano com tudo! 💥🚀",0,"02/03/2025 09:18",https://www.instagram.com/p/DFnmcuIJzBC/,"Carrossel do Instagram",,Total,6621,4283,186,5,1,7,2
17942793968824663,17841401444333135,pepecollaco,"Pepê Collaço","📢 INICIATIVA NOSSA, GANHANDO DESTAQUE 💙

O projeto do censo será entregue até o fim do ano, feito com a parceria entre Acafe e Alesc, trará dados essenciais para garantir políticas públicas mais justas e eficazes para as pessoas no espectro. 📊✨

Essa conquista é fruto da luta das famílias e da comunidade autista, que há anos busca mais visibilidade e direitos. Agora, com informações concretas, será possível avançar ainda mais! 🧩

#Autismo #CensoDoAutismo #Inclusão #direitosautistas",128,"02/04/2025 11:54",https://www.instagram.com/reel/DFqcsXuyMWC/,"Reel do Instagram",,Total,20022,23118,418,150,22,41,26
17855307231369949,17841401444333135,pepecollaco,"Pepê Collaço","CCJ EM BOAS MÃOS! 🫶

Minhas meninas obrigado, papai tá muito feliz! 🥰",18,"02/05/2025 11:45",https://www.instagram.com/reel/DFtAc6tyuxf/,"Reel do Instagram",,Total,31686,22428,357,14,1,31,2
18079991287721214,17841408315916041,extrasc,extra.sc,"A comissão é considerada uma das mais estratégicas da Alesc.

Leia em EXTRA.SC. Link nos stories",0,"02/05/2025 15:24",https://www.instagram.com/p/DFtZ-SVOgYR/,"Imagem do Instagram",,Total,3211,2398,70,4,2,5,0
17895930984055073,17841414856367785,portalinfosul,"Portal Infosul","Confirmando as expectativas, o deputado estadual Pepê Collaço (Progressistas) foi escolhido nesta quarta-feira, 5 de fevereiro, como presidente da Comissão de Constituição e Justiça da Assembleia Legislativa de Santa Catarina. Ele é o primeiro deputado da Amurel a ocupar o cargo, com mandato até o fim de 2026.

A CCJ é considerada uma das mais estratégicas da Alesc e ocupar a presidência é considerado um grande prestígio. É por meio dela que são analisadas a legalidade e constitucionalidade dos projetos em tramitação. O vice será RodrigoMinotto (PDT).

“É uma grande honra presidir a CCJ, uma comissão de relevância gigantesca, uma das mais importantes do Legislativo Catarinense. Tenho certeza que posso contribuir muito e também aprender com esse novo desafio”, destaca Pepê.

No primeiro mandato como deputado, Pepê comemora grandes conquistas. Além da CCJ, foi coordenador da Bancada do Sul, onde articulou recursos para a região, e líder do Progressistas na Assembleia. Ainda, na Frente Parlamentar em Defesa da Pessoa com Transtorno do Espectro Autista, organizou seminários em várias cidades catarinenses e foi peça fundamental para o início da elaboração do pioneiro Censo do Autismo, realizado em parceria com a Acafe.

❌ Não esqueça de seguir nossa página aqui no Instagram, compartilhar nossas notícias com seus colegas e deixar o seu comentário!

📲 Participe do nosso grupo de WhatsApp. Para entrar, clique no link da bio.

#PortalInfosul #Infosul #Notícia #Informação #Amurel #Progressistas #PP #PepêCollaço #Alesc #Comissão",0,"02/06/2025 06:02",https://www.instagram.com/p/DFu-bYHxuDX/,"Imagem do Instagram",,Total,5004,3887,150,7,0,11,0
18388624579111762,17841401444333135,pepecollaco,"Pepê Collaço","MAIS UM DESAFIO ACEITO ✅

A Comissão de Constituição e Justiça é a mais importante da ALESC, por onde todos os projetos passam e onde decidimos o que avança no parlamento catarinense.

Seguimos firmes nesse compromisso! ⚖️💪 #CCJ #Compromisso #ALESC",62,"02/07/2025 09:07",https://www.instagram.com/reel/DFxxCy-OlM_/,"Reel do Instagram",,Total,25351,19657,442,52,17,59,3
17868826248225202,17841401444333135,pepecollaco,"Pepê Collaço","Arrasta pro lado e vê as notícias da semana! ➡️😉",0,"02/08/2025 07:56",https://www.instagram.com/p/DF0VIDnuM0g/,"Carrossel do Instagram",,Total,7340,4275,232,15,0,18,2
18056753047784742,17841401444333135,pepecollaco,"Pepê Collaço","Parabéns, meu irmão @henriquecastropp11! 🎉 
Você merece todo esse sucesso pela dedicação e trabalho duro que sempre realizou em sua vida pública, tanto nos bastidores quanto agora como prefeito eleito de Pescaria Brava! 🏛️ 

Não tenho dúvidas de que você será um excelente prefeito e fará a diferença na nossa cidade do sul. 🌞 

Arregace as mangas, pois o trabalho só está começando! 💪",0,"01/02/2025 04:29",https://www.instagram.com/p/DEUr-rrOQqG/,"Carrossel do Instagram",,Total,8746,5451,269,6,3,8,0
