data,hora,redes,tipo,link,link_facebook,curtidas,comentarios,engajamento,compartilhamentos,salvamentos,alcance,visualizacoes,novos_seguidores,id_instagram,id_facebook,legenda
2026-08-31,20:34,facebook+instagram,REELS,https://www.instagram.com/reel/Dct9JBJhvHh/,https://www.facebook.com/reel/897157143189796/,202,30,232,2,,,,,17906396631533642,864936030306107_1431573498785885,"🎯 O NOSSO MANDATO PRIORIZA A INCLUSÃO E CUIDA DE CADA OPORTUNIDADE.

Apoiar a equoterapia, o esporte e projetos de inclusão é abrir caminhos para que mais crianças desenvolvam autonomia, confiança e qualidade de vida. 💙

🤝 É assim que o mandato transforma apoio em oportunidade.
🔰  O trabalho continua.
🚀 Investir no desenvolvimento de uma criança é acreditar no seu futuro.

1️⃣1️⃣2️⃣2️⃣3️⃣✅

#QuemFazRepresenta #PepêCollaço #Inclusão #11223

PROPAGANDA ELEITORAL: ELEIÇÕES 2026 - DEPUTADO ESTADUAL PEPÊ COLLAÇO - CNPJ 68.472.001/0001-72"
2026-08-30,21:13,facebook+instagram,FEED,https://www.instagram.com/p/DcrcuikvFY-/,https://www.facebook.com/1394493682493867/posts/1430804262196142,95,6,101,5,,,,,18090853964279802,864936030306107_1430804262196142,"🤝 Tenho orgulho de fazer política estando perto de quem vive a realidade de cada cidade.

🫡 É ouvindo, acompanhando de perto e trabalhando que a gente transforma demandas em entregas.

🚀 Foi assim que o nosso mandato chegou além da nossa região: chegando de verdade na vida do catarinense, em todos os cantos de Santa Catarina.

Do Sul para todo o Estado. #QuemFazRepresenta 💙

1️⃣1️⃣2️⃣2️⃣3️⃣ ✅

#SantaCatarina #DeputadoEstadual #TrabalhoQueTransforma

PROPAGANDA ELEITORAL: ELEIÇÕES 2026 - DEPUTADO ESTADUAL PEPÊ COLLAÇO - CNPJ 68.472.001/0001-72"
2026-08-29,21:49,instagram,REELS,https://www.instagram.com/reel/Dco70RuPWy6/,,191,14,205,,,,,,17986130484026744,,"Forquilhinha vai ganhar uma estrutura à altura das famílias da comunidade! 💙

🎯 Uma supercreche com 14 salas está chegando para ampliar o atendimento, oferecer mais espaço e contribuir para o desenvolvimento das nossas crianças.

🚀 É investimento que olha para o presente, mas principalmente para o futuro. Mais estrutura para a educação, mais tranquilidade para as famílias e uma comunidade cada vez melhor preparada para crescer.

Seguimos trabalhando por Santa Catarina! 🤝

1️⃣1️⃣2️⃣2️⃣3️⃣✅

#PepeCollaço #Educação #Forquilhinhas #SantaCatarina #TrabalhoQueFazAcontecer

PROPAGANDA ELEITORAL: ELEIÇÕES 2026 - DEPUTADO ESTADUAL PEPÊ COLLAÇO - CNPJ 68.472.001/0001-72"
2026-08-29,15:58,facebook+instagram,FEED,https://www.instagram.com/p/DcoTtVNgXRi/,https://www.facebook.com/1394493682493867/posts/1429827725627129,176,19,195,7,,,,,17885135871614150,864936030306107_1429827725627129,"🤝 Estar perto das pessoas é também uma forma de entender melhor a realidade de cada comunidade. 

🎯 Tenho o compromisso de estar presente, ouvir, conversar e conhecer de perto as diferentes histórias e necessidades dos catarinenses. É dessa proximidade que surgem ideias, compromissos e caminhos para transformar a realidade.

🫡 Sigo percorrendo Santa Catarina, dialogando com as pessoas e acompanhando de perto o nosso estado.

#PepeCollaço #SantaCatarina #Catarinenses #Presença #Compromisso Trabalho

PROPAGANDA ELEITORAL: ELEIÇÕES 2026 - DEPUTADO ESTADUAL PEPÊ COLLAÇO - CNPJ 68.472.001/0001-72"
2026-08-28,22:29,facebook+instagram,REELS,https://www.instagram.com/reel/DcmbKxwOw7I/,https://www.facebook.com/reel/1491639782768852/,396,91,487,4,,,,,18478698850105927,864936030306107_1429237035686198,"🎯 Nosso mandato sempre esteve em movimento: ouvindo demandas, acompanhando de perto, visitando municípios e trabalhando junto com a equipe para transformar cada agenda em ação.

🫂 Está sendo gratificante ver tanta gente confiando no nosso trabalho e votando para construir uma Santa Catarina cada vez melhor! 💙

📍 Um mandato presente.
🤝 Um trabalho feito por muitas mãos.
🗺️ Um compromisso que percorre Santa Catarina.

1️⃣1️⃣2️⃣2️⃣3️⃣✅

Quem faz, representa!

#PepêCollaço #SantaCatarina #QuemFazRepresenta

PROPAGANDA ELEITORAL: ELEIÇÕES 2026 - DEPUTADO ESTADUAL PEPÊ COLLAÇO - CNPJ 68.472.001/0001-72"
2026-08-27,16:03,facebook+instagram,REELS,https://www.instagram.com/reel/DcjKo40OMDe/,https://www.facebook.com/reel/1585249803097416/,134,16,150,,,,,,18124598080693214,864936030306107_1428172592459309,"🛣️ CUIDAR DE TUBARÃO É CUIDAR DA NOSSA GENTE.

🎯 Nos últimos anos, nosso trabalho ajudou a levar investimentos para a pavimentação de mais de 60 ruas no município. É recurso que chega, vira obra e transforma a vida das famílias.

🫡 É por isso que eu tenho orgulho de ser o deputado que cuida da nossa região, está presente nos municípios e trabalha para trazer cada vez mais recursos para o Sul de Santa Catarina.

✅ Quem faz, representa. O trabalho pelo Sul continua. 💙

1️⃣1️⃣2️⃣2️⃣3️⃣

#QuemFazRepresenta #Tubarão #SulDeSantaCatarina #PepêCollaço

PROPAGANDA ELEITORAL: ELEIÇÕES 2026 - DEPUTADO ESTADUAL PEPÊ COLLAÇO - CNPJ 68.472.001/0001-72"
2026-08-26,20:53,facebook,post,https://www.facebook.com/reel/1536347437741867/,,,,,5,,,,,,864936030306107_1427537469189488,"1️⃣1️⃣2️⃣2️⃣3️⃣ é o número de quem faz acontecer. 💙

🎶Agora tem jingle, tem santinho na camisa e tem muita gente junto nessa caminhada. 

🎯 Porque quem faz, representa.

➡️ Dia 04 de outubro, vote em quem faz e representa. 

✅ Pepe Collaço 11223.

#PepeCollaço #11223 #QuemFazRepresenta #Sul #SC"
2026-08-26,20:53,instagram,REELS,https://www.instagram.com/reel/DchHVVIs7h_/,,303,33,336,,,,,,18068251262729549,,"1️⃣1️⃣2️⃣2️⃣3️⃣ é o número de quem faz acontecer. 💙

🎶Agora tem jingle, tem orgulho colado no peito e tem muita gente junto nessa caminhada. 

🎯 Porque quem faz, representa.

➡️ Dia 04 de outubro, vote em quem faz e representa. 

✅ Pepe Collaço 11223.

#PepeCollaço #11223 #QuemFazRepresenta #Sul #SC

PROPAGANDA ELEITORAL: ELEIÇÕES 2026 - DEPUTADO ESTADUAL PEPÊ COLLAÇO - CNPJ 68.472.001/0001-72"
2026-08-26,15:43,facebook+instagram,REELS,https://www.instagram.com/reel/Dcgj16OOhgF/,https://www.facebook.com/reel/2136323130645868/,189,24,213,3,,,,,17953749510230558,864936030306107_1427356209207614,"🎯 Bairro por bairro, Capivari inteira atendida.

🫡 Foram mais de R$ 7,5 milhões destinados ao município, em ações que chegaram à saúde, APAE, esporte, infraestrutura e entidades.

📌 Não foi uma obra. Foi trabalho pela cidade inteira. #QuemFazRepresenta

🚀 O trabalho continua.Vem com Pepê. 

1️⃣1️⃣2️⃣2️⃣3️⃣✅

#CapivariDeBaixo #PepêCollaço #SantaCatarina

PROPAGANDA ELEITORAL: ELEIÇÕES 2026 - DEPUTADO ESTADUAL PEPÊ COLLAÇO - CNPJ 68.472.001/0001-72"
2026-08-26,00:25,facebook+instagram,FEED,https://www.instagram.com/p/Dce6hBdtoVv/,https://www.facebook.com/1394493682493867/posts/1426816189261616,266,21,287,10,,,,,17878623087524284,864936030306107_1426816189261616,"CHEGOU A NOSSA VEZ!!! 

Que felicidade chegar em Morro da Fumaça e encontrar todo esse agito! 💙

Foi uma noite incrível, daquelas que fazem a gente sentir o gostinho da campanha e a energia das ruas.

Agora bora fazer parte também: vem fazer parte desse time! 🚙💨"
2026-08-25,14:56,facebook,post,https://www.facebook.com/1394493682493867/posts/1426488749294360,,,,,3,,,,,,864936030306107_1426488749294360,"👀 Arraste pro lado e confira tudo aquilo que já saiu do papel e hoje já faz parte da vida dos catarinenses.

🫡 Foi uma honra ter a confiança de vocês para trabalhar por uma Santa Catarina melhor e ver esse trabalho se transformar em ações, investimentos e resultados que fazem a diferença.

➡️ Mas o trabalho continua. Vote com conhecimento e responsabilidade!

🎯 Se você acredita em uma SC mais inclusiva, com mais oportunidades, mobilidade e qualidade de vida, escolha quem mais representa os catarinenses.

🗳️ Para continuar fazendo e representando, vote 11223.

#QuemFazRepresenta #TrabalhoQueTransforma #DeputadoEstadual #SantaCatarina"
2026-08-25,14:56,instagram,FEED,https://www.instagram.com/p/Dcd5xKPEa5V/,,125,18,143,,,,,,18488664322096674,,"👀 Arraste pro lado e confira tudo aquilo que já saiu do papel e hoje já faz parte da vida dos catarinenses.

🫡 É uma honra ter a confiança de vocês para trabalhar por uma Santa Catarina melhor e ver esse trabalho se transformar em ações, investimentos e resultados que fazem a diferença.

➡️ O trabalho continua. Vote com conhecimento e responsabilidade!

🎯 Se você acredita em uma SC mais inclusiva, com mais oportunidades, mobilidade e qualidade de vida, escolha quem mais representa os catarinenses.

🗳️ Para continuar fazendo e representando, vote 11223.

#QuemFazRepresenta #TrabalhoQueTransforma #DeputadoEstadual #SantaCatarina

PROPAGANDA ELEITORAL: ELEIÇÕES 2026 - DEPUTADO ESTADUAL PEPÊ COLLAÇO - CNPJ 68.472.001/0001-72"
2026-08-25,00:00,facebook+instagram,REELS,https://www.instagram.com/reel/DccTCx8tXNP/,https://www.facebook.com/reel/1579428507023409/,179,13,192,2,,,,,18128019586664080,864936030306107_1425984939344741,"🛣️ Nosso mandato está por todos os cantos de SC!

🤝 Voltar a uma estrada em Urubici e ver de perto o resultado de um trabalho que saiu do papel através de recurso do nosso mandato é motivo de orgulho e compromisso com quem vive aqui.

Pepe é trabalho. Pepe é compromisso. Pepe é resultado.

🗣️ QUEM FAZ, REPRESENTA!

👉 Conto com o seu voto para continuarmos avançando juntos!

1️⃣1️⃣2️⃣2️⃣3️⃣✅

#PepeCollaço #Urubici #MaisQualidadeMaisMobilidade #TrabalhoECompromisso

PROPAGANDA ELEITORAL: ELEIÇÕES 2026 - DEPUTADO ESTADUAL PEPÊ COLLAÇO - CNPJ 68.472.001/0001-72"
2026-08-24,22:29,facebook,post,https://www.facebook.com/reel/1449590937044101/,,,,,5,,,,,,864936030306107_1425944416015460,"Mais qualidade, mais mobilidade. 🛣️

🎯Voltar a uma estrada em Urubici e ver de perto o resultado de um trabalho que saiu do papel através de recurso do nosso mandato é motivo de orgulho e compromisso com quem vive aqui.

Pepe é trabalho. Pepe é compromisso. Pepe é resultado.

🗣️ QUEM FAZ, REPRESENTA!

👉 Conto com o seu voto para continuarmos avançando juntos!

1️⃣1️⃣2️⃣2️⃣3️⃣✅

#PepeCollaço #Urubici #QuemFazRepresenta #TrabalhoECompromisso"
2026-08-23,20:11,facebook+instagram,FEED,https://www.instagram.com/p/DcZUN4voIvL/,https://www.facebook.com/1394493682493867/posts/1425046346105267,163,29,192,3,,,,,17918312163221313,864936030306107_1425046346105267,"DOMINGO DE TRABALHO, MAS COM SORRISO NO ROSTO! 💙

🎯 Domingo também é dia de estar perto das pessoas, ouvir, conversar e fortalecer as parcerias que fazem Santa Catarina avançar.

🫡 Gosto de estar presente, olho no olho e com a alegria de quem sabe que está construindo algo importante junto com os catarinenses.

➡️ No dia 4 de outubro, vote com responsabilidade. Conheça as propostas, a trajetória e quem está preparado para seguir trabalhando por Santa Catarina.

✅ O número de quem faz e representa é 1️⃣1️⃣2️⃣2️⃣3️⃣

#QuemFazRepresenta #PepêCollaço #SantaCatarina #11223

PROPAGANDA ELEITORAL: ELEIÇÕES 2026 - DEPUTADO ESTADUAL PEPÊ COLLAÇO - CNPJ 68.472.001/0001-72"
2026-08-22,23:16,facebook+instagram,REELS,https://www.instagram.com/reel/DcXELhdgRNe/,https://www.facebook.com/reel/1426375496018805/,250,68,318,4,,,,,18092000807389403,864936030306107_1424336502842918,"💙 O primeiro adesivaço da nossa campanha foi daqueles momentos que mostram que estamos no caminho certo!

🚀 Passamos por Tubarão, Capivari de Baixo e Braço do Norte, levando nossa mensagem e, principalmente, encontrando de perto quem acredita no nosso trabalho.

✅ É uma mistura de orgulho por saber que o trabalho foi cumprido até aqui e de vontade de fazer ainda mais. Santa Catarina avançou, mas sabemos que ainda há muito a construir, e estamos prontos para representar nosso estado com ainda mais força na Assembleia Legislativa.

🫡 Agora, contamos com a sua confiança e com o seu voto para seguir evoluindo Santa Catarina. Vamos juntos!

#PepeCollaço #DeputadoEstadual #SantaCatarina #VamosJuntos

PROPAGANDA ELEITORAL: ELEIÇÕES 2026 - DEPUTADO ESTADUAL PEPÊ COLLAÇO - CNPJ 68.472.001/0001-72"
2026-08-21,16:45,facebook+instagram,REELS,https://www.instagram.com/reel/DcTy3mExCSn/,https://www.facebook.com/reel/1556856899270866/,301,53,354,3,,,,,18126559558743064,864936030306107_1423306956279206,"INCLUSÃO NÃO É FAVOR. É DIREITO. 💙🧩

🫂 Hoje começa a Semana Nacional da Pessoa com Deficiência Intelectual e Múltipla, uma mobilização promovida pela rede APAE em todo o Brasil, de 21 a 28 de agosto. Neste ano, o chamado é claro: “Deficiência não define. Oportunidade transforma. Inclua nossa voz!”

✅ Como deputado, tenho a responsabilidade de lutar para que pessoas com TEA e suas famílias tenham mais acesso, mais oportunidades, mais autonomia e qualidade de vida. Inclusão precisa sair do discurso e chegar onde a vida acontece: na escola, na saúde, nas terapias e nos espaços de convivência. 

🎯 Esse trabalho já tem resultado. Ao longo do mandato, atuamos em mais de 10 municípios com equoterapia e terapia ocupacional, além da implantação de salas sensoriais e do apoio a APAEs e entidades que fazem a diferença diariamente na vida de tantas famílias.

🫡 Vou continuar trabalhando para que Santa Catarina seja um Estado onde ninguém fique para trás e onde cada pessoa tenha o direito de desenvolver todo o seu potencial. 

💙 Incluir é ouvir. É respeitar. É garantir oportunidades. E é transformar direitos em realidade.

📲 Compartilhe este vídeo com quem vive essa realidade e acredita em uma Santa Catarina cada vez mais inclusiva.

1️⃣1️⃣2️⃣2️⃣3️⃣✅

#Inclusão #TEA #SantaCatarina #APAE #PepeCollaco

PROPAGANDA ELEITORAL: ELEIÇÕES 2026 - DEPUTADO ESTADUAL PEPÊ COLLAÇO - CNPJ 68.472.001/0001-72"
2026-08-20,20:54,facebook+instagram,REELS,https://www.instagram.com/reel/DcRqT7DBbQQ/,https://www.facebook.com/reel/1595149729071083/,243,33,276,2,,,,,18102305102265238,864936030306107_1422658013010767,"💙 Tubarão é parte de quem eu sou. É a cidade que eu amo, que me acolheu e que eu tenho orgulho de representar. 

🫂 Cuidar de Tubarão e do Sul de Santa Catarina é uma responsabilidade que levo muito a sério. Quero seguir trabalhando, ouvindo as pessoas e buscando, todos os dias, o melhor para a nossa região.

🎯 No próximo mandato, quero continuar esse trabalho com ainda mais força, defendendo nossas cidades e ajudando a construir o futuro que o Sul merece.

🫡 Conto com o voto e a confiança de todos que acreditam em Tubarão e querem o melhor para o nosso Sul de Santa Catarina. Vamos juntos! 

#PepeCollaço #Tubarão #SulDeSantaCatarina #SantaCatarina #VamosJuntos

PROPAGANDA ELEITORAL: ELEIÇÕES 2026 - DEPUTADO ESTADUAL PEPÊ COLLAÇO - CNPJ 68.472.001/0001-72"
2026-08-19,20:44,facebook,post,https://www.facebook.com/1394493682493867/posts/1421846939758541,,,,,,,,,,,864936030306107_1421846939758541,"🚀 O desenvolvimento de uma região também passa pela capacidade de atrair investimentos.

🎯 Cada empresa que escolhe Santa Catarina representa novas oportunidades para quem quer trabalhar, empreender e construir o futuro da sua família.

➡️ É esse o caminho que acredito: criar um ambiente de confiança para que mais investimentos cheguem ao nosso estado, fortalecendo a economia e gerando empregos de qualidade.

💬 Compartilhe este post. Quanto mais oportunidades chegarem ao Sul de Santa Catarina, mais forte será o futuro da nossa gente.

#PepêCollaço #SantaCatarina #Laguna #Emprego"
2026-08-19,20:44,instagram,FEED,https://www.instagram.com/p/DcPE2jjILYZ/,,49,7,56,,,,,,18133048144621472,,"🔰 Mais empregos para o Sul de SC são resultado do meu trabalho e da articulação que venho construindo para transformar diálogo em oportunidades.

🚀 O desenvolvimento de uma região também passa pela capacidade de atrair investimentos.

🎯 Cada empresa que escolhe Santa Catarina representa novas oportunidades para quem quer trabalhar, empreender e construir o futuro da sua família.

➡️ É esse o caminho que acredito: criar um ambiente de confiança para que mais investimentos cheguem ao nosso estado, fortalecendo a economia e gerando empregos de qualidade.

💬 Compartilhe este post. Quanto mais oportunidades chegarem ao Sul de Santa Catarina, mais forte será o futuro da nossa gente.

#PepêCollaço #SantaCatarina #Laguna #Emprego

PROPAGANDA ELEITORAL: ELEIÇÕES 2026 - DEPUTADO ESTADUAL PEPÊ COLLAÇO - CNPJ 68.472.001/0001-72"
2026-08-19,14:27,facebook+instagram,REELS,https://www.instagram.com/reel/DcOZiGvRZ2h/,https://www.facebook.com/reel/1496133008627687/,292,28,320,5,,,,,18106561727149188,864936030306107_1421605173116051,"VAMOS EM FRENTE 🔰

🚗 Os primeiros sinais de uma nova etapa já estão nas ruas.

Hoje foi dia de aplicar o adesivo perfurado e registrar mais um momento dessa caminhada.

📍 A mobilização continua e, para quem já decidiu participar da adesivagem, entre em contato para saber como fazer a aplicação no seu veículo.

🎯 1️⃣1️⃣2️⃣2️⃣3️⃣

PROPAGANDA ELEITORAL: ELEIÇÕES 2026 - DEPUTADO ESTADUAL PEPÊ COLLAÇO - CNPJ 68.472.001/0001-72"
2026-08-18,20:48,facebook,post,https://www.facebook.com/reel/2823846518017226/,,,,,1,,,,,,864936030306107_1421026396507262,"PODE PARECER MUITAS COISAS… 🤔

Mas, na verdade, eu estou pensando é em tudo que já entreguei por Santa Catarina no meu mandato anterior e que faz diferença na vida de quem vive no nosso estado. 💪🏼

Porque quando o trabalho vira resultado, a gente tem do que se orgulhar:
🔬 Teste rápido em farmácias
🧩 Salas sensoriais
🐴 Equoterapia
🛣️ Pavimentação de ruas
🎬 Cine Azul

1️⃣1️⃣2️⃣2️⃣3️⃣ 

🫡 Me acompanhe por aqui!

#SantaCatarina #TrabalhoQueEntrega #PepêCollaço #QuemFazRepresenta"
2026-08-18,20:48,instagram,REELS,https://www.instagram.com/reel/DcMgV1oN8tu/,,302,39,341,,,,,,17942862504324713,,"PODE PARECER MUITAS COISAS… 🤔

Mas, na verdade, eu estou pensando é em tudo que já entreguei por Santa Catarina no meu mandato e que faz diferença na vida de quem vive no nosso estado. 💪🏼

Porque quando o trabalho vira resultado, a gente tem do que se orgulhar:
🔬 Teste rápido em farmácias
🧩 Salas sensoriais
🐴 Equoterapia
🛣️ Pavimentação de ruas
🎬 Cine Azul

1️⃣1️⃣2️⃣2️⃣3️⃣ 

🫡 Me acompanhe por aqui!

#SantaCatarina #TrabalhoQueEntrega #PepêCollaço #QuemFazRepresenta"
2026-08-18,16:24,facebook,post,https://www.facebook.com/1394493682493867/posts/4124943664471922?substory_index=4124943664471922,,,,,4,,,,,,864936030306107_4124943664471922,
2026-08-17,23:34,facebook+instagram,FEED,https://www.instagram.com/p/DcKOteWjVME/,https://www.facebook.com/1394493682493867/posts/1420317313244837,343,25,368,5,,,,,18120442882886297,864936030306107_1420317313244837,"Hoje é um dia de muita alegria e, acima de tudo, de reconhecimento. 💙👏

🏅 Brunel, meu sogro, ex-prefeito e um grande batalhador por Capivari de Baixo, recebe o merecido título de Cidadão Honorário do município.

➡️ Ao longo de sua trajetória, dedicou parte importante de sua vida ao desenvolvimento de Capivari de Baixo, enfrentando desafios, trabalhando pelas pessoas e contribuindo para transformar a cidade.

👏 Sua caminhada se confunde com a própria história do município. Uma trajetória construída com trabalho, dedicação e compromisso com a população.

💙 Tenho muito orgulho de acompanhar este momento e de ver sua contribuição sendo reconhecida. É uma homenagem justa e merecida a quem dedicou tanto à nossa cidade e deixou sua marca na construção de uma Capivari de Baixo cada vez melhor.

Parabéns, Brunel! 👏🏼 Que este reconhecimento seja também uma celebração de toda a sua trajetória e de tudo o que você fez por Capivari de Baixo. 🚀

#PepeCollaço #CapivariDeBaixo #SantaCatarina #TrabalhoQueTransforma"
2026-08-17,20:52,facebook+instagram,REELS,https://www.instagram.com/reel/DcJ7ywGuYdP/,https://www.facebook.com/reel/1961241981240460/,211,36,247,2,,,,,18083634671267691,864936030306107_1420243323252236,"TUBARÃO PRECISA TER VOZ UMA VOZ QUE VIVE A NOSSA REALIDADE. 🗣️

🤝 Quem vive aqui sabe: conhece os desafios, acompanha o que precisa melhorar e, principalmente, conhece a força e o potencial da nossa cidade.

💙 Eu conheço essa cidade porque faço parte dela. Ando pelas nossas ruas, converso com quem empreende, trabalha, estuda e constrói sua vida aqui. E é dessa proximidade que nasce um mandato que transforma demandas em trabalho e trabalho em resultados.

➡️ Nos próximos episódios, vou mostrar histórias, investimentos, obras e projetos que ajudam a explicar, na prática, por que ter alguém de Tubarão defendendo Tubarão faz diferença.

Acompanhe a série. No final, quero saber de você:

Vale a pena ter um deputado de Tubarão? 👊

#Tubarão #SantaCatarina #PepêCollaço #QuemFazRepresenta"
2026-08-16,22:19,facebook+instagram,REELS,https://www.instagram.com/reel/DcHg7YCxWBB/,https://www.facebook.com/reel/862031623514113/,428,66,494,8,,,,,18038641487826772,864936030306107_1419468879996347,"🚀 QUERO REPRESENTAR VOCÊ! 🙌

Começa agora uma nova caminhada! 

💙 Uma campanha feita de perto, ouvindo as pessoas, conhecendo as realidades e levando para a política a voz de quem precisa ser representado. 🤝

Eu sou Pepe Collaço e quero representar você! 🫵

1️⃣1️⃣2️⃣2️⃣3️⃣

Vamos juntos nessa caminhada! 💪🚀

#PepeCollaço #DeputadoEstadual #Campanha #SantaCatarina"
2026-08-16,11:58,facebook+instagram,FEED,https://www.instagram.com/p/DcGZ4SJhZfk/,https://www.facebook.com/1394493682493867/posts/1419082396701662,776,214,990,5,,,,,18482736376103162,864936030306107_1419082396701662,"DIA 1 ✅ AGORA É PRA VALER! 🚀💙

A gente estava ansioso por esse momento. E ele chegou!

Começa hoje uma nova caminhada por Santa Catarina. Com muita energia, pé na estrada e vontade de fazer uma campanha bonita, próxima das pessoas e cheia de trabalho. 🤝

O santinho já está na mão e o nosso número é 1-1-2-2-3! 🗳️

É Pepê Collaço, 1-1-2-2-3✅

Vamos com tudo! 🚀

Acompanhe, compartilhe e venha fazer parte dessa caminhada com a gente! 💙

#PepêCollaço #11223 #SantaCatarina #Eleições2026 #VamosComTudo"
2026-08-15,15:01,facebook+instagram,FEED,https://www.instagram.com/p/DcEJ8YVgpWY/,https://www.facebook.com/1394493682493867/posts/1418387656771136,126,20,146,,,,,,18100399784262383,864936030306107_1418387656771136,"Estou ON no find ✅

➡️ Semana de estrada, de encontros e, principalmente, de escuta.

🫂 Cada conversa, cada visita e cada município percorrido reforçam um compromisso: estar presente, ouvir de perto as demandas da nossa gente e transformar diálogo em trabalho.

🎯 É assim que seguimos construindo uma Santa Catarina cada vez melhor, lado a lado com quem vive a realidade de cada cidade. 

#TrabalhoQueTransforma #PepêCollaço #SantaCatarina"
2026-08-14,23:46,facebook+instagram,REELS,https://www.instagram.com/reel/DcChlKxNOY5/,https://www.facebook.com/reel/1674649913607752/,148,41,189,1,,,,,18209973145351225,864936030306107_1417807213495847,"Está chegando nossa nova fase… 🫡

Cada gravação, cada reunião e cada quilômetro percorrido têm o mesmo propósito: continuar trabalhando por Santa Catarina e honrar a confiança de quem caminha comigo.

🚀 Vamos em frente. Estou pronto e conto com vocês!

🤝 Me acompanhe por aqui se você quer ver Santa Catarina evoluindo de verdade!

#SantaCatarina #TrabalhoQueEntrega #Bastidores #DeputadoEstadualSC"
2026-08-14,14:45,facebook,post,https://www.facebook.com/1394493682493867/posts/1417508280192407,,,,,,,,,,,864936030306107_1417508280192407,"💙 Sessão Azul: cinema adaptado e mais inclusivo para pessoas com TEA

🧩 Para muitas pessoas com Transtorno do Espectro Autista (TEA), uma sessão de cinema tradicional pode ser desafiadora por causa do volume do som, da escuridão e da quantidade de estímulos.

✨ É por isso que existe a Sessão Azul: uma experiência adaptada para oferecer mais conforto, acolhimento e liberdade. Com luzes parcialmente acesas, som reduzido e um ambiente mais tranquilo, mais famílias podem aproveitar esse momento com segurança e tranquilidade.

🤝 Inclusão também significa garantir o acesso ao lazer, à convivência e a experiências que fazem parte da vida de todos.

💬 Compartilhe este post para que mais pessoas conheçam a Sessão Azul e ajudem a construir uma Santa Catarina cada vez mais inclusiva.

#PepêCollaço #SantaCatarina #autism #Inclusão #cinema"
2026-08-14,14:45,instagram,FEED,https://www.instagram.com/p/DcBjuC2gDZB/,,102,21,123,,,,,,18019294886879430,,"💙 Como autor da lei que instituiu a Sessão Azul em Santa Catarina, tenho orgulho de ver essa iniciativa transformando a experiência de cinema para pessoas com TEA.

Para muitas pessoas com Transtorno do Espectro Autista (TEA), uma sessão de cinema tradicional pode ser desafiadora por causa do volume do som, da escuridão e da quantidade de estímulos.

✨ É por isso que existe a Sessão Azul: uma experiência adaptada para oferecer mais conforto, acolhimento e liberdade. Com luzes parcialmente acesas, som reduzido e um ambiente mais tranquilo, mais famílias podem aproveitar esse momento com segurança e tranquilidade.

🤝 Inclusão também significa garantir o acesso ao lazer, à convivência e a experiências que fazem parte da vida de todos.

💬 Compartilhe este post para que mais pessoas conheçam a Sessão Azul e ajudem a construir uma Sa nta Catarina cada vez mais inclusiva.

#PepêCollaço #SantaCatarina #Autismo #Inclusão #Cinema"
2026-08-13,22:11,facebook+instagram,FEED,https://www.instagram.com/p/Db_x4XPhKp4/,https://www.facebook.com/1394493682493867/posts/1416970476912854,199,27,226,2,,,,,18067542323557807,864936030306107_1416970476912854,"Você encontrou quem faz a diferença? 🪞👀

🫵🏼 Ao dar um zoom, o reflexo que aparece é o seu.

🫂 Agradeço pelo seu apoio, pela confiança no meu trabalho e por fazer parte desta caminhada. É por pessoas como você que seguimos trabalhando todos os dias para construir uma Santa Catarina cada vez melhor.

#TrabalhoQueTransforma #PepêCollaço #SantaCatarina"
2026-08-12,20:31,facebook+instagram,FEED,https://www.instagram.com/p/Db9Bv1goPPf/,https://www.facebook.com/1394493682493867/posts/1416113520331883,214,55,269,3,,,,,18111331364067799,864936030306107_1416113520331883,"🫡 A confiança se constrói com trabalho.

Tive a honra e a responsabilidade de presidir a Comissão de Constituição e Justiça (CCJ), a principal comissão da Assembleia Legislativa.

✅ Acredito que a boa política se faz assim: ouvindo, construindo consensos e trabalhando por Santa Catarina.

🎯 Seguimos trabalhando, com responsabilidade e compromisso com Santa Catarina.

#PepêCollaço #Alesc #CCJ #SantaCatarina #TrabalhoQueTransforma"
2026-08-11,11:59,facebook+instagram,REELS,https://www.instagram.com/reel/Db5iHnWxD-K/,https://www.facebook.com/reel/1701088464280354/,100,21,121,,,,,,18133601728716925,864936030306107_1414967073779861,"ORGULHO DE SER CATARINENSE! 💚❤️

Hoje é dia de celebrar Santa Catarina, o estado que tenho orgulho de chamar de casa e de representar todos os dias.

🫱🏻‍🫲🏼 Tenho orgulho de ter nascido aqui e, principalmente, de poder trabalhar por quem vive em cada canto do nosso estado.

Que Santa Catarina siga crescendo, com trabalho, oportunidades e qualidade de vida para todos.

Parabéns, Santa Catarina! 🎂

#SantaCatarina #OrgulhoDeSerCatarinense #PepêCollaço"
2026-08-10,21:03,facebook+instagram,FEED,https://www.instagram.com/p/Db370c1sXdM/,https://www.facebook.com/1394493682493867/posts/1414509247158977,63,18,81,1,,,,,18097053551354760,864936030306107_1414509247158977,"NA ESTRADA, PERTO DE QUEM FAZ SANTA CATARINA. 🤝

357.648,11 km percorridos. 1.309 dias. Milhares de encontros, histórias e abraços que não cabem em números.

Porque representar Santa Catarina é estar presente, ouvir quem vive a realidade de cada região e entender de perto os desafios de quem faz o nosso Estado acontecer.

A estrada continua e o trabalho também. 🧡

#PepêCollaço #SantaCatarina #NaEstrada #Trabalho #PertoDasPessoas"
2026-08-09,16:13,facebook+instagram,FEED,https://www.instagram.com/p/Db010ILIJCz/,https://www.facebook.com/1394493682493867/posts/1413555427254359,318,26,344,,,,,,18002384660978558,864936030306107_1413555427254359,"VIVO COMO PAI. APRENDO COMO FILHO. 

Hoje é dia de celebrar o amor que atravessa gerações. 

Como filho, tive em meu pai um exemplo de cuidado, presença e amor. Como pai, tenho em minhas filhas a oportunidade de viver e transmitir tudo isso todos os dias.

Que privilégio olhar para quem me ensinou e, ao mesmo tempo, olhar para quem me inspira a continuar aprendendo. ❤️

Feliz Dia dos Pais!

#DiaDosPais #Família #AmorDePai #SerPai #PepêCollaço"
2026-08-08,00:24,facebook+instagram,REELS,https://www.instagram.com/reel/DbwkX6RN2Ev/,https://www.facebook.com/reel/2252520058933396/,111,21,132,1,,,,,18014006087945823,864936030306107_1412230834053485,"SAÚDE MAIS PERTO DE QUEM PRECISA. 🩺💙

Quem mora em cidade menor ou no interior sabe: quando o acesso é difícil, muita gente acaba deixando um cuidado importante para depois. 🏥📍

Por isso, ampliar o acesso aos testes rápidos nas farmácias é também aproximar a prevenção da rotina das pessoas. Diabetes, colesterol, dengue, Covid, HIV e outros testes previstos pela regulamentação podem ajudar no acompanhamento da saúde, sempre com orientação profissional. 🔬💊

Teste rápido não substitui o diagnóstico laboratorial nem a avaliação médica. Ele é mais uma ferramenta para cuidar, acompanhar e buscar orientação no momento certo. 👨‍⚕️

Porque saúde não pode depender da distância. Cuidado bom é cuidado que chega mais perto das pessoas. 🤝

#SantaCatarina #Saúde #SaúdeMaisPerto #Prevenção #TestesRápidos"
2026-08-06,21:59,facebook+instagram,FEED,https://www.instagram.com/p/DbtvHIJoCpU/,https://www.facebook.com/1394493682493867/posts/1411338900809345,49,14,63,,,,,,18117967387698607,864936030306107_1411338900809345,"📺 VALE A PENA VER DE NOVO

💙 Tem projeto que vira lei. E tem lei que continua fazendo a diferença todos os dias.

🎬 Neste carrossel, relembramos iniciativas que seguem transformando a vida dos catarinenses. Entre elas, a Sessão Azul, que amplia o acesso de pessoas com Transtorno do Espectro Autista (TEA) ao cinema por meio de sessões adaptadas e mais acolhedoras.

🍿 E o melhor exemplo de que boas ideias continuam gerando resultados está acontecendo neste domingo: o Cine Show do Farol Shopping realiza mais uma Sessão Azul, com exibição de Minions & Monstros em um ambiente preparado para oferecer mais conforto, acessibilidade e inclusão às famílias.

🤝 Porque o trabalho não termina quando uma lei é aprovada. Ele continua presente quando ela sai do papel, chega às pessoas e faz diferença na vida de quem mais precisa.

#PepêCollaço #SantaCatarina #TEA #Saúde #Inclusão"
2026-08-05,20:49,facebook,post,https://www.facebook.com/reel/28004586715841500/,,,,,4,,,,,,864936030306107_1410482000895035,"UMA ESPERA DE MAIS DE 40 ANOS CHEGOU AO FIM. 🛣️

💙 Hoje é um daqueles dias que ficam marcados na história de Gravatal.

🤝 Ao lado do prefeito Clei Rodrigues, celebramos a entrega de uma obra aguardada há mais de quatro décadas pela comunidade. Uma estrada que representa mais segurança, mobilidade e desenvolvimento para quem vive e trabalha na região.

✅ É por isso que acredito na política: transformar demandas antigas em conquistas reais, ouvindo as pessoas e fazendo acontecer.

🫡 Seguimos trabalhando para que Santa Catarina continue avançando, município por município. 💙

#PepêCollaço #Gravatal #TrabalhoQueTransforma #SantaCatarina"
2026-08-05,20:49,instagram,REELS,https://www.instagram.com/reel/DbrB_FFssz2/,,294,35,329,,,,,,18405090412080084,,"UMA ESPERA DE MAIS DE 40 ANOS CHEGOU AO FIM. 🛣️

💙 Hoje é um daqueles dias que ficam marcados na história de Gravatal.

🤝 Ao lado do prefeito @cleinils.rodriguesdasilva, celebramos a entrega de uma obra aguardada há mais de quatro décadas pela comunidade. Uma estrada que representa mais segurança, mobilidade e desenvolvimento para quem vive e trabalha na região.

✅ É por isso que acredito na política: transformar demandas antigas em conquistas reais, ouvindo as pessoas e fazendo acontecer.

🫡 Seguimos trabalhando para que Santa Catarina continue avançando, município por município. 💙

#PepêCollaço #Gravatal #TrabalhoQueTransforma #SantaCatarina"
2026-08-04,20:56,instagram,FEED,https://www.instagram.com/p/DboeTg5IH5M/,,177,18,195,,,,,,18123721540753975,,"Acho que trocaram o nome da série... 😂

Era para ser Todo Mundo Odeia..., mas depois de tantos abraços, conversas e demonstrações de carinho na nossa prestação de contas, a sensação foi de “Todo Mundo Ama o Pepê”.

Pode ser uma brincadeira, mas ela carrega algo muito sério: esse carinho aumenta ainda mais a minha responsabilidade de seguir trabalhando por Santa Catarina.

📍 Estar presente nos municípios é o que me permite ouvir de perto, entender as necessidades da nossa região e transformar essas demandas em investimentos, obras e políticas públicas que fazem a diferença.

🤝 Obrigado a todos que estiveram conosco no dia 30 de julho. O mandato é construído ao lado das pessoas, e prestar contas é uma forma de retribuir a confiança de cada um.

Seguimos juntos, com trabalho, diálogo e resultados para o Sul. 🚀

#PepeCollaco #DeputadoEstadual #SantaCatarina #TrabalhoQueTransforma"
2026-08-04,00:11,facebook+instagram,REELS,https://www.instagram.com/reel/DbmOzrsNcd6/,https://www.facebook.com/reel/1030918629653793/,432,46,478,5,,,,,18553487923077064,864936030306107_1408893294387239,"QUE EMOÇÃO! 💙

Ouvir tantas palavras de carinho e confiança de amigos, prefeitos, lideranças e do nosso governador me deixa motivado pra seguir trabalhando por Santa Catarina. 

🤝 Meu muito obrigado a todos que caminham ao nosso lado e acreditam no nosso trabalho. É por vocês e pela nossa gente que sigo trabalhando todos os dias.

Tenho orgulho de representar o Sul de Santa Catarina, uma terra de gente trabalhadora, que acredita na união e faz a diferença. Seguimos juntos, pelo desenvolvimento da nossa região. Pra cima!! 

PROPAGANDA ELEITORAL: CNPJ 68.472.001/0001-72

#PepêCollaço #SulDeSantaCatarina #TrabalhoQueTransforma #SantaCatarina"
2026-08-02,15:52,facebook+instagram,FEED,https://www.instagram.com/p/DbixNtHAMhs/,https://www.facebook.com/1394493682493867/posts/1407806451162590,154,4,158,1,,,,,18126378235664174,864936030306107_1407806451162590,"TAINHA, BOA COMPANHIA E TRADIÇÃO! 🐟

Prestigiando a 15ª Festa da Tainha, na Beira-Mar da Praia do Arroio Corrente, em Jaguaruna.

Um momento para valorizar quem mantém viva a cultura da pesca, fortalecer o comércio local e reunir famílias e amigos em um clima de muita alegria.

Bom fim de semana a todos! ☀️🤝

#Jaguaruna #FestaDaTainha #ArroioCorrente #SulDeSantaCatarina #Tradição Cultura PescaArtesanal SantaCatarina PepêCollaço"
2026-08-01,20:59,facebook,post,https://www.facebook.com/1394493682493867/posts/1407169194559649,,,,,2,,,,,,864936030306107_1407169194559649,"União que gera resultados para o Sul de Santa Catarina. 🤝

Quero agradecer ao governador Jorginho Mello e ao prefeito Soratto pela confiança, parceria e compromisso com a nossa região.

🫡 Quando as lideranças trabalham unidas, quem ganha são os municípios e as pessoas. A força do Sul está na união de quem conhece a nossa realidade e luta por mais investimentos, desenvolvimento e oportunidades.

🫂Seguimos juntos, representando o Sul de Santa Catarina com trabalho, diálogo e resultados. 🚀

#Tubarão #PepeCollaco #SantaCatarina #DeputadoEstadual"
2026-08-01,20:59,instagram,FEED,https://www.instagram.com/p/DbgwNRIoKL0/,,236,14,250,,,,,,17992832339817628,,"União que gera resultados para o Sul de Santa Catarina. 🤝

Quero agradecer ao governador @jorginhomello e ao prefeito @sorattojr pela confiança, parceria e compromisso com a nossa região.

🫡 Quando as lideranças trabalham unidas, quem ganha são os municípios e as pessoas. A força do Sul está na união de quem conhece a nossa realidade e luta por mais investimentos, desenvolvimento e oportunidades.

🫂Seguimos juntos, representando o Sul de Santa Catarina com trabalho, diálogo e resultados. 🚀

#Tubarão #PepeCollaco #SantaCatarina #DeputadoEstadual"
2026-07-31,12:12,facebook,post,https://www.facebook.com/reel/1571311437855683/,,,,,2,,,,,,864936030306107_1406021091341126,"🎯 TRABALHO. PRESENÇA. RESULTADO.

Uma noite para prestar contas do que construímos juntos e mostrar, com números, o resultado do nosso trabalho.

➡️ São R$ 150 milhões destinados à Região Sul, com recursos que chegaram aos municípios e ajudaram a tirar do papel projetos importantes para a nossa gente.

📍 Só para Tubarão, foram R$ 20 milhões, investidos em ações e projetos que fazem a diferença na vida das pessoas.

✅ Mais de 1.000 pessoas participaram deste momento, ao lado de mais de 20 prefeitos e vice-prefeitos, vereadores, lideranças, entidades e do governador Jorginho Mello. 

🫂 Meu muito obrigado a todos que estiveram presentes. Seguimos trabalhando, com responsabilidade e compromisso, pelo futuro da nossa região e de Santa Catarina.

#PepeCollaco #PrestacaoDeContas #Tubarao #RegiaoSul #SantaCatarina"
2026-07-31,12:12,instagram,REELS,https://www.instagram.com/reel/DbdOfKhx3R2/,,454,124,578,,,,,,18080374955323398,,"PROPAGANDA ELEITORAL | CNPJ: 68.472.001/0001.72 

🎯 TRABALHO. PRESENÇA. RESULTADO.

Uma noite para prestar contas do que construímos juntos e mostrar, com números, o resultado do nosso trabalho.

➡️ São R$ 150 milhões destinados à Região Sul, com recursos que chegaram aos municípios e ajudaram a tirar do papel projetos importantes para a nossa gente.

📍 Só para Tubarão, foram R$ 20 milhões, investidos em ações e projetos que fazem a diferença na vida das pessoas.

✅ Mais de 1.000 pessoas participaram deste momento, ao lado de mais de 20 prefeitos e vice-prefeitos, vereadores, lideranças, entidades e do governador @jorginhomello. 

🫂 Meu muito obrigado a todos que estiveram presentes. Seguimos trabalhando, com responsabilidade e compromisso, pelo futuro da nossa região e de Santa Catarina.

#PepeCollaco #PrestacaoDeContas #Tubarao #RegiaoSul #SantaCatarina"
2026-07-29,15:01,facebook+instagram,FEED,https://www.instagram.com/p/DbYY7wBADvF/,https://www.facebook.com/1394493682493867/posts/1404466888163213,162,31,193,3,,,,,18098090123460436,864936030306107_1404466888163213,"🫡 PRESTAÇÃO DO MANDATO

Um mandato construído ao lado dos municípios, ouvindo demandas, buscando recursos e fortalecendo o desenvolvimento do Sul de Santa Catarina. 

Mais do que uma prestação de contas, este é um encontro para apresentar resultados, compartilhar conquistas e reforçar a importância de uma representação forte para a AMUREL e para o Sul de Santa Catarina.

✅ Quando a nossa região tem voz, quem ganha são os municípios, e principalmente, as pessoas.

📅 Data: 30/07/2026
🕖 Horário: 19 horas
📍 Local: Clube Primeiro de Maio
Endereço: Av. Mal. Deodoro, 1355 – Oficinas, Tubarão/SC 

➡️ Esperamos você para conhecer de perto o trabalho realizado e os resultados de um mandato comprometido com a nossa região.

#PrestaçãoDeContas #PepeCollaco #Tubarão #DeputadoEstadual"
2026-07-28,20:54,facebook+instagram,FEED,https://www.instagram.com/p/DbWcbhJRw1l/,https://www.facebook.com/1394493682493867/posts/1403818468228055,82,18,100,,,,,,17937285831341942,864936030306107_1403818468228055,"✅ Check-list da semana: trabalho que acontece de perto.

Estar presente nos municípios é o que permite transformar demandas em resultados.

🎯 Foi ouvindo famílias, lideranças e instituições que construímos pautas importantes para Santa Catarina e seguimos trabalhando por mais qualidade de vida para os catarinenses.

✍️ Um mandato só faz sentido quando está conectado com quem vive a realidade de cada cidade. É desse diálogo que nascem as prioridades, as soluções e as conquistas.

A semana não para. Bora trabalhar! 💪💚

#PepêCollaço #DeputadoEstadual #SantaCatarina #TrabalhoQueTransforma"
2026-07-27,22:15,facebook+instagram,FEED,https://www.instagram.com/p/DbUA_1wAKGB/,https://www.facebook.com/1394493682493867/posts/1403029171640318,201,28,229,2,,,,,18149037877519513,864936030306107_1403029171640318,"🧩 A inclusão precisa sair do discurso e chegar onde realmente faz diferença: na vida das pessoas.

Como deputado, acredito que construir uma Santa Catarina mais inclusiva significa apoiar iniciativas que geram resultados concretos. 

➡️ É por isso que sigo trabalhando para levar mais estrutura, cuidado e dignidade aos municípios catarinenses.

💙 Incluir é garantir que cada criança tenha as condições necessárias para desenvolver todo o seu potencial.

#PepeCollaco #Inclusão #SantaCatarina #Equoterapia #SalasSensoriais"
2026-07-26,20:25,facebook+instagram,FEED,https://www.instagram.com/p/DbRPmvbIB7j/,https://www.facebook.com/1394493682493867/posts/1402175868392315,85,16,101,,,,,,17868472488633712,864936030306107_1402175868392315,"PARTICIPAMOS DISSO! 😉✅

✅ Entre as cidades brasileiras com mais de 100 mil habitantes, Tubarão conquistou um reconhecimento que enche nossa gente de orgulho: é a cidade mais segura de Santa Catarina e a 2ª mais segura do Brasil em índice proporcional de mortes violentas.

🎯 Esse resultado é fruto do trabalho conjunto das forças de segurança, das instituições e de todos que atuam diariamente por uma Tubarão mais segura. Nós também contribuímos para esse avanço, com a entrega de duas viaturas para a Polícia Militar e para o Corpo de Bombeiros da nossa cidade azul! 

🫡 Seguiremos trabalhando para levar investimentos que fortaleçam o desenvolvimento de Tubarão e ajudem a construir um futuro cada vez melhor para quem vive aqui.

💙 Uma conquista como essa é motivo de orgulho para todos nós. Compartilhe este post com quem também ama Tubarão.

#Tubarão #SantaCatarina #SegurançaPública #QualidadeDeVida #PepêCollaço"
2026-07-25,22:21,facebook,post,https://www.facebook.com/reel/2717132068684213/,,,,,2,,,,,,864936030306107_1401446698465232,"🎙️ Pinga Fogo com o Haroldo Oliveira Silva, na Rádio Tubá.

Política, Tubarão e os desafios de Santa Catarina.

🤝 Prazer, eu sou o Pepê Collaço e te convido a acompanhar meu trabalho por Santa Catarina.

🎥 Entrevista completa disponível no canal da TV Tubá Oficial no YouTube.

#PepêCollaço #Tubarão #SantaCatarina #RádioTubá"
2026-07-25,22:21,instagram,REELS,https://www.instagram.com/reel/DbO3fSdhk3-/,,148,26,174,,,,,,17876089338528358,,"🎙️ Pinga Fogo com o @oliveirasilvaharoldo, na @radiotuba.

Política, Tubarão e os desafios de Santa Catarina.

🤝 Prazer, eu sou o Pepê Collaço e te convido a acompanhar meu trabalho por Santa Catarina.

🎥 Entrevista completa disponível no canal da TV Tubá Oficial no YouTube.

#PepêCollaço #Tubarão #SantaCatarina #RádioTubá"
2026-07-24,21:07,facebook,post,https://www.facebook.com/reel/1566779494958277/,,,,,1,,,,,,864936030306107_1400650901878145,"🚧 MAIS DESENVOLVIMENTO PARA BENEDITO NOVO

📍 Essa nova estrada melhora o acesso a um importante ponto turístico da cidade, impulsiona o desenvolvimento da região e cria novas oportunidades para o comércio e o turismo.

🚗 O benefício vai além. Quem trabalha, estuda ou passa por esse caminho todos os dias ganha mais segurança, mobilidade e qualidade de vida.

🤝 É assim que a infraestrutura transforma para melhor a vida das pessoas e faz Benedito Novo avançar.

🚀 Nosso trabalho continua, levando mais desenvolvimento para toda Santa Catarina.

#BeneditoNovo #SantaCatarina #Infraestrutura #PepeCollaco"
2026-07-24,21:06,instagram,REELS,https://www.instagram.com/reel/DbMIl7PhimT/,,269,16,285,,,,,,18092912519077426,,"🚧 MAIS DESENVOLVIMENTO PARA BENEDITO NOVO

📍 Essa estrada melhora o acesso a um importante ponto turístico da cidade, impulsiona o desenvolvimento da região e cria novas oportunidades para o comércio e o turismo.

🚗 O benefício vai além. Quem trabalha, estuda ou passa por esse caminho todos os dias ganha mais segurança, mobilidade e qualidade de vida.

🤝 É assim que a infraestrutura transforma para melhor a vida das pessoas e faz Benedito Novo avançar.

🚀 Nosso trabalho continua, levando mais desenvolvimento para toda Santa Catarina.

#BeneditoNovo #SantaCatarina #Infraestrutura #PepeCollaco"
2026-07-23,20:43,facebook+instagram,FEED,https://www.instagram.com/p/DbJjSRQIC1J/,https://www.facebook.com/1394493682493867/posts/1399872488622653,177,12,189,,,,,,18470658277108155,864936030306107_1399872488622653,"📍 TUBARÃO TEM HISTÓRIAS QUE SÓ QUEM VIVE AQUI CONHECE. 

💙 São tradições, lugares e momentos que ajudam a construir a identidade da nossa cidade e fortalecem o orgulho de ser tubaronense.

Qual dessas lembranças faz parte da sua história?

Comenta aqui e compartilha com quem também tem orgulho de Tubarão! 👇

#TubarãoSC #OrgulhoDeSerTubarão #NossaTubarão #SantaCatarina #SulDeSantaCatarina"
2026-07-23,01:06,facebook+instagram,REELS,https://www.instagram.com/reel/DbHb8IgA5dD/,https://www.facebook.com/reel/1574602297791699/,433,31,464,3,,,,,17898530796480869,864936030306107_1399229448686957,"SUBIMOS! 🦁

Hoje foi dia de comemorar de perto. Bora, Hercílio! 👊

⚽ O Hercílio Luz está de volta à Primeira Divisão do Campeonato Catarinense. Uma conquista histórica que enche de orgulho Tubarão e toda a nossa região. 

Pra cima Leão do Sul! 🎉⚽️

#PepêCollaço #HercílioLuz #LeãoDoSul #Tubarão #FutebolCatarinense PrimeiraDivisão OrgulhoDeTubarão VamosHercílio"
2026-07-21,21:34,facebook,post,https://www.facebook.com/reel/1019051097640964/,,,,,2,,,,,,864936030306107_1398383125438256,"🚐 ESPORTE É INVESTIMENTO NO FUTURO

Cada investimento faz a diferença na formação de uma nova geração.

🏆 A nova van vai garantir mais segurança, conforto e qualidade no transporte das equipes de Maravilha, permitindo que atletas e profissionais viajem com mais tranquilidade para representar o município dentro e fora de Santa Catarina.

💙 Quando o esporte recebe estrutura, surgem mais oportunidades, mais inclusão e mais incentivo para que crianças e jovens sigam acreditando nos seus sonhos.

📲 Vamos juntos fazer mais pelo esporte! Compartilhe este vídeo.

#Esporte #Maravilha #SantaCatarina #Juventude #Investimento Desenvolvimento PepêCollaço"
2026-07-21,21:34,instagram,REELS,https://www.instagram.com/reel/DbEfVf4zKvP/,,123,34,157,,,,,,17961418382966004,,"🚐 ESPORTE É INVESTIMENTO NO FUTURO

Cada investimento faz a diferença na formação de uma nova geração.

🏆 A van vai garantir mais segurança, conforto e qualidade no transporte das equipes de Maravilha, permitindo que atletas e profissionais viajem com mais tranquilidade para representar o município dentro e fora de Santa Catarina.

💙 Quando o esporte recebe estrutura, surgem mais oportunidades, mais inclusão e mais incentivo para que crianças e jovens sigam acreditando nos seus sonhos.

📲 Vamos juntos fazer mais pelo esporte! Compartilhe este vídeo.

#Esporte #Maravilha #SantaCatarina #Juventude #Investimento Desenvolvimento PepêCollaço"
2026-07-20,21:01,facebook+instagram,FEED,https://www.instagram.com/p/DbB24APoJLF/,https://www.facebook.com/1394493682493867/posts/1397599872183248,53,16,69,,,,,,18001286381985589,864936030306107_1397599872183248,"🏥 Saúde mais perto de você.

Com a nossa lei, 47 testes rápidos passaram a estar disponíveis nas farmácias, garantindo diagnósticos mais ágeis, mais prevenção e mais qualidade de vida para os catarinenses.

✅ Menos burocracia. Mais acesso à saúde."
2026-07-19,21:36,facebook+instagram,REELS,https://www.instagram.com/reel/Da_V4eSBbdm/,https://www.facebook.com/reel/1509340803767885/,132,9,141,,,,,,18102864686135787,864936030306107_1396853855591183,"🧩 Inclusão também se faz com investimento e cuidado.

11 salas sensoriais oferecerão mais acolhimento e suporte às crianças autistas nas escolas de Nova Veneza. O município também contará com a equoterapia, uma iniciativa que abre novos caminhos para a qualidade de vida, contribuindo para o desenvolvimento da autonomia, da coordenação motora e da interação social por meio de atividades com cavalos.

🎯 Seguimos trabalhando por uma Santa Catarina cada vez mais inclusiva e humana."
2026-07-18,23:37,facebook+instagram,FEED,https://www.instagram.com/p/Da8_NCWAM_C/,https://www.facebook.com/1394493682493867/posts/1396190718990830,29,3,32,,,,,,18108860897072910,864936030306107_1396190718990830,"➡️ Quando existe apenas um caminho, qualquer imprevisto vira crise. Santa Catarina precisa de rotas alternativas para seguir em movimento, sempre. 

👀 Acompanhamos atentamente esse cenário e aguardamos, o quanto antes, as melhores soluções para a região. 

🫡 Estamos à disposição para seguir contribuindo com a evolução da mobilidade e da economia de Santa Catarina e de todo o Sul do Brasil."
2026-07-16,20:31,facebook+instagram,REELS,https://www.instagram.com/reel/Da3gGS_PaCw/,https://www.facebook.com/reel/1698217801296261/,132,8,140,1,,,,,18611403190012312,864936030306107_1394582775818291,"Mais um avanço para a saúde de Painel! 🏥

✅ Novo aparelho de ultrassonografia que vai trazer mais agilidade nos diagnósticos, reduzir o tempo de espera e fortalecer o atendimento à população.

🫡 Seguimos trabalhando para levar mais estrutura, qualidade e dignidade à saúde dos catarinenses."
2026-07-15,20:50,facebook+instagram,FEED,https://www.instagram.com/p/Da09rj3oIHb/,https://www.facebook.com/1394493682493867/posts/1393798562563379,108,14,122,,,,,,18051804830535729,864936030306107_1393798562563379,"🚧 A SOLUÇÃO QUE O SUL DE SC PRECISA 

A interdição da Ponte Anita Garibaldi, em Laguna, mostrou na prática o que a gente já vem alertando: quando a região depende de uma única via, qualquer imprevisto trava tudo: o trânsito, a economia, a rotina de quem precisa se deslocar todos os dias.

Enquanto o reparo acontece, voltamos à pista única da Ponte da Cabeçuda e a rotas alternativas precárias e mal sinalizadas.

Isso não pode ser normal. O Sul de SC precisa de rotas alternativas estruturadas, pensadas para o dia a dia, não só para emergências.

📢 Vamos cobrar planejamento real de mobilidade para a nossa região."
2026-07-14,20:56,facebook+instagram,REELS,https://www.instagram.com/reel/DayZRJateKd/,https://www.facebook.com/reel/1339853421674899/,206,31,237,4,,,,,18078590954676013,864936030306107_1392987502644485,"INFRAESTRUTURA É PRIORIDADE! 🚧

Santa Catarina cresce, produz e gera oportunidades. Mas sem investimentos em infraestrutura, o desenvolvimento fica comprometido.

BR-470, BR-282, Morro dos Cavalos e a ligação ferroviária dos portos precisam ser tratados como prioridade pelo Governo Federal.

Seguirei cobrando soluções para garantir mais segurança, mobilidade e competitividade para o nosso estado. 👊

💬 Você concorda? Comente e compartilhe.

#SantaCatarina #Infraestrutura #MorroDosCavalos #BR470 #BR282 Desenvolvimento PepêCollaço"
2026-07-13,23:27,facebook+instagram,FEED,https://www.instagram.com/p/DawFfJXNj--/,https://www.facebook.com/1394493682493867/posts/1392287179381184,119,20,139,1,,,,,17946235716035830,864936030306107_1392287179381184,"O TRABALHO NÃO PARA NEM NO ANIVERSÁRIO! 🎉

Hoje é dia de comemorar mais um ano de vida. Mas a melhor forma de celebrar é fazendo o que sempre esteve em primeiro lugar: trabalhar por Santa Catarina e pelas pessoas.

Daqui a poucos minutos, estarei ao vivo no podcast do Upiara para conversar sobre os desafios, as oportunidades e o futuro do nosso estado.

Aniversário também é compromisso. Seguimos firmes, com dedicação, diálogo e muito trabalho para construir uma Santa Catarina cada vez melhor. 💙

▶️ Acompanhe a entrevista ao vivo e participe dessa conversa!

#PepêCollaço #SantaCatarina #TrabalhoQueTransforma #PodcastDoPiara #Alesc CompromissoComSC"
2026-07-10,21:11,facebook+instagram,FEED,https://www.instagram.com/p/DaoHcxAJg_X/,https://www.facebook.com/1394493682493867/posts/1389984972944738,104,2,106,,,,,,18179658466375096,864936030306107_1389984972944738,"Vai uma cuca quentinha aí? 😋

A FEAGRO já está movimentando Braço do Norte e mostrando, mais uma vez, a força do agronegócio do Sul de Santa Catarina. Muito mais que uma feira, é um espaço de negócios, inovação, tecnologia e valorização dos nossos produtores, reunindo expositores, criadores e visitantes de todo o estado. Incentivar eventos como esse é fortalecer a economia, gerar oportunidades e reconhecer quem faz o nosso campo crescer todos os dias. 🚜🌱

#Feagro #BraçoDoNorte #AgroSC #Agronegócio #SulDeSantaCatarina Desenvolvimento PepeCollaço"
2026-07-09,21:35,facebook+instagram,REELS,https://www.instagram.com/reel/DallnYmORzx/,https://www.facebook.com/reel/1560076445630508/,113,25,138,3,,,,,18089194139530978,864936030306107_1389238343019401,"TUBARÃO EM OBRAS 🚧

Trabalho duro, resultado aparecendo e obras saindo do papel. 💪

As melhorias já começaram na Rua Virgílio Parisi Duarte, no bairro Monte Castelo. E essa é apenas uma das muitas frentes de trabalho que já estão transformando Tubarão.

✅ Já são mais de 15 ruas em obras pela cidade.
✅ E vem muito mais: mais de 60 ruas vão receber melhorias.

É assim que a gente trabalha: presente nos bairros, acompanhando de perto e lutando para que os investimentos cheguem onde a população precisa.

De Tubarão, por Tubarão. Quem representa a nossa cidade trabalha para entregar resultados e fazer a diferença na vida das pessoas. Bora! 👊

#Tubarão #Obras #Infraestrutura #TrabalhoQueDáResultado #SulDeSantaCatarina SantaCatarina PepêCollaço DeTubarãoParaTubarão"
2026-07-06,20:54,facebook+instagram,REELS,https://www.instagram.com/reel/Dadyg4DpJ2-/,https://www.facebook.com/reel/1316799130492928/,100,16,116,1,,,,,17973431757097511,864936030306107_1386787469931155,"UNIFORME É DIGNIDADE! 🧥📚

Em Painel, tivemos a alegria de participar da entrega dos kits de uniformes escolares, adquiridos por meio de uma emenda parlamentar. 💙

Para muitos, o uniforme pode parecer apenas uma roupa. Mas, para muitas famílias, ele representa acolhimento, igualdade e a oportunidade de as crianças estudarem com mais conforto, especialmente nos dias de frio.

Além dos alunos, os professores também receberam novos uniformes, valorizando ainda mais quem faz a educação acontecer todos os dias.

Investir na educação é cuidar das pessoas e construir um futuro melhor. É com ações como essa que fazemos a diferença na vida de quem mais precisa. 🤝

Seguimos trabalhando por mais qualidade de vida, mais oportunidades e mais dignidade para os catarinenses. Acompanhe nosso trabalho!

#Educação #Painel #SerraCatarinense #SantaCatarina #MandatoPresente PepêCollaço InvestirNaEducação CuidandoDasPessoas"
2026-07-06,00:50,facebook+instagram,REELS,https://www.instagram.com/reel/Dabo4HKt1Yn/,https://www.facebook.com/reel/27343169955350262/,0,0,0,,,,,,18183538927399764,864936030306107_1386061200003782,"DOI VER ISSO… 🇧🇷💔

Hoje, a eliminação para a Noruega encerrou a campanha do Brasil nas oitavas de final da Copa do Mundo.

A última vez que isso havia acontecido foi em 1990. Na época, o presidente era Fernando Collor e a eliminação veio diante da Argentina.

Quatro anos depois, em 1994, o Brasil deu a volta por cima e conquistou o tetracampeonato.

Que essa derrota sirva para preparar um novo ciclo. Que venha 2030. Seguimos acreditando no Brasil. 🇧🇷

#Brasil #CopaDoMundo #SeleçãoBrasileira #RumoAoHexa #2030"
2026-07-05,18:44,facebook+instagram,FEED,https://www.instagram.com/p/Daa_GhDJKyY/,https://www.facebook.com/1394493682493867/posts/1385872653355970,238,14,252,,,,,,17874414273528951,864936030306107_1385872653355970,"NOSSA MANU, 12 ANOS! 🎉💙

Gratidão por celebrar a tua vida minha filha. São 12 anos iluminando os nossos dias com esse teu jeito carinhoso, inteligente, especial e cheio de amor.

Manu, que Deus continue guiando cada passo teu. Nunca esqueça que você pode contar sempre com a nossa família, com o amor da mamãe, do papai e de todos que torcem pela tua felicidade.

Feliz aniversário, filha! Que esta nova fase seja repleta de sonhos realizados, saúde, alegria e muitas conquistas. Nós te amamos mais do que as palavras conseguem dizer. ❤️✨"
2026-07-05,13:19,facebook+instagram,REELS,https://www.instagram.com/reel/DaaZdM-AVlQ/,https://www.facebook.com/reel/1534486261805164/,168,21,189,1,,,,,18599032210057653,864936030306107_1385654716711097,"É GOLAÇO PARA MORRO DA FUMAÇA! ⚽🇧🇷

Em dia de jogo da Seleção, quem também marca um golaço é Morro da Fumaça! 💚💛

O espaço aqui vai ganhar campo de areia, pista de caminhada, área infantil e cancha de bocha, levando mais esporte, lazer e qualidade de vida para a comunidade. 🏃‍♂️⚽👨‍👩‍👧‍👦

Quando o trabalho acontece em parceria, quem vence é a população. Vamos seguir fazendo gols por Santa Catarina! 🚀

⚽ Acompanhe, compartilhe e marque quem vai aproveitar esse novo espaço!

#MorroDaFumaça #SulDeSantaCatarina #EsporteELazer #Infraestrutura TrabalhoQueEntrega PepêCollaço SantaCatarina"
2026-07-02,19:49,facebook+instagram,FEED,https://www.instagram.com/p/DaTYV77iV-C/,https://www.facebook.com/1394493682493867/posts/1383337206942848,81,12,93,,,,,,18021265124687162,864936030306107_1383337206942848,"🏆 COMO NA COPA, ANTES DA DECISÃO, TEM A CLASSIFICAÇÃO.

Na Assembleia também é assim.

Antes de chegar ao Plenário, todo projeto de lei passa pela Comissão de Constituição e Justiça (CCJ), onde é feita a primeira análise da sua tramitação.

É esse trabalho que ajuda a garantir mais segurança jurídica e um processo legislativo responsável.

➡️ No carrossel, explico de forma simples como funciona essa etapa tão importante.

💬 Você já conhecia o papel da CCJ? Comente e compartilhe!

#CCJ #Alesc #SantaCatarina #PepêCollaço #ProcessoLegislativo"
2026-06-30,18:40,facebook+instagram,REELS,https://www.instagram.com/reel/DaOGeN9pl4L/,https://www.facebook.com/reel/4271642926419690/,186,8,194,,,,,,18094428545344007,864936030306107_1381638050446097,"EM CLIMA DE COPA O ESPORTE MERECE ESTRUTURA! ⚽🔥

Quem vê um placar eletrônico pode achar que é só um detalhe. Mas é esse tipo de investimento que valoriza o esporte, incentiva nossos jovens e fortalece a comunidade. 💪

Seguimos trabalhando para transformar recursos em resultados.

👉 Compartilhe e acompanhe nosso trabalho!

#PepêCollaço #Esporte #SantaCatarina #TrabalhoQueDáResultado #MaisEsporte"
2026-06-29,19:07,facebook+instagram,FEED,https://www.instagram.com/p/DaLk7GBJN1h/,https://www.facebook.com/1394493682493867/posts/1380811233862112,139,3,142,,,,,,17876025393505372,864936030306107_1380811233862112,Rumo às oitavas com a nossa seleção! Que venha mais uma vitória do nosso Brasil! 🇧🇷🔥
2026-06-29,13:44,facebook+instagram,REELS,https://www.instagram.com/reel/DaK_pNiAD9b/,https://www.facebook.com/reel/2282662042569315/,174,23,197,8,,,,,18103664563847547,864936030306107_1380597613883474,"SANTA CATARINA MERECE RESPEITO! 👊🇧🇷

Santa Catarina é terra de gente que trabalha, empreende e faz o Brasil crescer. 💪

Aqui, a força do nosso Estado vem da dedicação de um povo formado por diferentes etnias, que construiu sua história com muito esforço, honestidade e trabalho.

Por isso, é inaceitável que o Presidente da República venha ao nosso Estado para debochar ou atacar a imagem dos catarinenses. Quem ocupa o cargo mais importante do país deveria unir os brasileiros, e não dividir ou incentivar preconceitos.

Santa Catarina merece respeito. E eu seguirei defendendo a honra do nosso povo, da nossa história e de quem acorda cedo todos os dias para fazer este Estado ser referência para o Brasil. 👏

➡️ Você concorda? Deixe sua opinião nos comentários e compartilhe esta mensagem.

#SantaCatarina #RespeitoAoPovoCatarinense #Brasil2026 #PolíticaComResponsabilidade #OrgulhoDeSC"
2026-06-28,13:47,facebook+instagram,REELS,https://www.instagram.com/reel/DaIYzmCga4k/,https://www.facebook.com/reel/1678399396725490/,775,32,807,48,,,,,17895087366481685,864936030306107_1379799457296623,"A BARRA DO CAMACHO PRECISA DE SOLUÇÃO! 🌊

O problema da Barra do Camacho não é apenas de Jaguaruna. É uma preocupação de toda a nossa região.

Quando o canal perde capacidade de vazão, aumentam os riscos de alagamentos, a pesca artesanal é prejudicada e o equilíbrio do nosso complexo lagunar fica comprometido.

A solução passa por ações urgentes: o desassoreamento da barra e o avanço das obras estruturais para evitar que esse problema continue se repetindo.

Nosso compromisso é seguir cobrando, acompanhando e trabalhando para que essa demanda saia do papel o mais rápido possível. Essa é uma luta que impacta milhares de famílias, produtores, pescadores e toda a economia da região.

🤝 Seguimos juntos por soluções concretas para o Sul de Santa Catarina.

💬 Comente a sua opinião e compartilhe esta pauta. Acompanhe nosso trabalho!

#BarraDoCamacho #Jaguaruna #PescaArtesanal #SulDeSantaCatarina #Infraestrutura DesenvolvimentoRegional PepêCollaço Alesc"
2026-06-27,20:37,facebook+instagram,REELS,https://www.instagram.com/reel/DaGkjRtwaTX/,https://www.facebook.com/reel/2021295878486002/,69,0,69,,,,,,18209086777343526,864936030306107_1379238487352720,"BRASIL UNIDO 🇧🇷

Como é bom ver os brasileiros unidos pela Seleção.

No avião, na rua ou em casa, a Copa desperta algo que precisamos valorizar: patriotismo, respeito e amor pelo Brasil. ⚽✈️

Mas esse sentimento não pode aparecer só de quatro em quatro anos.

É por isso que defendo a educação cívica nas escolas: para formar cidadãos com valores, deveres e orgulho da nossa nação.

A Copa passa.
A cidadania fica.

#Civismo #Patriotismo #Educação #Brasil #PepêCollaço"
2026-06-25,20:26,facebook+instagram,REELS,https://www.instagram.com/reel/DaBaTfRJPmA/,https://www.facebook.com/reel/2230579941162488/,81,4,85,,,,,,18115462960677247,864936030306107_1377591244184111,"MENOS CONTA, MAIS SAÚDE! ☀️🏥

Imagine transformar o gasto com energia em mais exames, consultas, medicamentos e atendimento para quem mais precisa.

Foi com esse objetivo que criamos uma lei que destina recursos para a instalação de painéis solares em hospitais filantrópicos. ⚡💙

É uma solução inteligente: reduz os custos fixos e permite que mais recursos sejam investidos diretamente na saúde da população.

Acompanhe esse projeto e compartilhe essa ideia. 🚀

#Saúde #EnergiaSolar #HospitaisFilantrópicos #SantaCatarina #PepêCollaço"
2026-06-24,23:29,facebook+instagram,FEED,https://www.instagram.com/p/DZ_LMJBjW0M/,https://www.facebook.com/1394493682493867/posts/1376845070925395,83,2,85,1,,,,,18072390290361291,864936030306107_1376845070925395,"FORÇA, RAÍZES E EXCELÊNCIA

Três mulheres. Três histórias que cruzaram continentes para transformar Santa Catarina. Hoje a ALESC homenageia quem representa o melhor da amizade entre Brasil e China. 🇧🇷🇨🇳

Hsia Yuan Ping chegou ao Brasil em 1972 e ajudou a construir a comunidade sino-brasileira em SC. Silvia Wu chegou em 1993 com três filhos e construiu do zero uma trajetória de empreendedorismo e integração cultural. Duas vidas de trabalho, fé e perseverança. 🌱

A Dra. Larissa Santos leva o nome de SC para o mundo pela ciência, com pesquisas de ponta na China e dois prêmios Jabuti. Quando mulheres lideram com propósito, o impacto não tem fronteiras. 🌌

📍 Assembleia Legislativa de Santa Catarina
\#ALESC #PepêCollaço #SCFazHistória #BrasilChina #MoçãoDeAplausos SantaCatarina"
2026-06-23,15:04,facebook+instagram,REELS,https://www.instagram.com/reel/DZ7sV1TgI_m/,https://www.facebook.com/reel/856144920532034/,197,11,208,3,,,,,17862008265649774,864936030306107_1375789287697640,"FIM DA ESPERA! 🌉✅

Depois de mais de 20 anos de espera, a comunidade da Represa finalmente vê um sonho sair do papel!

A antiga ponte trazia insegurança e muitas dificuldades, principalmente nos períodos de chuva, quando o rio enchia e o acesso ficava comprometido.

Essa é uma conquista construída com diálogo, parceria e muito trabalho junto à administração municipal de Braço do Norte, ao vice-prefeito Duda.

Agora, a comunidade terá mais segurança, mobilidade e qualidade de vida para atravessar de um lado ao outro do rio. 🚜🚗👨‍👩‍👧‍👦

É assim que seguimos: ouvindo as pessoas e trabalhando para transformar demandas históricas em realidade.

📲 Acompanhe nosso trabalho e compartilhe essa conquista com quem lutou por ela!

#PepeCollaco #BraçoDoNorte #Infraestrutura #SantaCatarina #TrabalhoQueEntrega"
2026-06-22,20:33,facebook+instagram,REELS,https://www.instagram.com/reel/DZ5svByBpuC/,https://www.facebook.com/reel/2041887159867246/,69,8,77,1,,,,,17976995463024359,864936030306107_1375185721091330,"QUE HONRA! ✨🚀

Cidade que me acolhe e me relembra os valores dos nossos ancestrais. 👏"
2026-06-21,15:28,facebook+instagram,FEED,https://www.instagram.com/p/DZ2lzp1ADtR/,https://www.facebook.com/1394493682493867/posts/1374181644525071,149,25,174,2,,,,,18044851532787271,864936030306107_1374181644525071,"FOI LINDO! ✨🚀

Mais de 400 lideranças de todas as regiões de Santa Catarina reunidas em um encontro marcado pela troca de experiências, prestação de contas e compromisso com o futuro do nosso Estado.

Foi lindo ver tantas pessoas que acreditam no trabalho sério, próximo dos municípios e focado em entregar resultados para quem mais importa: os catarinenses.

Obrigado a todos que fizeram parte deste momento. Seguimos juntos, de Norte a Sul, trabalhando por Santa Catarina! 🚀

#PepêCollaço #SantaCatarina #TrabalhoQueEntrega"
2026-06-19,17:45,facebook+instagram,REELS,https://www.instagram.com/reel/DZxrSvfMEvq/,https://www.facebook.com/reel/1012051288002836/,97,8,105,1,,,,,18119722759752639,864936030306107_1372623178014251,"O BRASIL ENTRA EM CAMPO. QUEM GANHA É A NOSSA REGIÃO 🇧🇷⚽

Hoje a seleção veste a amarelinha. E eu também.

Mas enquanto a bola rola, aqui o trabalho não para.

Já são mais de R$ 100 milhões conquistados para a Amurel, com investimentos que estão chegando em hospitais, pavimentações, equipamentos de saúde, raio-x, infraestrutura, educação e qualidade de vida para a nossa gente.

São recursos que fortalecem os municípios, geram oportunidades e melhoram o atendimento para quem mais precisa.

Torcer pelo Brasil é fácil. Trabalhar todos os dias pela nossa região é compromisso. 💪

Seguimos em campo, defendendo aquilo que realmente importa: o desenvolvimento da Amurel e de Santa Catarina.

🇧🇷 Boa sorte, Brasil!

#PepêCollaço #Amurel #SantaCatarina #TrabalhoQueDáResultado #DesenvolvimentoRegional MaisInvestimentos NossaRegião JuntosPorSC"
2026-06-18,23:03,facebook+instagram,FEED,https://www.instagram.com/p/DZvq12pAzO1/,https://www.facebook.com/1394493682493867/posts/1371995521410350,244,26,270,2,,,,,17930958552101291,864936030306107_1371995521410350,"Hoje é um dia de gratidão e orgulho.

Receber o Título Honorário de Cidadão Neoveneziano é uma honra que guardarei para sempre em meu coração. Este reconhecimento fortalece ainda mais os laços que construí com Nova Veneza, uma cidade de gente trabalhadora, acolhedora e que tanto contribui para o desenvolvimento de Santa Catarina.

Agradeço à Câmara de Vereadores, às lideranças e a toda a comunidade neoveneziana por esta homenagem tão especial. Recebo este título com humildade, respeito e o compromisso de continuar trabalhando pelo progresso da nossa região e pela qualidade de vida das pessoas.

Agora também sou, com muito orgulho, um cidadão neoveneziano!

#NovaVeneza #CidadãoNeoveneziano #Gratidão #Reconhecimento #PepêCollaço TrabalhoQueTransforma SantaCatarina"
2026-06-18,00:09,facebook+instagram,REELS,https://www.instagram.com/reel/DZtNrd1tou9/,https://www.facebook.com/reel/815809724799802/,270,50,320,2,,,,,18083640998403325,864936030306107_1371243554818880,"🔥 FORÇA. UNIÃO. RESULTADOS.

Que noite especial! Mais de 400 lideranças de todas as regiões de Santa Catarina reunidas em um encontro marcado pela troca de experiências, prestação de contas e compromisso com o futuro do nosso Estado.

Foi lindo ver tantas pessoas que acreditam no trabalho sério, próximo dos municípios e focado em entregar resultados para quem mais importa: os catarinenses.

Obrigado a todos que fizeram parte deste momento. Seguimos juntos, de Norte a Sul, trabalhando por Santa Catarina! 🚀

#PepêCollaço #SantaCatarina #TrabalhoQueEntrega"
2026-06-15,17:25,facebook+instagram,REELS,https://www.instagram.com/reel/DZnWAjJhOVa/,https://www.facebook.com/reel/1718625755982943/,257,28,285,5,,,,,17863830918633197,864936030306107_1369424231667479,"ABRINDO CAMINHO! 🚧

Uma obra que representa muito mais do que asfalto.

A abertura da Avenida Pedro Zapelini vai conectar Oficinas ao Passo do Gado e criar uma nova ligação com a Vila Moema, facilitando o deslocamento de quem vive, trabalha e circula pela região todos os dias.

🚗 Menos voltas.
⏱️ Mais mobilidade.
🏘️ Mais integração entre os bairros.

Com R$ 2 milhões garantidos pela Bancada do Sul, esse investimento ajuda a preparar Tubarão para crescer com planejamento, melhorando o trânsito e a qualidade de vida da nossa população.

Tubarão é a minha casa. E casa a gente cuida com prioridade.

Vou acompanhar essa obra de perto, metro por metro. 🤝

▶️ Assista ao vídeo e veja como essa ligação vai transformar a mobilidade da cidade.

#Tubarão #PedroZapelini #MobilidadeUrbana #Infraestrutura #DesenvolvimentoRegional"
2026-06-13,18:24,facebook+instagram,REELS,https://www.instagram.com/reel/DZiTR5cu6-s/,https://www.facebook.com/reel/1005580161831729/,116,9,125,1,,,,,18057262370732085,864936030306107_1367822325161003,"MEU PALPITE TÁ AÍ! 🇧🇷 O Brasil entra em campo… e aqui quem sai ganhando são os hospitais. 🏥☀️

A lei dos painéis solares já foi aprovada e pode gerar uma economia importante e permanente para os hospitais filantrópicos. É menos gasto com energia e mais recurso para exames, consultas, estrutura e atendimento.

Agora, o texto está em fase de regulamentação pelo Governo do Estado. E assim que essa etapa avançar, vamos explicar tudo direitinho.

Posso também fazer uma versão ainda mais curta, com mais cara de legenda de Reels."
2026-06-10,20:25,facebook+instagram,REELS,https://www.instagram.com/reel/DZayE7cAE8M/,https://www.facebook.com/reel/1679631209942496/,150,7,157,1,,,,,18080731637642171,864936030306107_1365474725395763,"🚒 SEGURANÇA QUE FICA PARA O FUTURO

Mais uma importante entrega para o Sul de Santa Catarina.
Participamos da inauguração da nova sede do Corpo de Bombeiros Militar em Cocal do Sul, uma obra viabilizada com recursos da Bancada do Sul, resultado da união dos deputados da nossa região em favor de investimentos que fazem a diferença na vida das pessoas.

Investir no Corpo de Bombeiros é investir em quem está pronto para agir quando cada segundo faz diferença.
Quando trabalhamos juntos pelo Sul, entregamos resultados concretos para a nossa gente. 🚒👏"
2026-06-08,17:50,facebook+instagram,REELS,https://www.instagram.com/reel/DZVXanCP3zk/,https://www.facebook.com/reel/1700476734305863/,138,8,146,1,,,,,18365618287224538,864936030306107_1363742388902330,"🏗️💙 MAIS ESPAÇO. MAIS INCLUSÃO. MAIS FUTURO.

As novas salas da APAE de Capivari de Baixo já são realidade! 🙌

Com recursos destinados pelo nosso Gabinete, a instituição ganhou novos espaços para ampliar o atendimento, oferecer mais conforto e fortalecer o trabalho que transforma vidas todos os dias.

Quando investimos na APAE, investimos em oportunidades, desenvolvimento e qualidade de vida para centenas de famílias. ❤️

Porque inclusão de verdade não acontece só no discurso. Ela acontece com estrutura, investimento e compromisso. 👏

#Inclusão #APAE #CapivarideBaixo #PepêCollaço #EducaçãoEspeciaL"
2026-06-07,16:30,facebook+instagram,FEED,https://www.instagram.com/p/DZSpoECPRhN/,https://www.facebook.com/1394493682493867/posts/1362906498985919,191,9,200,,,,,,18078062003399096,864936030306107_1362906498985919,"🎉🌽 TEMPO DE FESTA JUNINA!

Chegou uma das épocas mais bonitas do ano, de reunir famílias, amigos e celebrar as nossas tradições.

E a tradicional Festa Junina da Passagem mostrou mais uma vez por que faz parte da história de Tubarão. Uma festa linda, com muita alegria, comidas típicas, música boa e uma fogueira que encantou quem passou por lá. 🔥

Eventos como esse mantêm viva a cultura da nossa gente e fortalecem os laços da comunidade, algo que sempre foi uma marca da nossa cidade.

Parabéns @pe_edison e todos os envolvidos na organização e a cada família que participou desse momento especial.

Viva as tradições e viva Tubarão! ❤️🎊

#FestaJunina #Passagem #Tubarão #Tradição #CulturaPopular SãoJoão SantaCatarina PepêCollaço"
2026-06-04,16:18,facebook+instagram,REELS,https://www.instagram.com/reel/DZK3rAIAXMM/,https://www.facebook.com/reel/1318115366373045/,282,21,303,1,,,,,18075823358669442,864936030306107_1360328645910371,"🍝🇮🇹 LA BELLA POLENTA! 🇮🇹🍝

Tem sabores que alimentam muito mais do que o corpo. Alimentam a memória, a cultura e o sentimento de pertencimento.

A festa em Morro da Fumaça foi linda e valorizou uma das tradições mais queridas da nossa região. O assunto é polenta e, é impossível não lembrar dos amigos do Amici Della Polenta ajudam a manter viva essa herança italiana com dedicação, alegria e muito sabor.

Entre risadas, reencontros e pratos cheios, celebramos aquilo que nos une: nossas raízes, nossa história e o orgulho de sermos descendentes de um povo que transformou trabalho, família e boa comida em tradição.

Morro da Fumaça tem o nosso carinho, o nosso respeito e sempre pode contar com nosso mandato, porque investimos na nossa gente! 

Viva a polenta, viva a tradição italiana e viva a nossa gente! 🍷🌽✨

#LaBellaPolenta #AmiciDellaPolenta #Urussanga #MorroDaFumaça"
2026-06-01,16:35,facebook+instagram,REELS,https://www.instagram.com/reel/DZDNYkdgMZL/,https://www.facebook.com/reel/1921922191842676/,663,37,700,2,,,,,17898516051305004,864936030306107_1357723819504187,"🇧🇷 O BRASIL PRECISA VOLTAR A ENSINAR VALORES

Estamos formando gerações que sabem usar a tecnologia, mas muitas vezes não conhecem a própria história, não compreendem o significado dos símbolos nacionais e não aprendem, desde cedo, o valor da cidadania.

É por isso que apresentei o projeto de Educação Moral e Cívica.

A proposta busca resgatar princípios fundamentais como respeito, responsabilidade, ética, participação na sociedade e amor ao nosso país. Não se trata de política ou ideologia. Trata-se de formar cidadãos mais conscientes dos seus direitos, dos seus deveres e do papel que exercem na construção de um Brasil melhor.

Uma nação forte não se constrói apenas com obras e investimentos. Se constrói também com identidade, pertencimento e valores.

Precisamos voltar a ensinar nossas crianças e jovens a importância de respeitar a história do Brasil, valorizar os símbolos nacionais e compreender que cidadania se aprende todos os dias.

O futuro do país começa dentro da sala de aula. 🇧🇷

💬 Você concorda que as escolas devem voltar a ensinar civismo e cidadania? Comente sua opinião.

#EducaçãoMoralECívica #Cidadania #Civismo #Brasil #Educação SantaCatarina Alesc PepêCollaço"
2026-05-30,15:01,facebook,post,https://www.facebook.com/1394493682493867/posts/1355923179684251,,,,,,,,,,,864936030306107_1355923179684251,"🥋 Hoje o dia é dela, da minha pequena Lelê.

Estar presente no judô é muito mais do que assistir a um treino ou competição. É mostrar que cada esforço vale a pena, que cada queda traz aprendizado e que ela nunca estará sozinha na busca pelos seus sonhos.

O tempo não volta, e os momentos de hoje serão as lembranças mais valiosas de amanhã. ❤️

#OrgulhoDaLelê #Judô #PaiPresente #ConstruindoMemórias #FamíliaEmPrimeiroLugar 💙🥋✨"
2026-05-30,14:59,facebook+instagram,FEED,https://www.instagram.com/p/DY946lRgCGN/,https://www.facebook.com/1394493682493867/posts/1355921436351092,148,14,162,1,0,1426,3719,0,18140189095472938,864936030306107_1355921436351092,"JUDÔ E VALORES 🥋❤️

O esporte ensina muito mais do que técnica. Ensina disciplina, respeito, perseverança e confiança.

É uma alegria ver a Lelê se desenvolvendo no judô, aprendendo a cada treino e construindo valores que vai levar para a vida toda.

Como pai, não tem satisfação maior do que acompanhar esse crescimento e incentivar hábitos que fazem bem para o corpo, para a mente e para o futuro.

Que cada vez mais crianças tenham a oportunidade de descobrir no esporte um caminho de aprendizado e superação. 💪✨

#Judô #EsporteÉEducação #Família #Disciplina #Respeito SantaCatarina"
2026-05-29,20:05,facebook+instagram,REELS,https://www.instagram.com/reel/DY72zyzOl2L/,https://www.facebook.com/reel/26849980791333967/,86,4,90,30,2,3757,5682,1,17864449188629223,864936030306107_1355289909747578,"ONDE A DONA ALZA FALOU, TÁ FALADO! 🚜🛣️

Mais uma conquista importante para Gravatal! 🙌

A comunidade da Várzea das Canoas vai receber mais de 2 quilômetros de asfalto, transformando uma estrada histórica em uma importante ligação para o desenvolvimento de Gravatal.

Essa é uma parceria construída com trabalho e união: ao lado do deputado estadual Zé Milton, do prefeito Clei e de tantas lideranças da comunidade, estamos tirando esse projeto do papel. 🤝

Além de melhorar a mobilidade e a segurança, a obra vai fortalecer o crescimento da região, gerar oportunidades e conectar ainda mais as pessoas.

Quando a comunidade participa e aponta o caminho, o resultado aparece! 💪

Acompanhe nosso trabalho e compartilhe essa conquista! 🚀

#Gravatal #VarzeaDasCanoas #Infraestrutura #DesenvolvimentoRegional #PepeCollaco ZeMilton SantaCatarina TrabalhoQueDaResultado"
2026-05-28,00:05,facebook+instagram,REELS,https://www.instagram.com/reel/DY3I1OGMHrm/,https://www.facebook.com/reel/35894694496845365/,973,21,994,35,8,13102,23925,10,18591510112014083,864936030306107_1353768266566409,"Feliz aniversário, Tubarão! 💙

São 156 anos de uma cidade cheia de história, força, cultura e orgulho.

Hoje celebramos tudo aquilo que faz de Tubarão uma cidade tão especial: o trabalho, a união, a coragem e o jeito acolhedor do povo tubaronense.

Parabéns, Cidade Azul! Que essa história siga sendo escrita com desenvolvimento, cuidado e muito amor por Tubarão."
2026-05-27,12:15,facebook+instagram,FEED,https://www.instagram.com/p/DY130ZBAG5i/,https://www.facebook.com/1394493682493867/posts/1353357536607482,59,7,66,8,1,1187,2321,0,18108383446913089,864936030306107_1353357536607482,"156 anos de uma cidade feita por gente forte. ❤️

Tubarão já enfrentou desafios que marcaram sua história. E foi justamente nesses momentos que mostrou sua maior qualidade: a força do seu povo.

Uma cidade que cresce no trabalho, no comércio, no desenvolvimento e no cuidado com as pessoas.

Nosso mandato tem orgulho de fazer parte dessa construção, com investimentos em infraestrutura, mobilidade, inclusão e apoio às instituições que fazem a diferença todos os dias na vida de tantas famílias.

Parabéns, Tubarão, pelos seus 156 anos.
Tenho orgulho de ser daqui. E ainda mais orgulho de trabalhar por essa cidade.

#Tubarão156Anos #TubarãoSC #OrgulhoDeSerTubaronense #CidadeAzul #SulDeSC"
2026-05-26,15:59,facebook+instagram,FEED,https://www.instagram.com/p/DYzsqQ2gO3n/,https://www.facebook.com/1394493682493867/posts/1352678720008697,74,15,89,22,0,2594,5519,0,18009298289863585,864936030306107_1352678720008697,"Tem coisa que só quem é Catarina compreende. E a gente tem orgulho de ser assim, né!

E você, é catarinense demais para…?

#SantaCatarina #OrgulhoCatarinense"
2026-05-24,22:07,instagram,FEED,https://www.instagram.com/p/DYvNMOEAP9N/,,109,2,111,5,2,2158,5384,1,18163721599429965,,"FORTALECENDO NOSSAS RAÍZES 🌾✨

Que alegria participar dessa linda feira agropecuária em Tubarão! 🙌
Um evento cheio de tradição, trabalho, cultura e pessoas que fazem a nossa região crescer todos os dias.

Foi muito gratificante acompanhar de perto a dedicação dos expositores, o talento do nosso artesanato e a força do comércio local. 👏🧑‍🌾

Eventos como esse movimentam a economia, valorizam quem produz e fortalecem ainda mais o desenvolvimento da nossa região. 💪

Parabéns a todos os envolvidos por proporcionarem um momento tão especial, bonito e acolhedor. Foi realmente muito legal fazer parte disso! 🚜🐄🌽

Vamos seguir valorizando quem trabalha, empreende e mantém viva a essência do nosso interior. ❤️

#FeiraAgropecuária #Tubarão #Agronegócio #Artesanato #ComércioLocal DesenvolvimentoRegional SantaCatarina PepêCollaço TradiçãoECrescimento"
2026-05-22,15:35,facebook+instagram,REELS,https://www.instagram.com/reel/DYpVlVOAFlj/,https://www.facebook.com/reel/2421650785013274/,102,7,109,18,1,8401,7954,3,17897901354450290,864936030306107_1349569063652996,"MAIS QUALIDADE DE VIDA! 🚧👏

A Rua do Teixaco, em Braço do Norte, vai receber uma importante melhoria para a população: a retirada da lajota antiga para dar lugar ao asfalto! 🙌

Uma obra aguardada há muito tempo pelos moradores e que vai trazer mais conforto, segurança e mobilidade para quem passa diariamente pela região. 🛣️🚗

Menos poeira.
Menos transtorno.
Mais desenvolvimento para a comunidade. 💪

Parabéns ao vereador @demetrio_reginaldo pela luta e por estar sempre ouvindo as demandas da população. Seguimos trabalhando juntos para melhorar cada vez mais Braço do Norte! 🤝

Acompanhe nosso trabalho e compartilhe essa conquista! ✅

#PepeCollaço #BraçoDoNorte #RuaDoTeixaco #Infraestrutura #Asfalto Mobilidade SulDeSC SantaCatarina CompromissoComAsPessoas DesenvolvimentoRegional"
2026-05-18,12:54,facebook+instagram,REELS,https://www.instagram.com/reel/DYewg67grRe/,https://www.facebook.com/reel/1704539997339892/,209,8,217,19,4,17244,14892,6,18066972350364107,864936030306107_1346287130647856,"“Made in China” AQUI É MADE IN BRASIL!!!🇧🇷⚡

A EIKTO, instalada em Laguna, começou com boa parte da produção vindo de fora. Agora, o cenário já mudou: peças, estrutura e etapas da fabricação passam a ser feitas no Brasil e a tendência é nacionalizar cada vez mais a produção.

O crescimento também impressiona: a empresa já chegou a 100 empregos e agora vai ampliar para 150 colaboradores, além de iniciar a produção de baterias para caminhões em Santa Catarina saindo da nossa Laguna. 🚛

É desenvolvimento, tecnologia e oportunidade chegando pra nossa região. Porque quando a indústria cresce aqui, o futuro também fica aqui. 🚀"
2026-05-15,21:16,facebook+instagram,REELS,https://www.instagram.com/reel/DYX79IHOOxS/,https://www.facebook.com/reel/894628870299812/,1003,19,1022,241,9,30779,44935,21,18067300955362165,864936030306107_1344184444191458,"🏗️ MORRO DA FUMAÇA AVANÇANDO

O que hoje é projeto, amanhã será realidade. 🚧✨

A nova rua coberta vai transformar esse espaço em um ponto de encontro para as famílias, eventos e desenvolvimento da cidade. 🙌

E obra importante acontece com parceria, trabalho e investimento. 🤝

Seguimos apoiando os municípios e buscando recursos para tirar projetos do papel e melhorar a vida das pessoas.

Morro da Fumaça merece crescer cada vez mais! 🚀

#MorroDaFumaça #Infraestrutura #Desenvolvimento #PepêCollaço"
2026-05-12,11:17,facebook,post,https://www.facebook.com/reel/4039453446344858/,,,,,1,,,,,,864936030306107_1341422724467630,"HOJE TUBARÃO ACORDOU DIFERENTE! 🚀 

Eai você gostou?"
2026-05-12,11:17,instagram,REELS,https://www.instagram.com/reel/DYPI4gPAXfs/,,149,18,167,19,2,14778,14826,0,17885194002550245,,"TUBARÃO MERECE MAIS! 

Tenho muito orgulho de representar essa cidade que cresce, se desenvolve e segue sendo referência para toda a nossa região. 🚀

E comemorar o aniversário de Tubarão também é reafirmar o nosso compromisso com o futuro da cidade. Já são mais de R$ 20 milhões destinados para investimentos, obras, saúde, infraestrutura e desenvolvimento. 💰🏗️

E podem ter certeza: isso é só parte do presente que a Cidade Azul merece. Seguiremos trabalhando, buscando recursos e lutando por mais conquistas para Tubarão e para toda a nossa gente. 🤝

#Tubarão #CidadeAzul #ParabénsTubarão #SantaCatarina #PepêCollaço TrabalhoQueDáResultado Desenvolvimento SulDeSC"
2026-05-10,13:07,facebook+instagram,FEED,https://www.instagram.com/p/DYKMSKsgIiP/,https://www.facebook.com/1394493682493867/posts/1339941674615735,218,8,226,2,3,3532,7870,0,18085067798526167,864936030306107_1339941674615735,"Hoje é dia de homenagear quem é o alicerce da minha família. ❤️

@brubrunelcollaco você é uma mãe maravilhosa, dedicada e cheia de amor, que faz a diferença todos os dias com seu cuidado e carinho com nossas meninas.🌷

Por ela, desejo um Feliz Dia das Mães a todas as mães que transformam o mundo através do amor.

Que nunca faltem reconhecimento, carinho e amor para vocês. 💐"
2026-05-09,01:25,facebook+instagram,FEED,https://www.instagram.com/p/DYGWgb8jdi7/,https://www.facebook.com/1394493682493867/posts/1338688521407717,770,33,803,57,5,13238,22218,31,17888076150485997,864936030306107_1338688521407717,"AQUI É O BRASIL QUE QUEREMOS! 🇧🇷

#flaviobolsonaro #brasil #santacatarina #bolsonaro"
2026-05-08,21:10,facebook+instagram,REELS,https://www.instagram.com/reel/DYF5ONIMPKD/,https://www.facebook.com/reel/1347957294060279/,89,8,97,7,1,18354,6840,2,18102261668113906,864936030306107_1338565971419972,"ITAIÓPOLIS E SUAS RAÍZES 🇵🇱❤️

Hoje tivemos a alegria de visitar a tradicional Casa Poloski, em Itaiópolis, ao lado dos vereadores e lideranças da cidade. Um espaço que preserva a história, a cultura e as tradições do povo polonês que ajudou a construir a identidade da nossa região. ✨

Mais do que um museu, a Casa Poloski é um verdadeiro patrimônio cultural de Santa Catarina. Um lugar que nos faz valorizar ainda mais as nossas origens, a força das famílias e o legado deixado pelas gerações que vieram antes de nós. 👏

Também é motivo de orgulho poder contribuir com o desenvolvimento de Itaiópolis através das emendas e recursos que destinamos para o município. Nosso compromisso é seguir trabalhando para fortalecer a cidade, apoiar as demandas da população e valorizar quem faz a diferença no dia a dia da comunidade. 🤝

Fica aqui o nosso agradecimento pela recepção tão acolhedora e as boas-vindas à querida Itaiópolis, uma cidade rica em cultura, história e pessoas incríveis. 🚀

Seguimos juntos, valorizando a cultura, preservando a história e investindo no futuro da nossa gente! ❤️

#Itaiópolis #SantaCatarina #CulturaPolonesa #CasaPoloski #PepêCollaço Tradição"
2026-05-05,20:10,facebook+instagram,FEED,https://www.instagram.com/p/DX-EPz4mQ3_/,https://www.facebook.com/1394493682493867/posts/1336188821657687,190,21,211,24,1,4275,6936,0,18098654588322981,864936030306107_1336188821657687,"Estamos escalados pra esse ano! 🇧🇷

🛡️Saíram as figurinhas do time que trabalha por Santa Catarina! E eu tô pronto, preparado e querendo marcar muitos gols pelo nosso estado e pela nossa gente. Vamo pra cima!

#PepêCollaço #SantaCatarina #TrabalhoDeVerdade #VamoPraCima"
2026-05-04,23:22,facebook+instagram,REELS,https://www.instagram.com/reel/DX71SHmtdk6/,https://www.facebook.com/reel/1957348531811340/,162,22,184,12,1,12823,9278,3,18110499196678145,864936030306107_1335516585058244,"ENERGIA QUE MOVE SANTA CATARINA ⚡

Hoje foi dia de reconhecer uma história que faz parte do desenvolvimento do nosso estado.

A Assembleia Legislativa prestou uma homenagem ao Complexo Termelétrico Jorge Lacerda o maior da América Latina e a todos que fazem parte dessa engrenagem essencial para Santa Catarina e para o Brasil.

Mais do que geração de energia, estamos falando de segurança energética, de estabilidade para a nossa economia e de milhares de famílias que dependem dessa cadeia produtiva.

O carvão aqui no Sul é trabalho, é renda e é desenvolvimento regional.

Valorizar essa história é valorizar quem constrói o presente e garante o futuro do nosso estado.

👉 Acompanhe e compartilhe.

#SantaCatarina #Energia #DesenvolvimentoRegional #Infraestrutura #EconomiaSC JorgeLacerda EnergiaQueMove SulDeSC Alesc PepêCollaço"
2026-05-02,20:54,facebook+instagram,REELS,https://www.instagram.com/reel/DX2bA8eBzyP/,https://www.facebook.com/reel/979609677819654/,218,12,230,17,1,17584,23640,6,17905513992413205,864936030306107_1333958965214006,"MAIS INVESTIMENTO NO CAMPO 🚜

Seguimos trabalhando e entregando resultado!

Dessa vez, garantimos mais um caminhão zero km e dois tratores para fortalecer a agricultura de Braço do Norte. 💪🌱

É investimento direto no produtor, mais estrutura para quem trabalha e mais desenvolvimento para o nosso interior.

Nosso compromisso é esse: estar presente e fazer acontecer!

Conta sempre com o nosso trabalho 🤝

#AgriculturaForte #DesenvolvimentoRegional #BraçoDoNorte #SantaCatarina #Infraestrutura TrabalhoQueEntrega"
2026-04-30,20:43,facebook+instagram,REELS,https://www.instagram.com/reel/DXxPuwKhZLj/,https://www.facebook.com/reel/2404543483401827/,1206,27,1233,967,44,36883,50044,44,18000978434934061,864936030306107_1332404945369408,"INVESTIMENTO QUE TRANSFORMA 🌟

Uma obra que vai mudar a cara de Ituporanga!

Mais estrutura, mais movimento e mais turismo para a cidade valorizando ainda mais a nossa gente e a nossa economia. 💼🚀

A terra da cebola, orgulho de Santa Catarina, segue avançando com trabalho sério e parcerias que geram resultado. 🧅👏

Seguimos juntos, construindo oportunidades e desenvolvimento para toda a região!

👉 Acompanhe, compartilhe e faça parte dessa transformação.

#Ituporanga #SantaCatarina #Desenvolvimento #Infraestrutura #TurismoSC TrabalhoQueDáResultado PepêCollaço"
2026-04-29,17:17,facebook+instagram,REELS,https://www.instagram.com/reel/DXuTuKagIZM/,https://www.facebook.com/reel/1448835933044112/,211,14,225,26,3,11493,16094,5,18393800704152928,864936030306107_1331489915460911,"IMPOSTO QUE FICA NA CIDADE 💰

Você sabia que pode destinar parte do seu imposto de renda para ajudar projetos sociais aqui mesmo em Tubarão?

Essa é uma forma simples de fazer a diferença, fortalecendo iniciativas que cuidam das nossas crianças e adolescentes, através do Fundo da Infância e Adolescência.

Eu já fiz a minha parte e você também pode fazer a sua. Vamos manter esse recurso aqui, ajudando quem mais precisa na nossa cidade 🙌

Contem comigo nessa causa!

➡️ Compartilhe e incentive mais pessoas a participarem!

#Tubarão #ImpostoDeRenda #FIA #Cidadania #SantaCatarina"
2026-04-27,20:37,instagram,REELS,https://www.instagram.com/reel/DXpg2Nqgewx/,,158,22,180,75,6,18211,24434,3,18065478617342975,,"AUTISMO E IPVA: UM DIREITO QUE MUITA GENTE AINDA NÃO SABE 🚗💙

Muita gente acredita que existe uma lei específica só para autismo garantindo a isenção do IPVA… mas não é bem assim 👇

Em Santa Catarina, a base desse direito vem de legislações mais antigas, como a Lei nº 7.543/1988, que já previa a isenção para pessoas com deficiência.

Com o avanço da sociedade e do entendimento jurídico, o autismo passou a ser reconhecido como deficiência para fins legais — e é por isso que hoje pessoas com TEA têm esse direito garantido ✅

📌 Na prática, o que você precisa saber:

✔️ O veículo deve ser utilizado pela pessoa com autismo
✔️ Pode estar no nome dela ou do responsável legal
✔️ Não precisa ser conduzido pela própria pessoa
✔️ É obrigatório apresentar laudo médico comprovando o TEA

⚠️ Um ponto muito importante:
👉 O que define se há direito à isenção não é o nível do autismo, e sim se há incapacidade de dirigir, comprovada por laudo médico.

Esse é um direito que faz diferença real na vida das famílias 💙

E muita gente ainda não sabe disso…

📲 Compartilhe essa informação e ajude mais pessoas a conhecerem seus direitos!

#AutismoÉPrioridade #DireitosPcD #Inclusão #SantaCatarina #IPVA TEA ConhecerParaIncluir PepêPeloAut"
2026-04-23,22:18,facebook+instagram,REELS,https://www.instagram.com/reel/DXfY_UJADqI/,https://www.facebook.com/reel/1896731621025375/,87,8,95,15,1,16273,6133,1,18101691781783751,864936030306107_1326848485925054,"INVESTIMENTO QUE CHEGA NA PONTA 🚜

Hoje estive em Presidente Nereu fazendo a entrega de um veículo que já está fazendo a diferença no dia a dia de quem trabalha no campo 🙌

E é isso que importa: esse carro sendo usado pra agricultura, sao recursos bem aplicados, chegando onde precisa e ajudando a fortalecer a nossa agricultura 🌱

Esse pedido veio do vereador, passou pelo nosso gabinete e virou resultado de verdade pra comunidade 🤝

Seguimos trabalhando por mais investimentos, mais apoio aos municípios e mais desenvolvimento para Santa Catarina!

Acompanhe, compartilhe e siga para ficar por dentro 👍

#SantaCatarina #AgriculturaForte #DesenvolvimentoRegional #PepeCollaço #TrabalhoQueDáResultado InteriorForte SC"
2026-04-22,21:03,facebook+instagram,FEED,https://www.instagram.com/p/DXcscZTALQ3/,https://www.facebook.com/1394493682493867/posts/1326049002671669,42,6,48,25,0,2946,4454,1,18006979136715125,864936030306107_1326049002671669,"AUTISMO NÃO É TUDO IGUAL 🧩💙

Você sabia que existem níveis de autismo?
E que eles indicam o quanto de apoio cada pessoa precisa no dia a dia?

Entender isso muda tudo.

📌 Não é sobre rótulos.
É sobre garantir o suporte certo, na medida certa.

Quando a gente ignora essas diferenças, dois erros acontecem:
➡️ cobrar além do que a pessoa consegue
➡️ ou não oferecer o apoio necessário

E inclusão de verdade só acontece com informação, estrutura e respeito.

Na escola.
Na saúde.
Na sociedade.

💙 Conhecer é o primeiro passo para incluir.

Compartilhe esse conteúdo e ajude mais pessoas a entenderem!

#AutismoÉPrioridade #AbrilAzul #ConhecerParaIncluir #Inclusão #TEA SantaCatarina PepêPeloAutismo PolíticasPúblicas RespeitoAoAutist

::"
2026-04-20,20:44,facebook+instagram,REELS,https://www.instagram.com/reel/DXXfaTDgYUU/,https://www.facebook.com/reel/2174616696403547/,603,10,613,246,9,29164,44203,24,18122907250620732,864936030306107_1324558732820696,"TRADIÇÃO QUE SEGUE VIVA 🤠

Não é só um galpão.

É história.
É identidade.
É a cultura gaúcha sendo passada de geração em geração.

Aqui em Braço do Norte, o CTG é ponto de encontro, é raiz, é orgulho da nossa gente.

E é por isso que a gente investe.
Porque estrutura faz a diferença.
É ela que mantém viva aquilo que não pode se perder.

Seguimos trabalhando por quem preserva a nossa cultura todos os dias.

👉 Conte comigo.

#BraçoDoNorte #CulturaGaúcha #Tradição #CTG #SantaCatarina InvestimentoPúblico MandatoPresente PepeCollaço"
2026-04-19,20:43,facebook+instagram,REELS,https://www.instagram.com/reel/DXU6Z_DAQ_z/,https://www.facebook.com/reel/1464048111888757/,244,10,254,16,1,16434,23609,15,17936072847211722,864936030306107_1323820966227806,"DESENVOLVIMENTO QUE CHEGA NA PONTA 🚧

Mais uma conquista para Orleans! 🙌
Com recurso destinado pelo nosso mandato, o asfalto já está fazendo a diferença no dia a dia da comunidade.

Menos poeira, mais qualidade de vida.
Mais acessibilidade, mais dignidade para quem vive aqui.

Seguimos firmes como parceiros de Orleans e de todo o Sul, trabalhando por uma região mais desenvolvida, conectada e com oportunidades para todos. 🤝

Esse é o nosso compromisso: transformar investimento em resultado real na vida das pessoas.

Acompanhe, compartilhe e siga para ver mais ações como essa! 🚀

#Orleans #SulCatarinense #Infraestrutura #DesenvolvimentoRegional #TrabalhoQueDáResultado SantaCatarina PepêCollaço"
2026-04-18,23:39,facebook+instagram,REELS,https://www.instagram.com/reel/DXSpzuzDbPb/,https://www.facebook.com/reel/3046701082189548/,285,35,320,45,0,22060,13412,3,18096879533276749,864936030306107_1323155439627692,Um jogo de tênis com o mestre @esperidiaoamin! 🎾
2026-04-17,22:07,facebook+instagram,REELS,https://www.instagram.com/reel/DXP619fAG0C/,https://www.facebook.com/reel/1291360042952255/,1082,59,1141,58,10,43610,49277,12,18092004025920056,864936030306107_1322385563038013,"NÃO FOI SORTE. FOI TRABALHO 💪

Falar que Santa Catarina “ganhou tudo” é ignorar a realidade.
Aqui teve fome, isolamento, promessa não cumprida… e muito trabalho.

Nada veio fácil. Você concorda?"
2026-04-17,19:12,facebook+instagram,REELS,https://www.instagram.com/reel/DXPmqjdkRsv/,https://www.facebook.com/reel/1735493171194995/,227,15,242,15,6,24417,22283,6,18113246866764507,864936030306107_1322308263045743,"RESULTADO QUE APARECE 👷‍♂️

Aqui não é promessa.
É investimento que sai do papel e vira realidade. ✅

Em Ituporanga, já são mais de R$ 3 milhões em pavimentação, além de investimentos na educação e novas obras chegando.

💰 Mais ruas
📚 Mais estrutura
📈 Mais desenvolvimento

E essa rua coberta é mais um passo pra fortalecer o turismo e valorizar ainda mais a terra da cebola, orgulho de Santa Catarina! 🧅

Seguimos trabalhando, junto com o prefeito, pra fazer acontecer de verdade. 🤝

👉 Acompanhe e compartilhe.

#Ituporanga #SantaCatarina #Infraestrutura #Investimento #Desenvolvimento TurismoSC TerraDaCebola TrabalhoQueAparece PepeCollaço"
2026-04-15,20:20,facebook+instagram,REELS,https://www.instagram.com/reel/DXKkyJECden/,https://www.facebook.com/reel/1717651442981005/,169,17,186,33,2,6702,10062,18,18168561904411390,864936030306107_1320800533196516,"AUTISMO É PRIORIDADE 💙

Todo pai e toda mãe de uma criança com autismo já se fez essa pergunta:

Será que meu filho vai ser bem tratado na escola?
Vai ter acompanhamento de verdade?

Essas inseguranças são reais — e precisam acabar.

Por isso, estamos trabalhando em projetos que garantem mais inclusão, como a criação de protocolos nas escolas, com atividades adaptadas e mais estabilidade no aprendizado. 📚

Também avançamos com iniciativas como o Cine Azul, garantindo lazer com acolhimento para crianças com TEA e suas famílias. 🎬

Porque no fim, não é só sobre política.
É sobre dar segurança, dignidade e respeito para quem mais precisa.

Acompanhe, compartilhe e participe dessa causa. 👇

#AutismoÉPrioridade #AbrilAzul #Inclusão #EducaçãoInclusiva #TEA SantaCatarina PepeCollaco"
2026-04-14,18:00,facebook+instagram,FEED,https://www.instagram.com/p/DXHxENNkagh/,https://www.facebook.com/1394493682493867/posts/1319978119945424,33,0,33,12,0,1815,3402,0,18570686446056302,864936030306107_1319978119945424,"NÃO É SÓ TECNOLOGIA ⚠️

Parece inovação.  
Parece só evolução.  

Mas por trás, tem algo maior: coleta de dados em escala real.

Do jogo ao carro conectado…  
quem entende isso, sai na frente.  

Tecnologia, sim.  
Mas com consciência e estratégia.  

👉 E você, já tinha pensado nisso? Comente e compartilhe.

#Inovação #Tecnologia #Dados #InteligênciaArtificial #Futuro SantaCatarina PepêCollaço"
2026-04-13,19:47,facebook,post,https://www.facebook.com/reel/768515766194072/,,,,,2,,,,,,864936030306107_1319305793345990,AUTISMO 🧩
2026-04-13,19:47,instagram,REELS,https://www.instagram.com/reel/DXFXtFciYUT/,,91,11,102,39,3,9401,16172,6,17933329614215534,,AUTISMO 🧩
2026-04-11,20:59,facebook+instagram,FEED,https://www.instagram.com/p/DXAXQawkeNH/,https://www.facebook.com/1394493682493867/posts/1317866090156627,96,8,104,68,9,8381,18187,17,18117306994636956,864936030306107_1317866090156627,"AUTISMO E O PAPEL DO PAI 🧩

A ciência começa a mostrar que o cuidado vai além da gestação.

A saúde do pai antes da concepção também pode influenciar o desenvolvimento da criança.

Não é sobre culpa. É sobre consciência. 💙

👉 Compartilhe e leve informação.

#AbrilAzul #AutismoÉPrioridade #ConhecerParaIncluir #PepêPeloAutismo"
2026-04-10,15:23,facebook+instagram,REELS,https://www.instagram.com/reel/DW9LIjfgFbP/,https://www.facebook.com/reel/4296759003943136/,146,12,158,38,3,20243,6961,3,18088439765520125,864936030306107_1316973340245902,"MAIS PAVIMENTAÇÃO, MAIS QUALIDADE DE VIDA 🛣️

Uma máquina que vai acelerar obras, reduzir custos e levar mais infraestrutura pra quem vive aqui.

Isso é investimento que vira resultado de verdade na ponta.

Seguimos trabalhando, junto com o prefeito Prefeito Pauli Zerna e Vice Sérgio Borges para melhorar a vida das pessoas e desenvolver nossa região 🤝

Acompanhe, compartilhe e siga nosso trabalho!

#InfraestruturaSC #Witmarsum #AltoVale #TrabalhoQueDáResultado #SantaCatarina PepeCollaço"
2026-04-08,17:12,facebook+instagram,FEED,https://www.instagram.com/p/DW4OzcjAOBh/,https://www.facebook.com/1394493682493867/posts/1315596713716898,58,14,72,31,0,6670,6181,1,18405435850181700,864936030306107_1315596713716898,"AUTISMO É PRIORIDADE 💙

Abril é o mês de conscientização, mas o nosso compromisso é o ano inteiro.

Aqui na Alesc, estamos trabalhando com projetos que fazem a diferença na vida das pessoas com TEA e suas famílias 👇

📚 Inclusão nas escolas com o PIA, garantindo aprendizado mais justo
🎬 Cine Azul, já aprovado, promovendo lazer adaptado
👨‍🏫 Continuidade do Professor 2, trazendo mais segurança e vínculo para os alunos

Mais do que falar, é agir.
Política pública de verdade é aquela que transforma vidas.

Seguimos firmes por mais inclusão, respeito e oportunidades 💙

👉 Acompanhe, comente e compartilhe para fortalecer essa causa!

#AbrilAzul #AutismoÉPrioridade #ConhecerParaIncluir #Inclusão #TEA SantaCatarina Alesc PepêPeloAutism"
2026-04-06,15:39,facebook+instagram,FEED,https://www.instagram.com/p/DWy6VG0APMa/,https://www.facebook.com/1394493682493867/posts/1314109040532332,129,20,149,15,1,3304,4992,3,18179185780386402,864936030306107_1314109040532332,"RECONHECIMENTO QUE NOS MOTIVA 🙏✨

Receber essa homenagem da STAN (Associação Tubaronense de Apoio às Famílias) é mais do que uma honra… é a certeza de que estamos no caminho certo.

Cada ação, cada projeto e cada luta têm um propósito: cuidar das pessoas, fortalecer as famílias e construir uma sociedade mais inclusiva.

Seguimos firmes, com ainda mais responsabilidade e compromisso! 🤝

Vamos juntos fazer a diferença! 💙

#Gratidão #TrabalhoQueTransforma #Inclusão #Família #SantaCatarina PepêCollaço"
2026-04-03,21:21,facebook+instagram,FEED,https://www.instagram.com/p/DWrzXfMAS8D/,https://www.facebook.com/1394493682493867/posts/1312059007404002,128,7,135,10,0,2976,6330,0,18103987951915347,864936030306107_1312059007404002,"RECONHECIMENTO QUE NOS MOVE 💙

Recebi com muita gratidão uma moção de aplausos da Câmara de Vereadores de Tubarão pelos projetos voltados ao autismo, entregue pelo vereador Maurício.

Esse reconhecimento é, acima de tudo, um sinal de que estamos no caminho certo: trabalhando por políticas públicas que realmente fazem a diferença na vida das pessoas.

As ações e leis voltadas ao autismo têm sido uma das nossas prioridades porque incluir é mais do que um dever, é um compromisso com o futuro.

Meu muito obrigado a todos os vereadores pela homenagem e pela parceria nessa causa tão importante.

Seguimos firmes! 💙

#AutismoÉPrioridade #AbrilAzul #Inclusão #PolíticasPúblicas #SantaCatarina TubarãoSC PepêCollaço"
2026-04-01,13:28,facebook+instagram,REELS,https://www.instagram.com/reel/DWlyjIAgJDv/,https://www.facebook.com/reel/1477603833711112/,515,29,544,37,5,20536,34801,7,18094544249017782,864936030306107_1310218087588094,"INVESTIMENTO QUE TRANSFORMA 🧩

No mês do Abril Azul, reforçamos uma pauta que precisa ser permanente: o cuidado, a inclusão e o investimento em políticas públicas para as pessoas com autismo.

Temos destinado emendas para projetos em várias regiões de Santa Catarina. E o projeto de natação para crianças carentes com autismo, desenvolvido pelo @liratenisclube , é um deles.

É muito bonito acompanhar de perto o retorno desse trabalho. Ver o desenvolvimento das crianças, a evolução em cada etapa e o impacto positivo na vida das famílias mostra que investir em inclusão é investir em futuro, dignidade e qualidade de vida.

Seguimos firmes, apoiando iniciativas que fazem a diferença na prática e ajudam a construir um estado mais humano e mais inclusivo. 💙

Acompanhe e compartilhe.

#AbrilAzul #AutismoÉPrioridade #ConhecerParaIncluir #PepêPeloAutismo #TEA"
2026-03-29,18:23,instagram,REELS,https://www.instagram.com/reel/DWemlKZkQn7/,,1441,137,1578,478,25,102431,171506,128,18075091364539833,,"O pau que rola nas redes é que vale a pena ter deputado na região… será? 🤔

Quando a conversa sai da internet e vai pra vida real, a resposta aparece no trabalho feito, na cobrança e no resultado.

São mais de 60 ruas com ação, articulação e encaminhamento por quem conhece de perto a realidade de Tubarão. 🛣️📍

Porque mandato de verdade não vive só de discurso.
Vive de presença, compromisso e entrega.
Acompanhe e compartilhe. 📲

#PepêCollaço #SantaCatarina #SulDeSC #MandatoPresente"
2026-03-29,18:23,facebook,post,https://www.facebook.com/reel/26446232885062853/,,,,,2,,,,,,864936030306107_1308188761124360,
2026-03-27,15:34,facebook+instagram,FEED,https://www.instagram.com/p/DWZKHHEgFri/,https://www.facebook.com/1394493682493867/posts/1306524924624077,43,7,50,19,0,7802,11678,3,18176512939382317,864936030306107_1306524924624077,"ENERGIA SOLAR PARA FORTALECER QUEM SALVA VIDAS ☀️❤️

A conta de luz pesa no orçamento dos hospitais filantrópicos e afeta diretamente a saúde financeira dessas instituições.

Nosso projeto aprovado na Alesc cria uma alternativa concreta: permitir que recursos do Fundo Social sejam destinados à instalação de painéis solares.

Com menos gasto com energia, os hospitais podem ganhar mais equilíbrio financeiro e mais capacidade para seguir atendendo com qualidade.

É assim que a boa política funciona: com soluções práticas, economia e cuidado com as pessoas.

Acompanhe o carrossel e entenda essa proposta. ➡️

#PepeCollaço #Alesc #SantaCatarina #EnergiaSolar #HospitaisFilantrópicos SaúdeSC FundoSocial TrabalhoQueDáResultado PolíticaComPropósito"
2026-03-26,23:20,facebook+instagram,REELS,https://www.instagram.com/reel/DWXZ9N9DTsn/,https://www.facebook.com/reel/1468663524776754/,106,7,113,15,3,3235,4393,2,17872569948578753,864936030306107_1305972781345958,"#TBT QUE VIRA COMPROMISSO 🐾

Hoje é dia de lembrar… mas também de reforçar aquilo que a gente acredita.

Esse #TBT é da ação de castração animal que acompanhamos em Lages 🐶🐱Um trabalho sério, que ajuda a controlar a população, evita abandono e garante mais dignidade aos nossos animais. 

E em tempos em que vemos tantos casos de maus-tratos, é importante lembrar: a gente não se cala.

✔️ Incentivamos políticas públicas de castração
✔️ Destinamos recursos para diversos municípios
✔️ Defendemos a investigação e punição de crimes contra os animais

Seguimos firmes, porque cuidar dos animais também é cuidar da nossa sociedade.

Vamos juntos nessa causa 🤝🐾Comente, compartilhe e acompanhe nosso trabalho.

#TBT #ProteçãoAnimal #CastraçãoResponsável SantaCatarina BemEstarAnimal ChegaDeMausTratos PolíticaQueF"
2026-03-26,01:37,facebook,post,https://www.facebook.com/1394493682493867/posts/1305193314757238,,,,,2,,,,,,864936030306107_1305193314757238,ORGULHO PROGRESSISTA! 💙
2026-03-26,01:36,instagram,FEED,https://www.instagram.com/p/DWVFbCkjZde/,,187,15,202,10,0,4891,11995,5,18116830186649172,,ORGULHO PROGRESSISTA! 💙
2026-03-24,21:10,facebook+instagram,REELS,https://www.instagram.com/reel/DWSB0lWAfTj/,https://www.facebook.com/reel/1454394206172453/,85,3,88,6,0,9536,11399,3,18084682163585820,864936030306107_1304243824852187,"REDRAGAGEM É PRIORIDADE

Essa é uma luta antiga.
E eu sempre estive do mesmo lado: o lado das pessoas.

Muito antes defendíamos a redragagem dos rios Tubarão e Urussanga e a atualização desses projetos.

Porque quem vive nessas regiões sabe o que é passar por isso…
a cada chuva forte, volta o medo. 😔

É água entrando em casa.
É família perdendo o que construiu a vida inteira.

Não dá mais pra aceitar que isso se repita.

A redragagem é uma ação essencial.
É prevenção, é segurança e é respeito com quem mais sofre.

Seguimos cobrando, atualizando os projetos e buscando solução de verdade.
Porque cuidar das pessoas também é antecipar problemas. 🙏

Acompanhe, comente e compartilhe.
#Infraestrutura #Prevenção #RioTubarão #RioUrussanga #SantaCatarina PepêCollaço"
2026-03-22,18:27,facebook+instagram,REELS,https://www.instagram.com/reel/DWMlY0GgGV-/,https://www.facebook.com/reel/1572355293827226/,78,8,86,20,1,12880,5885,0,18099978394766972,864936030306107_1302559978353905,"ENERGIA SOLAR PARA QUEM SALVA VIDAS ☀️❤️

Reduzir custos e dar mais fôlego financeiro aos hospitais filantrópicos também é cuidar das pessoas.

Nosso projeto permite que recursos do Fundo Social sejam destinados à instalação de painéis solares nessas instituições. Menos conta de luz, mais recursos para manter serviços, estrutura e atendimento de qualidade.

Esse é o tipo de medida que gera economia, fortalece os hospitais e ajuda quem mais precisa.

#PepeCollaço #Alesc #SantaCatarina #HospitaisFilantrópicos #EnergiaSolar SaúdeSC FundoSocial TrabalhoQueDáResultado PolíticaSC CuidarDasPessoas"
2026-03-20,21:48,facebook+instagram,FEED,https://www.instagram.com/p/DWHzUh1gdmZ/,https://www.facebook.com/1394493682493867/posts/1300985728511330,192,22,214,21,5,4188,9231,2,17995812554923670,864936030306107_1300985728511330,"A última vai te surpreender! 👀🍍

Comenta aqui a que você achou mais curiosa! 🤭"
2026-03-19,17:34,facebook+instagram,REELS,https://www.instagram.com/reel/DWExUaWgHZf/,https://www.facebook.com/reel/1655313268827180/,109,6,115,4,0,6215,7378,0,18056565071467436,864936030306107_1299951208614782,"MENOS DISCURSO, MAIS RESULTADO 🏥✅

A nova máquina de endoscopia já chegou em Jacinto Machado e eu fui conferir pessoalmente se está tudo pronto pra começar a atender a população.

É assim que a gente acredita na política:
buscar o recurso, acompanhar de perto e garantir que ele vire resultado de verdade na vida das pessoas.

Esse equipamento vai trazer mais agilidade nos exames e ampliar o atendimento pra quem precisa. Mais saúde, mais dignidade e mais eficiência! 👏

E essa conquista tem parceria! Trabalho sério junto com a vereadora Grazi e a vice-prefeita Noeli, sempre pensando no melhor pra nossa gente.

Nosso compromisso é claro:
menos discurso e mais resultado.

Acompanhe, compartilhe e siga nosso trabalho! 🤝

#SaúdePública #JacintoMachado #MaisSaúde #ResultadoDeVerdade #TrabalhoQueAparece PepêCollaço SantaCatarina"
2026-03-18,21:06,facebook+instagram,FEED,https://www.instagram.com/p/DWCkUfKgRkT/,https://www.facebook.com/1394493682493867/posts/1299322658677637,145,18,163,33,2,5761,8840,0,17915584965318386,864936030306107_1299322658677637,"MENOS CUSTO, MAIS CUIDADO COM OS HOSPITAIS☀️🏥

Aprovamos na Alesc um projeto importante para os hospitais filantrópicos de Santa Catarina.

A proposta permite o uso de recursos do Fundo Social para a instalação de painéis solares nessas instituições, ajudando a reduzir a conta de energia e dando mais fôlego financeiro para quem salva vidas todos os dias.

É uma medida que une responsabilidade, economia e cuidado com as pessoas. Com menos despesas, os hospitais podem direcionar mais recursos para manter e qualificar o atendimento à população.

Seguimos trabalhando por soluções concretas para fortalecer a saúde em Santa Catarina. 🤝

#PepeCollaço #SantaCatarina #Alesc #HospitaisFilantrópicos #SaúdeSC"
2026-03-16,14:08,facebook+instagram,FEED,https://www.instagram.com/p/DV8rEJIjcGz/,https://www.facebook.com/1394493682493867/posts/1297635962179640,45,2,47,2,0,1933,3110,0,17943740796137856,864936030306107_1297635962179640,"UNIDOS PELO RIO URUSSANGA 🌊

Quando falamos em redragagem do Rio Urussanga, falamos de prevenção, segurança e cuidado com a nossa região.

O assoreamento do rio aumenta o risco de enchentes e prejudica famílias, lavouras, estradas e toda a economia local. Por isso, defender a limpeza e a recuperação do rio é uma pauta urgente.

Seguimos unidos por essa causa, buscando soluções para proteger nossas cidades e garantir mais tranquilidade para quem vive e trabalha no Sul de Santa Catarina.

Cuidar dos rios é cuidar das pessoas. 🤝

#RioUrussanga #RedragagemJá #SulCatarinense #Infraestrutura #PrevençãoDeEnchentes SantaCatarina PepeCollaço"
2026-03-15,23:50,facebook+instagram,REELS,https://www.instagram.com/reel/DV7Io-KjQU4/,https://www.facebook.com/reel/2701160066930564/,102,13,115,43,1,13652,22708,0,18386796589156322,864936030306107_1297189848890918,"É UMA HONRA! 🤝

É uma honra receber o reconhecimento como o deputado que mais destinou recursos para a Amurel, mesmo que de brincadeira! 🤭

Mais do que um prêmio, isso representa algo muito importante: a palavra que demos lá na campanha sendo cumprida.

Desde o início do mandato, nosso objetivo sempre foi claro:
ajudar a desenvolver as cidades da nossa região e melhorar a vida das pessoas de forma concreta.

Cada recurso destinado significa mais obras, mais serviços e mais oportunidades para quem vive aqui.

Seguimos firmes, trabalhando por cada município e por todas as pessoas que fazem parte dessa região.

O reconhecimento é importante, mas o que realmente importa é continuar entregando resultado para a nossa gente.

Vamos em frente! 🚀

#Amurel #SulCatarinense #SantaCatarina #TrabalhoQueEntrega #PepêCollaço DeputadoEstadual DesenvolvimentoRegional MandatoPresente"
2026-03-15,18:25,facebook+instagram,REELS,https://www.instagram.com/reel/DV6jzptANP3/,https://www.facebook.com/reel/964196366279243/,101,9,110,14,1,7215,9759,0,18110509987759914,864936030306107_1297037768906126,"AUTISMO É PRIORIDADE 💙

Participei da inauguração da AMA em Rio Rufino, um espaço que nasce para acolher, apoiar e transformar a vida de muitas famílias.

A causa do autismo precisa de atenção, estrutura e políticas públicas de verdade. Cada iniciativa como essa fortalece a rede de apoio e mostra que estamos avançando no caminho da inclusão.

Seguimos firmes na defesa das pessoas com TEA, trabalhando por mais diagnóstico, atendimento especializado e apoio às famílias. Porque incluir é compromisso com a dignidade e com o futuro.

Parabéns a todos que lutaram para tornar esse sonho realidade! 👏

Acompanhe, compartilhe e siga fortalecendo essa causa conosco. 💙

#AutismoÉPrioridade #AbrilAzul #ConhecerParaIncluir #PepêPeloAutismo #Inclusão RioRufino SantaCatarina"
2026-03-14,12:24,facebook+instagram,FEED,https://www.instagram.com/p/DV3VpfeAM5g/,https://www.facebook.com/1394493682493867/posts/1296105592332677,100,24,124,19,0,5287,8046,1,18072122804199977,864936030306107_1296105592332677,"JUSTIÇA PARA O CASO ORELHA! 🚨

Votei SIM pela federalização do Caso Orelha.✅

Esse episódio chocou Santa Catarina e todo o Brasil. Um ato de violência cruel contra um animal indefeso, que mobilizou a sociedade e levantou um debate urgente: até quando crimes assim ficarão impunes?

A federalização é um passo importante para garantir uma investigação mais ampla, rigorosa e transparente, assegurando que todos os responsáveis sejam identificados e punidos.

Não se trata apenas de um caso isolado.
Trata-se de combater os maus-tratos, proteger os animais e dar uma resposta clara à sociedade de que a violência não pode ser tolerada.

Quem maltrata um animal comete um crime grave e precisa responder por isso.

Seguirei defendendo justiça, proteção aos animais e conscientização da população.

📢 Justiça precisa ser feita.

Acompanhe, comente e compartilhe para que essa causa siga ganhando força.

#Justiça #CasoOrelha #ContraMausTratos #ProteçãoAnimal #SantaCatarina Alesc PepêCollaço"
2026-03-13,17:00,facebook+instagram,FEED,https://www.instagram.com/p/DV1QlTGAD5a/,https://www.facebook.com/1394493682493867/posts/1295540249055878,74,4,78,7,0,11994,5894,0,17963427510026071,864936030306107_1295540249055878,"🚨OLHOS ABERTOS, VITÓRIA DO BRASIL 🇧🇷

O STF formou maioria para manter Daniel Vorcaro preso.

E fica a pergunta: ele seria solto se não houvesse pressão popular?

Quando o povo acompanha, cobra e não se cala, fica mais difícil tudo acontecer no silêncio.

Seguiremos atentos a cada passo de um dos maiores casos de corrupção do Brasil. 👀

Acompanhe, comente e compartilhe.

#SantaCatarina #Brasil #Politica #CombateACorrupcao #Justica Transparencia Fiscalizacao DeOlho PepeCollaco"
2026-03-12,22:04,facebook+instagram,REELS,https://www.instagram.com/reel/DVzNyB_gEee/,https://www.facebook.com/reel/2449457705524353/,347,38,385,118,8,13451,24002,67,18076342364419956,864936030306107_1294960442447192,"VÍNCULO TAMBÉM ENSINA 💙

Uma criança com autismo não precisa recomeçar todo ano.

Ela precisa de vínculo, confiança e segurança para aprender.

Por isso, nosso projeto aprovado na CCJ garante preferência para que o aluno com TEA continue sendo acompanhado pelo mesmo segundo professor do ano anterior.

Pode parecer um detalhe. Mas faz toda a diferença no desenvolvimento.

Agora o projeto segue para as próximas comissões. Seguimos trabalhando por mais inclusão e respeito. 💙

#AutismoÉPrioridade #AbrilAzul #Inclusão #TEA #PepêCollaço SantaCatarina"
2026-03-10,21:17,facebook+instagram,REELS,https://www.instagram.com/reel/DVt_YclDc1n/,https://www.facebook.com/reel/1360094526142235/,232,12,244,19,1,9764,14845,6,18108905053813827,864936030306107_1293485749261328,"BOA NOTÍCIA PRA URUPEMA ❄️🏙️

Mesmo com a noitinha chegando, não deixamos de passar por Urupema para trazer notícia boa pra cidade! Ao lado da prefeita Cris e da presidente da Câmara, Diane, anunciamos mais uma conquista importante para a população. 🙌

Em breve, a Praça Central vai receber um parque infantil pensado para esse complexo tão especial, que está ficando cada vez mais bonito e preparado para receber as famílias. 🛝💙

Fico muito grato pelo carinho, pela parceria e por poder contribuir com a educação e com melhorias que fazem a diferença na vida das pessoas. Esse é o nosso compromisso: estar presente nos municípios e ajudar a transformar boas ideias em realidade. 🤝

E já ficou o convite: voltar a Urupema, mais perto do frio, para inaugurar esse novo espaço junto com a comunidade! 🧥✨

Acompanhe, comente e compartilhe. 📲

#PepêCollaço #Urupema #SerraCatarinense #SantaCatarina #MandatoPresente"
2026-03-09,15:36,facebook+instagram,FEED,https://www.instagram.com/p/DVq0B1iDZIA/,https://www.facebook.com/1394493682493867/posts/1292630322680204,85,8,93,34,1,11092,17852,2,17954650377085498,864936030306107_1292630322680204,"PROTEGER TAMBÉM É CUIDAR 🚨📱

Muita gente ainda acha que é “só um jogo”.
Mas hoje, a violência também acontece no ambiente virtual.

A aproximação começa de forma silenciosa, com conversa, elogio e falsa confiança.
Quando os pais percebem, o dano já pode estar feito.

Nosso dever é orientar, acompanhar e proteger nossas crianças e adolescentes.
Internet não é terra sem lei.

Falar sobre isso é prevenção.
Denunciar é responsabilidade.

Compartilhe esse alerta com mais famílias. 🤝

#ProteçãoDigital #SegurançaOnline #InfânciaProtegida #AdolescênciaSegura"
2026-03-08,12:40,facebook+instagram,FEED,https://www.instagram.com/p/DVn6sU8gL36/,https://www.facebook.com/1394493682493867/posts/1291828409427062,263,11,274,0,0,5582,8184,5,17977673156825554,864936030306107_1291828409427062,"FELIZ DIA DAS MULHERES 🌷

Hoje é dia de celebrar todas as mulheres.
E eu represento essa homenagem através da minha esposa e das minhas filhas, que são inspiração diária na minha vida.

Mas neste dia eu não desejo apenas flores, carinho ou atenção.

Desejo respeito.
Desejo segurança.
Desejo dignidade.

Que nenhuma mulher precise viver com medo, violência ou desrespeito.

Que todos os dias sejam de valorização, proteção e reconhecimento.

Feliz Dia das Mulheres! 💜

#DiaDaMulher #RespeitoÀsMulheres #ViolênciaNuncaMais #8DeMarço #PepêCollaço"
2026-03-07,15:46,instagram,REELS,https://www.instagram.com/reel/DVlrAdIjUL-/,,186,4,190,7,3,16571,8609,3,17905467252203575,,"O MAIOR ESCÂNDALO DA REPÚBLICA?

O caso do Banco Master é um absurdo.

Pode ser o maior escândalo de corrupção da história recente do Brasil — e envolve gente de todos os lados: STF, direita, esquerda e centro.

Isso precisa ser investigado a fundo.
O Brasil não aguenta mais corrupção.

📢 O que você pensa sobre isso?

#Transparência #CombateÀCorrupção #PolíticaComResponsabilidade #Brasil #PepêCollaço"
2026-03-06,14:12,facebook+instagram,REELS,https://www.instagram.com/reel/DVi7hANjcWN/,https://www.facebook.com/reel/1188476206473422/,126,16,142,5,0,9383,7320,3,18190302202314986,864936030306107_1290459132897323,"COMUNIDADE UNIDA 🤝

Foi uma alegria participar da inauguração do Centro Comunitário em Içara, a convite dos vereadores e da prefeita @dalvaniacardoso 

Um evento muito bonito, com a comunidade reunida celebrando mais um espaço importante para encontros, atividades e fortalecimento da nossa gente.

Fico feliz em contribuir com esse projeto, tanto com emenda quanto estando presente nesse momento especial. Seguimos trabalhando juntos por mais conquistas para a região! 🙌

#SantaCatarina #TrabalhoQueAparece #Municipalismo #PepêCollaço"
2026-03-05,22:36,facebook+instagram,FEED,https://www.instagram.com/p/DVhQoOWgP7x/,https://www.facebook.com/1394493682493867/posts/1290014442941792,100,15,115,22,3,5555,10105,0,18058266275395424,864936030306107_1290014442941792,"Por que todas as mensagens trocadas entre Moraes e Vorcaro eram apagadas?

QUAL A SUA OPINIÃO A ESSE ESCÂNDALO DO BANCO MASTER? 

Faltam palavras para descrever isso aqui. Escândalo é pouco. Baita furo da @malugaspar.jornalista e do Rafael Moraes Moura."
2026-03-02,17:29,facebook+instagram,REELS,https://www.instagram.com/reel/DVY9JopAHO2/,https://www.facebook.com/reel/1979359496299437/,336,24,360,165,6,22096,12591,6,18081055358041453,864936030306107_1287761456500424,"ASSISTA ATÉ O FINAL, é tudo que eu peço! 😉

Começamos a semana com uma reflexão bem importante sobre as percepções e acessos aos adolescentes. 

Comente sua opinião! 😳

🔁 @facundoguerra"
2026-02-28,16:01,facebook+instagram,REELS,https://www.instagram.com/reel/DVTrSTMDfG_/,https://www.facebook.com/reel/909381378518074/,972,27,999,47,5,33016,27076,28,18111345607678272,864936030306107_1286150719994831,"Meu senador é CATARINENSE “DA GEMA!” 

O melhor senador do Brasil é nosso e vamos trabalhar juntos pra que Santa Catarina tenha representantes que conheçam o nosso estado!"
2026-02-27,20:26,facebook+instagram,REELS,https://www.instagram.com/reel/DVRk8JUgXJ_/,https://www.facebook.com/reel/1635699644266240/,105,10,115,8,0,11884,14520,5,18109347232707484,864936030306107_1285497993393437,"DEBATE COM RESPONSABILIDADE ⏱️🇧🇷

Alguns países já testam jornadas diferentes de trabalho.

Mas estamos falando de economias muito mais estruturadas que a nossa.

O Brasil tem dimensão continental, desafios regionais e precisa fortalecer sua base econômica antes de dar passos maiores.

O debate é importante.
Mas precisa ser feito com os pés no chão.

E você, o que pensa sobre isso? 👇
#Economia #MercadoDeTrabalho #SantaCatarina #Desenvolvimento #Responsabilidade"
2026-02-23,13:56,facebook+instagram,FEED,https://www.instagram.com/p/DVGlb4ygNZO/,https://www.facebook.com/1394493682493867/posts/1282034627073107,33,3,36,14,0,7214,5969,0,18095094550796988,864936030306107_1282034627073107,"O MAIOR FURO ECONÔMICO DA NOSSA HISTÓRIA?

Bilhões sob investigação.
Banco liquidado.
Comissão do Banco Central em andamento.

E enquanto isso… outras pautas ocupam o noticiário.

A CPI do Banco Master não é espetáculo.
É transparência.

Quando o impacto pode atingir até estruturas vistas como intocáveis, o silêncio deixa de ser coincidência.

O Brasil precisa investigar antes que a conta chegue.

Acompanhe. Compartilhe. Fique atento. 🇧🇷"
2026-02-19,20:47,facebook+instagram,FEED,https://www.instagram.com/p/DU9BO4LAbef/,https://www.facebook.com/1394493682493867/posts/1279126197363950,100,2,102,4,0,2216,6473,0,17874186462532390,864936030306107_1279126197363950,O trabalho não para e as entregas também não! 😉
2026-02-16,16:58,facebook+instagram,FEED,https://www.instagram.com/p/DU04ub-AJr2/,https://www.facebook.com/1394493682493867/posts/1276615290948374,321,30,351,79,4,9069,20236,1,18093782258073617,864936030306107_1276615290948374,"CARNAVAL OU CAMPANHA? 🎭

O que aconteceu neste domingo foi inédito e, sim, absurdo! 🤬

Um Presidente em exercício virou enredo em ano pré-eleitoral, com verba pública envolvida e transmissão em rede nacional. Isso nunca aconteceu antes.

Não é sobre festa.
É sobre limite.

Quando dinheiro público entra em cena e o homenageado é quem está no poder, a pergunta muda de tom.

É cultura ou é vitrine política?

O debate não é partidário.
É constitucional.

Leia o carrossel até o fim e tire sua própria conclusão. 👀

Compartilhe com quem precisa entender o que está em jogo."
2026-02-15,15:31,facebook+instagram,REELS,https://www.instagram.com/reel/DUyJsSoAIz2/,https://www.facebook.com/reel/1588026705802697/,185,11,196,143,14,10193,13969,5,18094195078789798,864936030306107_1275750454368191,"NÃO É MILAGRE. É MECANISMO. 🧠🔬

Quando a ciência entende a causa, ela deixa de tratar no escuro.

Nos Estados Unidos, pesquisadores colocaram luz sobre um caminho que pode ajudar parte das pessoas com TEA: o ácido folínico (leucovorina), derivado da vitamina B9.

⚠️ Não estamos falando em cura.

Os estudos indicam possível benefício em um subgrupo específico, especialmente em aspectos ligados à linguagem e comunicação — principalmente quando há alteração no transporte ou metabolismo do folato.

Ou seja: não é para todos.
E ainda há debate científico e necessidade de pesquisas maiores.

Mas aqui está o ponto que realmente importa 👇

✅ Quando você acerta o mecanismo biológico, você aumenta as chances de oferecer um cuidado mais direcionado, mais responsável e baseado em evidência.

Autismo exige seriedade.
Exige dados.
Exige política pública com base científica — não achismo.

Conhecer para incluir. Sempre. 💙

Comente sua opinião e compartilhe informação de qualidade.

#AutismoÉPrioridade #AbrilAzul #ConhecerParaIncluir #EvidênciaCientífica"
2026-02-14,17:38,facebook+instagram,FEED,https://www.instagram.com/p/DUvzqesgOox/,https://www.facebook.com/1394493682493867/posts/1274948824448354,280,12,292,14,2,8248,15551,0,18132719599509427,864936030306107_1274948824448354,"LINDA DEMAIS! 🎉

Ontem a passarela Negro Querido estava simplesmente espetacular!

Foi uma alegria enorme participar desse momento tão especial e receber o convite da escola @academicosdosuldailha para desfilar. Que energia incrível! ✨🥁

Foi lindo, divertido e emocionante ver tanta dedicação transformada em espetáculo em homenagem ao @liratenisclube . 💃🕺

Parabéns a todos os envolvidos! Estava tudo lindo, a festa linda, o povo animado… um verdadeiro show de cultura e tradição!

E podem ter certeza: estamos só começando! 🚀

Acompanhe, compartilhe e venha viver esses momentos com a gente! 🙌

#Cultura #Tradição #SantaCatarina #Carnaval #NegroQuerido PepêCollaço SC"
2026-02-13,23:37,facebook+instagram,FEED,https://www.instagram.com/p/DUt3_FhjeTI/,https://www.facebook.com/1394493682493867/posts/1274262831183620,26,7,33,12,0,3274,4717,0,18305409223277982,864936030306107_1274262831183620,Seja feliz com a festa que é a cara do BRASIL! 🇧🇷
2026-02-08,14:35,facebook,post,https://www.facebook.com/reel/1204523825094289/,,,,,,,,,,,864936030306107_1269925254950711,"ESPORTES COM ESTRUTURA ⚽️🏟️

Mais que futebol: é convivência, saúde e orgulho comunitário! 💚

A entrega da revitalização do Complexo Esportivo Antônio Amboni, em Nova Veneza, representa o nosso compromisso com quem faz o esporte acontecer todos os dias, na base, na várzea e na arquibancada.

Espaços assim são fundamentais para fortalecer o lazer, apoiar nossos jovens e valorizar o que temos de melhor: as pessoas. 👏

Seguimos trabalhando por mais investimentos como esse em todas as regiões de Santa Catarina! 🚀

👉 Acompanhe o mandato."
2026-02-08,14:35,instagram,REELS,https://www.instagram.com/reel/DUgBjIcgMSH/,,426,25,451,46,3,11477,20113,9,18052194983469967,,"ESPORTES COM ESTRUTURA ⚽️🏟️

Mais que futebol: é convivência, saúde e orgulho comunitário! 💚

A revitalização do Complexo Esportivo Antônio Amboni, em Nova Veneza, representa o nosso compromisso com quem faz o esporte acontecer todos os dias, na base, na várzea e na arquibancada.

Espaços assim são fundamentais para fortalecer o lazer, apoiar nossos jovens e valorizar o que temos de melhor: as pessoas. 👏

Seguimos trabalhando por mais investimentos como esse em todas as regiões de Santa Catarina! 🚀

👉 Acompanhe o mandato."
2026-02-07,14:37,facebook+instagram,FEED,https://www.instagram.com/p/DUddW9KgAHz/,https://www.facebook.com/1394493682493867/posts/1269096451700258,24,2,26,6,0,2222,3750,0,18105793510703975,864936030306107_1269096451700258,"O TRABALHO CONTINUA… mas quem vai curtir o final de semana de sol ☀️ aproveita as dicas! 

VAI APROVEITAR A PRAIA? Me conta"
2026-02-06,18:46,facebook+instagram,REELS,https://www.instagram.com/reel/DUbUjoyiahu/,https://www.facebook.com/reel/2298012854014405/,184,5,189,15,2,26196,21972,3,18054955535416618,864936030306107_1268414271768476,"CARRO NOVO PARA CAPIVARI DE BAIXO 🚗💪

Mais uma conquista chegando para melhorar a vida da nossa gente!

Em parceria com o vereador @ezequielcorreazico garantimos a entrega de um veículo novinho para Capivari de Baixo. Um reforço importante para o atendimento da comunidade, que agora terá mais mobilidade, agilidade e segurança no serviço público.

💙 Nosso mandato é isso: resultado, trabalho conjunto e presença nos municípios.

Seguimos firmes, levando recursos onde realmente fazem a diferença!

📍Capiva, conte sempre com a gente!

➡️ Acompanhe o mandato do deputado Pepê Collaço e fique por dentro das conquistas da sua região.

#SantaCatarina #PepêCollaço #MandatoPresente #SCLevadoASério CaratipaDebaixo PolíticaQueEntrega TrabalhoNosMunicípios"
2026-02-05,20:30,facebook+instagram,FEED,https://www.instagram.com/p/DUY8LPWkcdM/,https://www.facebook.com/1394493682493867/posts/1267628321847071,69,5,74,38,3,3225,5953,1,18104934442834678,864936030306107_1267628321847071,"QUANDO A JUSTIÇA TEM SOBRENOME… ⚖️🧐

Parentes diretos de 8 dos 10 ministros do STF tiveram um salto de atuação em tribunais superiores depois que os familiares chegaram à mais alta corte do país.

📊 70% dos processos com participação desses advogados foram protocolados após a posse dos ministros.

Isso é o que chamam de “coincidência”?
O povo brasileiro está cansado de um Judiciário que se protege, mas não se explica.

👁‍🗨 Impedimento técnico não basta. O que está em jogo é a credibilidade de uma instituição que deveria ser exemplo de moralidade pública.

📣 Justiça de verdade precisa ser neutra, ética e acessível — não um clube fechado para famílias influentes.

➡️ Siga e compartilhe: a gente vai continuar cobrando.
#STF #JustiçaComNomeESobrenome #TransparênciaJá #BrasilReal #ChegaDePrivilégio PepêCollaço

📸🔁 Arte: Gisele Cristiane de Oliveira e Regina Elisabeth da Silva / @estadao"
2026-02-04,14:46,facebook+instagram,REELS,https://www.instagram.com/reel/DUVuUh_gCd0/,https://www.facebook.com/reel/891283413650508/,185,4,189,6,2,15147,19421,3,17905623456185498,864936030306107_1266540761955827,"OBRA QUE TRANSFORMA VIDAS EM IÇARA 🚧

A Rua 17 de Dezembro, no Loteamento Casa Grande, agora está pavimentada! 🛣️
Obra linda, feita com recursos do nosso mandato, atendendo três bairros importantes: Marili, Liri e Casa Grande.

O prefeito em exercício Zata destacou a importância da pavimentação para o acesso à unidade de saúde da região.
Fim da lama, fim da poeira. Início de mais dignidade! 👏

Seguimos investindo na infraestrutura do Sul de Santa Catarina.
Obras que melhoram a vida de quem vive aqui.

➡️ Tem muito mais por vir. Tamo junto, Içara!

#PepêPorSantaCatarina #Içara #ObraConcluída #Infraestrutura #SulCatarinense"
2026-02-03,20:30,facebook+instagram,FEED,https://www.instagram.com/p/DUTx445AXqf/,https://www.facebook.com/1394493682493867/posts/1265905285352708,91,8,99,11,1,2570,4070,0,17880373440461396,864936030306107_1265905285352708,"ANO LEGISLATIVO COMEÇOU NA ALESC ▶️

O ano legislativo começou oficialmente aqui na Alesc.
A verdade é que a nossa correria nunca parou.. 🏃

Mas agora os trabalhos em plenário, nas comissões e no diálogo com as regiões ganham ainda mais ritmo.
Seguimos firmes na construção de políticas públicas que façam a diferença na vida das pessoas. 💡

Acompanhe.

#Alesc #SantaCatarina #DeputadoPepê #PolíticaComPropósito #MandatoPresente"
2026-02-02,22:28,facebook+instagram,REELS,https://www.instagram.com/reel/DURbC3cAEh2/,https://www.facebook.com/reel/1062007146103459/,103,7,110,16,2,14413,5406,0,18049256462695352,864936030306107_1265179475425289,"TRABALHO SEM PAUSA 🚧✈️

Praia? Quase não se vê…
Quando o compromisso é com Santa Catarina, o tempo é outro.
Seguimos firmes, cobrando obras, atraindo investimentos e defendendo quem mais precisa! 💪

📍 De Laguna à China, do Morro dos Cavalos às rotas alternativas…
É trabalho que atravessa fronteiras pra trazer resultado pra nossa gente!

➡️ Acompanhe o mandato!
#SCLevadoASério #TrabalhoPeloSul #InfraestruturaJá #DeputadoPepê #SantaCatarina PolíticaQueTransforma"
2026-01-31,14:39,instagram,REELS,https://www.instagram.com/reel/DULb_F_AI6L/,,18,0,18,1,0,900,1206,0,17935357260015848,,"R$ 33,9 MILHÕES. OFFSHORE. SIGILO. 🕵️‍♂️

O caso precisa ser investigado com urgência e seriedade.
Segundo reportagem, um fundo ligado a familiares de um ministro do STF foi encerrado e teve todos os ativos transferidos para uma offshore nas Ilhas Virgens Britânicas — um paraíso fiscal onde não é possível identificar os donos do dinheiro. 💰🌴

A operação envolveu supervalorização de cotas em mais de 44.000% e aponta semelhanças com o esquema investigado no caso Banco Master. O Banco Central já decretou a liquidação da gestora envolvida, por “graves violações regulatórias”.

🔍 Transparência não pode ter lado. Justiça precisa valer para todos.

📢 O cidadão exige respostas. E o Congresso deve agir com independência e firmeza.

#TransparênciaJá #Fiscalização #PolíticaComResponsabilidade #DinheiroPúblico #Offshore"
2026-01-30,21:11,facebook+instagram,FEED,https://www.instagram.com/p/DUJkFJsgfXg/,https://www.facebook.com/1394493682493867/posts/1263003495642887,44,4,48,15,0,2950,5544,0,18165828118401926,864936030306107_1263003495642887,"🚨 Bilhões em risco.
🏦 Um banco colapsa.
⚖️ O sistema falha.

O caso Banco Master escancara o que acontece quando poder, dinheiro e influência se misturam sem responsabilização.

💰 Trabalhadores, investidores , aposentadorias, fundos de previdência e a confiança no sistema ficaram expostos.
📉 Quando um banco desse tamanho quebra, o prejuízo não é privado. É coletivo.

🇨🇱 No Chile, houve investigação e prisão.
🇧🇷 No Brasil, o silêncio institucional ainda fala mais alto.

Isso não é disputa ideológica.
É defesa do Estado de Direito.
É proteção da sociedade.
É exigência de Justiça.

#Justiça #BancoMaster #Responsabilização #EstadoDeDireito #Transparência Brasil"
2026-01-29,21:08,facebook+instagram,REELS,https://www.instagram.com/reel/DUG-karAWrd/,https://www.facebook.com/reel/1621871322280313/,680,18,698,39,6,24113,33834,10,17899687746225672,864936030306107_1262188872391016,"ENTREGA QUE VALORIZA QUEM CUIDA DE TODOS 💙🚐

Mais do que uma van: é um reconhecimento ao trabalho silencioso e incansável das mulheres do Clube de Mães de Nova Veneza.

Uma voltinha especial junto com a prefeita @angelaghislandi e a vereadora @carmenmalgarise , fizemos essa entrega com o coração cheio de gratidão e compromisso! Essa conquista é delas! 💖

Seguimos juntos fortalecendo quem transforma a vida da comunidade com afeto, cuidado e união. 🤝✨

👉 Acompanhe nosso trabalho e compartilhe iniciativas como essa!
⠀"
2026-01-28,16:14,facebook+instagram,FEED,https://www.instagram.com/p/DUD4IRrgMM6/,https://www.facebook.com/1394493682493867/posts/1261220939154476,21,0,21,7,0,2219,3838,0,18255322288295000,864936030306107_1261220939154476,"Ex-ministra da Suprema Corte do Chile, Ángela Vivanco, foi presa em Santiago acusada de suborno, tráfico de influência e lavagem de dinheiro. O caso é considerado um dos maiores escândalos do Judiciário chileno nos últimos anos.

Segundo a investigação, ela teria usado o cargo para interferir em decisões judiciais e favorecer empresários e advogados em troca de vantagens financeiras. Parte dos pagamentos teria passado por intermediários e pelo marido da ex-ministra, com movimentações milionárias sob suspeita.

O nome de Vivanco aparece ligado ao chamado “Caso Hermosilla” ou “Caso dos Áudios”, que revelou uma rede de influência envolvendo advogados, empresários e autoridades para manipular decisões da Justiça, especialmente em processos contra a estatal de mineração Codelco.

A Justiça decretou prisão preventiva, alegando risco de obstrução das investigações e gravidade dos crimes. Mensagens, transferências bancárias e documentos seguem sendo analisados para identificar outros envolvidos.

A Suprema Corte informou que colabora com as apurações. O caso aprofunda a crise de confiança no sistema judicial chileno e reacende o debate sobre corrupção, controle e responsabilidade de magistrados.

Fontes:
🗞 O Antagonista – 27 jan. 2026
🗞 Gazeta do Povo – 27 jan. 2026
🗞 R7 Notícias – 26 jan. 2026
🗞 El País (Chile)
🗞 La Tercera (Chile)"
2026-01-28,09:30,facebook+instagram,REELS,https://www.instagram.com/reel/DUDKUDBDeAN/,https://www.facebook.com/reel/1242218551140027/,836,18,854,57,14,45584,72523,14,17909652429322575,864936030306107_1260969885846248,"⚽️ Investir no esporte é investir no futuro.
São R$ 500 mil para o gramado sintético do Caravaggio FC, fortalecendo o clube e a formação de novos talentos.
Seguimos trabalhando por Santa Catarina! 💪"
2026-01-23,11:24,facebook+instagram,REELS,https://www.instagram.com/reel/DT2e9D7gLOL/,https://www.facebook.com/reel/1297678648865802/,183,8,191,13,2,18865,26958,12,18153553147427809,864936030306107_1256958842914019,"🚀 Rio Fortuna segue avançando!
Mais investimentos chegando para fazer a cidade crescer: carro novo para a educação 🚗📚, R$ 200 mil em infraestrutura 🏗️ e uma balança que fortalece o desenvolvimento do município.

Compromisso reafirmado com trabalho, parceria e resultados concretos.
👉 E vem muito mais por aí! 💪"
2026-01-19,13:20,facebook+instagram,REELS,https://www.instagram.com/reel/DTsZKEEgHwo/,https://www.facebook.com/reel/1572094660666430/,170,5,175,19,3,14310,18809,2,17948534988089425,864936030306107_1254019493207954,"A MELHOR COISA QUE TEM: Ver a obra pronta do recurso que enviamos! 🚀

Gravatal com o prefeito @cleinils.rodriguesdasilva não para de inaugurar obras e essa é só mais uma delas.. vem coisas boas por aí!"
2026-01-16,20:52,facebook+instagram,REELS,https://www.instagram.com/reel/DTleyCLgepb/,https://www.facebook.com/reel/1345097790704184/,485,38,523,31,4,35198,51077,10,17849816700657322,864936030306107_1252141733395730,"AQUI NÃO PARA e o ASFALTO CHEGOU! 🚧🔥

O cheirinho de asfalto novo que a comunidade tanto esperava já está no ar aqui na Sanga!

Essa pavimentação é resultado de uma emenda do nosso mandato, em parceria com o prefeito Sorato, pra garantir mais segurança e qualidade de vida pra quem vive aqui.

📍Quando a gente promete, a gente entrega.
📍E o trabalho não para por aqui!

➡️ Acompanhe nosso mandato pelas redes e compartilhe essa conquista!

#SCLevadoASério #InfraestruturaÉPrioridade #PepêCollaço #ObraEntregue #AsfaltoNovo SantaCatarina TrabalhoQueFazADiferença"
2026-01-15,18:54,facebook+instagram,REELS,https://www.instagram.com/reel/DTish1nAU9M/,https://www.facebook.com/reel/1165769885579697/,207,19,226,34,2,5703,8809,10,17971395962987352,864936030306107_1251321786811058,"SE EU PUDESSE, EU RESOLVIA TUDO! 💪🏼

Se fosse só pela vontade, tava tudo feito.
Mas tem coisa que não é papel do deputado…

👉 Mesmo assim, eu escuto, acolho e ajo.
Porque entender o problema é o primeiro passo pra buscar solução.
E tudo que está ao meu alcance, eu faço — com trabalho sério e amor pela missão que escolhi.

📍Quando a oportunidade aparece, eu abro as portas.
Porque política boa é aquela que constrói caminho de verdade.

#TrabalhoComResultado #PepêCollaço #EmpregoÉDesenvolvimento #InfraestruturaQueTransforma #SCemMovimento SantaCatarinaQueDáCerto"
2026-01-14,22:59,facebook+instagram,REELS,https://www.instagram.com/reel/DTgihs4CSe_/,https://www.facebook.com/reel/2134034714126552/,391,12,403,14,5,20425,28492,4,18199337572328012,864936030306107_1250648563545047,"Começando o ano com o pé direito! 🙌

Gravatal avança com a inauguração do novo asfalto da Rua São Sebastião, na comunidade de Tiradentes. Uma obra muito aguardada, entregue durante a tradicional Festa de São Sebastião, que valoriza a igreja centenária, melhora os acesso com segurança pela SC-370 e transforma o local em um verdadeiro cartão-postal religioso.

Nosso agradecimento ao deputado Pepe Colaço pela destinação de cerca de R$ 400 mil, tornando esse sonho da comunidade realidade. Seguimos trabalhando por mais desenvolvimento para Gravatal! 🚧✨"
2026-01-04,23:09,facebook+instagram,REELS,https://www.instagram.com/reel/DTG0zjyDUvf/,https://www.facebook.com/reel/1927094608201238/,437,8,445,209,59,17815,13975,15,18163008562362698,864936030306107_1243737210902849,"🛢️ DITADURA, OURO E INTERESSES ESCONDIDOS 💰

Sim, Maduro é um ditador. Censura a imprensa, prende opositores e manipula eleições. A Venezuela mergulhou em uma crise política e humanitária sob um regime autoritário e isso ninguém pode negar. ⚠️

Mas… você realmente acredita que Trump e os EUA intervieram só para “salvar o povo”? 🤨

🎯 Por trás do discurso de libertação, há um subsolo avaliado em trilhões de dólares:
🌍 As maiores reservas de petróleo do mundo, minas de ouro, gás e minerais estratégicos.

Esse vídeo mostra um trecho forte de um filme que ajuda a entender o jogo real: não é só sobre ideologia, é sobre poder, recursos e controle global.

🧠 Questione a narrativa. Sempre que falarem em “missão de paz”, pergunte: quem lucra com a guerra?

📽️ Assista, pense e compartilhe 👇

#Geopolítica #Venezuela #Petróleo #Ouro #Maduro Trump Intervenção RiquezasNaturais CriseVenezuelana PoderGlobal GatilhoMental ConsciênciaPolítica"
2026-01-04,17:30,facebook+instagram,FEED,https://www.instagram.com/p/DTGOIhkgN1D/,https://www.facebook.com/1394493682493867/posts/1243599427583294,85,18,103,19,2,6095,12310,0,18111932266559003,864936030306107_1243599427583294,"🇻🇪 VENEZUELA: DO OURO NEGRO À CRISE HUMANITÁRIA 🛢️🔥

Já foi chamada de “Suíça da América Latina”, com uma economia pujante, padrão de vida alto e as maiores reservas de petróleo do mundo. 💸

Mas o que era prosperidade virou fome, migração em massa e caos institucional. O que aconteceu?

👉 De aliado cultural e econômico dos EUA, a Venezuela mergulhou num regime autoritário com o chavismo.

❌ Nacionalizações mal planejadas, corrupção, populismo e alianças perigosas com ditaduras tudo isso transformou um país rico em uma tragédia anunciada.

💥 E por trás de discursos sobre liberdade, há também interesses internacionais por petróleo, ouro e posição estratégica.
Geopolítica não tem mocinho… tem disputa por poder.

📲 Deslize o carrossel e entenda como um país pode perder décadas de avanço em poucos anos.

#Geopolítica #Venezuela #Chavismo #CriseHumanitária #Petróleo PoderGlobal HistóriaRecente ConsciênciaPolítica Populismo AmericaLatina ReelsEducativo DepPepeExplica"
2025-12-31,18:50,facebook+instagram,FEED,https://www.instagram.com/p/DS8EHVSgDVl/,https://www.facebook.com/1394493682493867/posts/1240877564522147,39,5,44,13,0,3197,5155,0,18082004774518305,864936030306107_1240877564522147,"🎉 FÉ, FORÇA, FUTURO
Que 2026 seja o ano em que a esperança se transforma em conquistas e a união faz a diferença na vida de todos! 🌟

Com gratidão por tudo que construímos juntos até aqui, desejo um novo ciclo repleto de saúde, amor, paz e realizações para você e sua família. 🙌💙

Vamos seguir firmes, trabalhando por um estado mais justo, inclusivo e com oportunidades para todos os catarinenses. 🚜🏥📚

Feliz Ano Novo! 🎇

🔁 Comente o que você deseja para 2026 e acompanhe nossas ações por Santa Catarina!

#BoasFestas #Feliz2026 #SantaCatarina #PepêCollaço #PolíticaComPropósito ViradaDoAno TrabalhoQueTransforma"
2025-12-30,21:48,facebook+instagram,REELS,https://www.instagram.com/reel/DS5ziPvga64/,https://www.facebook.com/reel/26306768558911409/,136,21,157,25,0,11520,7227,1,18144976942459473,864936030306107_1240226101253960,"Ano corrido de muito trabalho, confere ai o que a Siri trouxe pra gente! 💫🚀"
2025-12-27,19:44,facebook+instagram,FEED,https://www.instagram.com/p/DSx3HdPAVKa/,https://www.facebook.com/1394493682493867/posts/1238206024789301,86,10,96,24,2,3690,7124,0,18028989764579230,864936030306107_1238206024789301,"UM ANO INTEIRO DE ENTREGA 🚀

Foram 12 meses de correria, de estrada, de reunião, de projeto, de votação, de escuta, de presença.
Trabalhamos muito. Muito mesmo.
Na capital, no interior, nas comissões, nas causas sociais.

Nem sempre foi fácil, mas foi inteiro.
Cada pauta defendida com alma.
Cada conquista celebrada com responsabilidade.

Encerramos o ano com o coração leve e a certeza de que entregamos tudo com garra, compromisso e propósito. 💙

Seguimos firmes. Porque Santa Catarina merece mais.

👉 Acompanhe nosso trabalho em 2026!
#Retrospectiva #TrabalhoDeVerdade #PepêCollaço #SantaCatarina #MandatoPresente Infraestrutura Inclusão DefesaDosDireitos"
2025-12-25,13:01,facebook+instagram,FEED,https://www.instagram.com/p/DSr_dCWAJJG/,https://www.facebook.com/1394493682493867/posts/1236711521605418,120,11,131,12,0,3182,5287,0,18112332415617894,864936030306107_1236711521605418,"Que o Natal renove a fé, fortaleça a esperança e encha nossos lares de paz e união.
Desejo um Feliz Natal a você e à sua família. 🎄✨"
2025-12-24,13:28,facebook+instagram,REELS,https://www.instagram.com/reel/DSpdWgmgM_n/,https://www.facebook.com/reel/1424184979278223/,209,11,220,89,3,17685,23675,2,17985751028920583,864936030306107_1236020925007811,"FELIZ NATAL 🎁 

✨🎄 O Natal é tempo de sentir, agradecer e estar junto.
Entre o cheirinho de milho, as luzes da cidade e o calor das famílias, que este seja um momento de renascimento, fé e união.

Que o Natal ilumine nossos lares e nossos caminhos.
Feliz Natal! ✨🎄"
2025-12-23,15:12,facebook+instagram,REELS,https://www.instagram.com/reel/DSnD0FWgOpD/,https://www.facebook.com/reel/1366155661392111/,135,1,136,7,3,23770,9999,1,18068490251129438,864936030306107_1235401088403128,"Mais um importante equipamento entregue através do nosso mandato! 💪🚜
São Martinho agora conta com uma nova pá-carregadeira, reforçando a infraestrutura e garantindo mais agilidade nos serviços para a população.

Seguimos trabalhando com responsabilidade, compromisso e resultados para quem mais precisa.

#TrabalhoQueEntrega #SãoMartinho #Infraestrutura #MandatoAtuante #CompromissoComAsPessoas ResultadoNaPrática"
2025-12-22,15:49,facebook+instagram,REELS,https://www.instagram.com/reel/DSkih7EgAn7/,https://www.facebook.com/reel/1530199014791628/,157,11,168,18,2,25260,15432,0,18087247814091590,864936030306107_1234689461807624,"🚐🚑 Mais mobilidade, mais cuidado e mais esporte para Capivari!

Entregamos novos veículos para fortalecer os serviços do município:
✅ Sprinter para a Saúde
✅ Fiorino para o Esporte
✅ Spin 7 lugares chegando em breve

Tudo isso é fruto de trabalho, parceria e compromisso com a cidade, garantindo mais estrutura para quem atende a nossa gente todos os dias.

👉 Quando a cidade é bem representada, os resultados aparecem.

#CapivariDeBaixo #TrabalhoQueEntrega #MaisSaúde #MaisEsporte #ParceriaQueFunciona RepresentaçãoQueFazADiferença"
2025-12-18,20:59,facebook+instagram,REELS,https://www.instagram.com/reel/DSazYTEgWin/,https://www.facebook.com/reel/1543848316891491/,135,10,145,15,0,4142,6983,2,18056475707329790,864936030306107_1231985808744656,"PAULO LOPES FAZ E FAZ RÁPIDO! 🚜💥

Obra boa é obra entregue, e Paulo Lopes tá dando exemplo!
Com apoio do nosso mandato, os recursos chegaram e as máquinas não pararam!

A @_feleite já inaugurou as primeiras entregas, e tem muito mais vindo aí. 💪
O compromisso com a infraestrutura da região é real.

Vamos seguir transformando o Sul de SC! 🚧
⠀
🔄 Marque quem mora na região e compartilhe essa conquista!

#PauloLopes #InfraestruturaSC #SulForte #ObraEntregue #PepêCollaço #SCLevadoASério #DeputadoEstadual #InvestimentoNoSul"
2025-12-18,01:18,facebook+instagram,FEED,https://www.instagram.com/p/DSYtcYyjQAo/,https://www.facebook.com/1394493682493867/posts/1231395122137058,246,7,253,3,2,2976,9289,1,17851466925603965,864936030306107_1231395122137058,"Formatura do 5º ano da nossa Manu 🎓
Um passo importante nessa caminhada.
Cada etapa vencida constrói quem ela está se tornando.
Que venham os próximos desafios. Seguimos orgulhosos de você. 💙"
2025-12-10,16:59,facebook+instagram,REELS,https://www.instagram.com/reel/DSFyT4-AMnE/,https://www.facebook.com/reel/3767915693502345/,239,9,248,12,3,28823,23360,3,18085070561091263,864936030306107_1226381045971799,"💥 Capivari de Baixo segue avançando — e o trabalho não para!
Revitalização de ruas, investimento na APAE, novos veículos para a saúde e o esporte, mais recursos para recuperar as vias da cidade… tudo isso pensando em você e no futuro que estamos construindo juntos. 💙

🔥 Quando a gente investe certo, a cidade inteira ganha.

#CapivariDeBaixo #Avanço #TrabalhoPresente #MaisInvestimentos #CidadeQueCresce"
2025-12-09,21:38,facebook+instagram,FEED,https://www.instagram.com/p/DSDt14cAY1N/,https://www.facebook.com/1394493682493867/posts/1225813959361841,149,0,149,6,0,5239,13156,2,18004741538824226,864936030306107_1225813959361841,"SAÚDE MENTAL IMPORTA 🧠✨

Hoje, o deputado Felippe Collaço entregou uma moção de reconhecimento ao CRP-SC (12ª Região), valorizando o trabalho essencial dos profissionais da Psicologia no enfrentamento dos desafios da saúde mental em Santa Catarina.

Reconhecer, apoiar e fortalecer quem cuida das pessoas também é compromisso público 🤝💙"
2025-12-09,01:41,facebook+instagram,REELS,https://www.instagram.com/reel/DSBkZbqDSpV/,https://www.facebook.com/reel/3143034279191580/,313,8,321,24,1,8775,13099,7,18089584849980708,864936030306107_1225230572753513,"🏅 Reconhecimento a quem faz a diferença em Santa Catarina

Na noite desta segunda-feira, a Alesc concedeu a Comenda do Legislativo Catarinense, a mais alta honraria do Parlamento estadual, a personalidades que contribuem de forma concreta para o desenvolvimento do nosso estado.

Entre os homenageados, destaque para Arilton Francisconi Cândido, o Xela, ex-prefeito de 13 de Maio, empresário, líder cooperativista e presidente da Cooperativa de Energia Coorsel. Uma trajetória marcada pelo trabalho, pela geração de oportunidades e pelo compromisso com o crescimento da região sul de Santa Catarina.

Um reconhecimento que vai além do cargo ou da função: celebra quem transforma realidades todos os dias. 👏

#ComendaDoLegislativo #Alesc #SantaCatarina #Reconhecimento #Coorsel #EnergiaQueMove #DesenvolvimentoRegional"
2025-12-07,11:21,facebook+instagram,REELS,https://www.instagram.com/reel/DR9dQfvgPj0/,https://www.facebook.com/reel/1306820984529653/,244,18,262,30,3,40305,24739,8,17890598652389235,864936030306107_1224117052864865,"Você sabia que o aumento do uso de leite em pó importado tem preocupado os produtores de Santa Catarina?
No vídeo, eu mostro como o leite reconstituído pode chegar às gôndolas sem a devida clareza para o consumidor — e como isso impacta a economia local e a qualidade do que chega à nossa mesa.

Na CCJ, estamos debatendo e avançando em um projeto que busca mais transparência e proteção à cadeia leiteira catarinense, valorizando quem produz aqui.

👉 Quero saber sua opinião:
Você acredita que o consumidor deve ser informado quando o leite é feito a partir de pó?
Comenta aqui 👇🥛"
2025-12-01,18:03,facebook+instagram,REELS,https://www.instagram.com/reel/DRuuj4sAAG3/,https://www.facebook.com/reel/837804328985493/,284,19,303,16,3,21424,12090,4,18303098686281511,864936030306107_1220256419917595,"🚨🚐 Você viu isso? Capivari de Baixo acaba de ganhar um reforço que muda vidas!

Chegou uma Sprinter novinha, acessível e com 15 lugares, ampliando o transporte da saúde e garantindo ainda mais inclusão para pessoas com TEA.

💙 Mais acessibilidade.
💙 Mais cuidado.
💙 Mais respeito com quem mais precisa."
2025-11-24,22:09,facebook+instagram,FEED,https://www.instagram.com/p/DRdJdkJgB2M/,https://www.facebook.com/1394493682493867/posts/1215503097059594,29,1,30,3,0,1349,4408,0,18087785560788332,864936030306107_1215503097059594,"Carlos Gomes levou o Brasil ao mundo — e você conhece sua música mesmo sem saber.
Um gênio que provou que cultura é poder e que visão de Estado muda a história. 🇧🇷🎼🔥"
2025-11-22,19:18,facebook+instagram,REELS,https://www.instagram.com/reel/DRXsHungVDy/,https://www.facebook.com/reel/1555194078940975/,395,16,411,43,4,27523,34589,7,18082040732319718,864936030306107_1214000960543141,"A tilápia é mais que um peixe: é renda, tradição e o sustento de centenas de famílias no Sul de SC.
Não vou aceitar que coloquem em risco uma cadeia produtiva que gera emprego, movimenta a economia e transforma municípios como Armazém e Rio Fortuna em referência.
Defender nossos produtores é defender o futuro da nossa região. Contem comigo."
2025-11-17,22:54,instagram,FEED,https://www.instagram.com/p/DRLNHtyja5E/,,29,4,33,6,0,1969,6813,0,18543763876057662,,"🇧🇷✨ Joaquim Nabuco: o abolicionista que sonhou um Brasil mais justo, livre e consciente.

Poucos nomes marcaram tanto a nossa história quanto ele — um homem que usou seu privilégio para enfrentar a escravidão, defender a educação e projetar o Brasil no mundo.

Da luta pela liberdade ao compromisso com a ética pública, o legado de Nabuco continua vivo. E hoje, mais do que nunca, nos inspira a construir um país com valores, identidade e futuro.

👉 Arraste pro lado e descubra por que as ideias dele ainda dizem tanto sobre o Brasil de hoje.
👉 Comente o que mais te chamou atenção na trajetória de Nabuco!"
2025-11-14,16:59,facebook+instagram,FEED,https://www.instagram.com/p/DRC2GzcAB4b/,https://www.facebook.com/1394493682493867/posts/1208067501136487,161,3,164,72,14,14172,21114,54,18022054244716881,864936030306107_1208067501136487,"🌻 Você já deve ter visto esses cordões coloridos. Muito mais que acessórios, eles são meios de identificação usados por pessoas que convivem com condições invisíveis.

Por trás de cada cordão existe uma realidade não vista:
🧩 autismo
⚡ epilepsia
💛 ansiedade severa
🌀 deficiências invisíveis

Esses cordões não pedem favor, e sim empatia. Para acolher quem enfrenta batalhas que não aparecem.

👉 Compartilhe este conteúdo e ajude a levar mais informação e respeito onde ainda falta compreensão."
2025-11-10,20:18,facebook+instagram,FEED,https://www.instagram.com/p/DQ45toqkRCH/,https://www.facebook.com/1394493682493867/posts/1205121501431087,38,2,40,11,3,2693,7769,0,18293063179259296,864936030306107_1205121501431087,"🇧🇷 O que te ensinaram na escola sobre a bandeira do Brasil… é mentira. 😱

Verde não é mata, amarelo não é ouro — e o verdadeiro significado vai te surpreender.

Entender nossos símbolos é entender nossa história.

👉 Arrasta os cards e descobre o que o verde e o amarelo realmente representam.

#HistóriaDoBrasil #BandeiraDoBrasil #ConhecimentoÉPoder #OrdemEProgresso"
2025-11-08,19:38,facebook+instagram,FEED,https://www.instagram.com/p/DQzrj1lEQ6N/,https://www.facebook.com/1394493682493867/posts/1203432228266681,92,9,101,23,1,7047,8322,2,18214791166308873,864936030306107_1203432228266681,"•• O Censo do Autismo não é estatística — é dignidade!

A invisibilidade também é uma forma de violência. Sem dados, o poder público continua errando com quem mais precisa.
Em Santa Catarina, estamos mudando essa realidade!
Como presidente da Frente Parlamentar em Defesa das Pessoas com Autismo, estamos realizando o Censo do Autismo, um passo histórico rumo a políticas públicas reais, humanas e eficazes.
Porque quando o Estado conhece, ele pode agir de verdade.
lEsse é o começo de uma mudança que vai transformar vidas.

#AutismoÉDignidade #CensoDoAutismo
#PolíticaPúblicaDeVerdade #Inclusão #Respeito
#AutismoSC #TrabalhoQueTransforma
#FrenteParlamentarDoAutismo"
2025-11-05,23:36,instagram,REELS,https://www.instagram.com/reel/DQsX5wwjXSd/,,106,3,109,8,0,8256,12468,0,18331917814240469,,"Dia intenso por aqui! 💪🔥
Muito trabalho, muitos atendimentos e ainda mais vontade de fazer a diferença!
No Gabinete 34, o ritmo é de resultados e compromisso com quem confia no nosso trabalho. 🚀💼

#TrabalhoQueTransforma #Gabinete34 #ResultadosDeVerdade #DiaProdutivo"
2025-11-05,20:33,facebook+instagram,FEED,https://www.instagram.com/p/DQsDcIGgfpV/,https://www.facebook.com/1394493682493867/posts/1201072418502662,79,3,82,1,0,1472,5320,2,18165914161343175,864936030306107_1201072418502662,"Um brinde à uva Goethe, que nos presenteia com vinhos, frisantes e espumantes produzidos no Sul
Catarinense que competem de igual para igual no mercado nacional 🥂

Mérito da Associação dos Produtores de Uva e Vinho Goethe (Progoethe), que recebe nosso reconhecimento por meio de uma moção de aplausos da Assembleia Legislativa 👏🏻

Este é também uma homenagem aos nossos colonizadores, que passaram a tradição Goethe de geração em geração e mantém vivo uma produção tão genuína 🍇

Parabéns à associação e obrigado pelos presentes 🍷"
2025-11-04,23:51,facebook+instagram,FEED,https://www.instagram.com/p/DQp1Q7KDQhT/,https://www.facebook.com/1394493682493867/posts/1200341528575751,219,29,248,11,1,3455,12808,1,18409151743141967,864936030306107_1200341528575751,"Que honra imensa! Receber o Título de Cidadão Honorário de Antônio Carlos é mais do que uma homenagem — é um laço de gratidão e afeto que se fortalece com cada gesto e parceria. 💚
Essa cidade agora faz parte da minha história, e sigo comprometido em retribuir com trabalho, presença e resultados reais.

📍Antônio Carlos, de coração e propósito.

#Gratidão #AntônioCarlos #CidadãoHonorário #TrabalhoQueTransforma #Reconhecimento #Honra #SantaCatarina"
2025-11-03,12:31,facebook+instagram,FEED,https://www.instagram.com/p/DQmCovGgLKw/,https://www.facebook.com/1394493682493867/posts/1199164188693485,32,6,38,14,1,2609,6146,0,18064763264574645,864936030306107_1199164188693485,"Um homem à frente do seu tempo.
Um líder que escolheu o conhecimento como arma e o
Brasil como causa. 

👉🏻Deslize e descubra o legado de Dom Pedro II — o
imperador que fez do progresso uma missão."
2025-11-01,20:58,facebook+instagram,REELS,https://www.instagram.com/reel/DQhyniJAWtr/,https://www.facebook.com/reel/822025554059065/,149,8,157,17,2,10939,11264,3,18111238474581475,864936030306107_1197832872159950,"💬 Uma das melhores partes de ser deputado é poder lutar pelos municípios e transformar o trabalho em resultados reais pra quem mais precisa! 💪

🚜 Já destinamos R$ 56 milhões em emendas para os municípios catarinenses — recursos que viram obras, saúde, educação e qualidade de vida lá na ponta.

Porque quando o recurso chega, a mudança acontece! 💙

#TrabalhoQueTransforma #SantaCatarina #DeputadoPepe #ParceriasQueDãoCerto #MaisResultados"
2025-11-01,16:40,facebook+instagram,FEED,https://www.instagram.com/p/DQhVkILAJkT/,https://www.facebook.com/1394493682493867/posts/1197682838841620,135,2,137,1,0,2929,14193,0,18423945031110492,864936030306107_1197682838841620,"Quando temos apoio, a caminhada fica mais fácil. E o que falar desse time de peso que me acompanhou neste sábado e enriqueceu a entrevista para a @radiolitoral90.9? Timaço!

Só tenho a agradecer 🙌🏻"
2025-11-01,00:42,facebook+instagram,FEED,https://www.instagram.com/p/DQfn7HVjeDs/,https://www.facebook.com/1394493682493867/posts/1197093528900551,154,5,159,2,1,2963,11330,2,18084878312067666,864936030306107_1197093528900551,"💙 Casa cheia em Armazém!
Que energia incrível estar com tantas lideranças que acreditam no nosso projeto! 💪

Cada conversa, cada abraço, cada olhar mostram que estamos no caminho certo — com diálogo, união e propósito. 🚀

#TimeProgressista #ForçaQueTransforma #Armazém #PolíticaComPropósito #SantaCatarina #TrabalhoQueConecta #JuntosPeloFuturo"
2025-10-31,10:03,facebook+instagram,REELS,https://www.instagram.com/reel/DQeB7ucgDU8/,https://www.facebook.com/reel/3824840350979892/,106,7,113,7,1,12786,4303,2,18079520242882866,864936030306107_1196579252285312,"Prestando contas em Gaspar!
Seguimos com o compromisso de estar perto das pessoas e mostrar onde cada recurso esta sendo aplicado.

Foram mais de R$ 450 mil em investimentos para fortalecer a saúde, garantir apoio a acamados, ampliar o atendimento às crianças autistas e melhorar a infraestrutura da cidade.

Transparência e trabalho que fazem a diferença por Gaspar! • #Gaspar #TrabalhoQueTransforma
#PrestaçãoDeContas"
2025-10-31,00:25,facebook+instagram,FEED,https://www.instagram.com/p/DQdBPJhDRIR/,https://www.facebook.com/1394493682493867/posts/1196278112315426,142,4,146,10,1,3913,20460,1,18143876269390391,864936030306107_1196278112315426,"🤝 Encontro com as lideranças do Alto Vale

Reunimos lideranças da região para dialogar sobre as demandas e os desafios que o Alto Vale enfrenta no dia a dia.
Foi um momento de troca, escuta e construção conjunta de caminhos que fortaleçam o desenvolvimento dos municípios e melhorem a vida das pessoas.

Seguimos trabalhando com diálogo e compromisso, sempre ao lado de quem faz a diferença em cada cidade do nosso estado! 💪🌄

#AltoVale #SantaCatarina #TrabalhoQueTransforma #Parceria #Lideranças"
2025-10-29,21:04,facebook+instagram,FEED,https://www.instagram.com/p/DQaFZx8AcC8/,https://www.facebook.com/1394493682493867/posts/1195485149061389,63,0,63,6,1,1746,6381,0,18028697033743086,864936030306107_1195485149061389,"POLÍTICA QUE ESCUTA E AGE 👂🏼➡️✍🏼

A verdadeira política acontece fora dos gabinetes.

A Alesc Itinerante é o Parlamento em movimento: escutando prefeitos, dialogando com lideranças e conhecendo de perto os desafios das comunidades em base para a construção de leis.

💬 Presença que gera confiança.
📍 Ações que nascem da vida real.
🤝 Parlamento próximo do cidadão.

Acompanhe nosso trabalho!

#PepêCollaço #SantaCatarina #AlescItinerante #PolíticaDeVerdade #EscutaQueTransforma #InteriorPresente"
2025-10-27,18:36,facebook+instagram,FEED,https://www.instagram.com/p/DQUq0ovAboT/,https://www.facebook.com/1394493682493867/posts/1193888462554391,913,7,920,44,21,10805,19810,0,17873745141441769,864936030306107_1193888462554391,"CIÊNCIA AVANÇA NO ENTENDIMENTO DO AUTISMO 🧠🧬
Pesquisadores da Universidade de Stanford descobriram um tratamento experimental que conseguiu reverter sintomas semelhantes ao autismo em camundongos.

🔍 O estudo foca em uma mutação genética (TSC1), que pode causar alterações no cérebro e está relacionada a alguns casos de autismo. Essa mutação afeta a comunicação entre duas áreas importantes: o hipotálamo e a amígdala, que regulam emoções e comportamentos sociais.

Com o uso de um medicamento experimental, os cientistas conseguiram normalizar essa comunicação e reduzir comportamentos repetitivos e dificuldades de interação social nos animais.

🧪 Ainda é uma pesquisa feita em laboratório, mas é um avanço importante. Ela mostra caminhos promissores para entender melhor o TEA e, no futuro, desenvolver tratamentos mais eficazes.

A ciência não para — e cada descoberta importa!
Seguimos lutando por políticas públicas baseadas em evidência, com inclusão e respeito às pessoas com autismo.

🔗 Estudo completo: https://www.science.org/doi/10.1126/sciadv.adw4682

📌 #AutismoÉPrioridade #ConhecimentoQueInclui #PesquisaCientífica

📲 Acompanhe nosso mandato e compartilhe!"
2025-10-25,23:25,facebook+instagram,FEED,https://www.instagram.com/p/DQQCXWZDfXy/,https://www.facebook.com/1394493682493867/posts/1192391902704047,210,8,218,6,2,8595,16204,1,18051761678329409,864936030306107_1192391902704047,"✨ Parabéns, Pescaria Brava! 🎉

A cidade mais jovem de Santa Catarina segue crescendo com trabalho, fé e compromisso com o futuro. 💪
São 13 anos de conquistas, com obras que melhoram a vida das pessoas saúde mais equipada, ruas pavimentadas, escolas mais estruturadas e oportunidades que chegam a cada canto da cidade.

#PescariaBrava #13Anos #SC #TrabalhoQueTransforma #PepêCollaço"
2025-10-25,13:48,facebook+instagram,FEED,https://www.instagram.com/p/DQPAXW6ACEL/,https://www.facebook.com/1394493682493867/posts/1192041222739115,166,6,172,3,1,2204,6135,1,18349447771164825,864936030306107_1192041222739115,"ORGULHO E DISCIPLINA 🥋💙

O esporte é um dos caminhos mais bonitos pra ensinar valores como respeito, foco e superação.
Ver a Lelê crescendo nesse ambiente, com tanta dedicação e garra, é motivo de muito orgulho pra gente. Ela é incrível e o Judô complementa isso! 👏💪

Que mais crianças e jovens possam encontrar no esporte uma forma de transformar suas vidas. É isso! ⚡

#EsporteÉTransformação #JudôSC #Família #PepêCollaço #SantaCatarina #OrgulhoDePai"
2025-10-24,16:33,facebook+instagram,REELS,https://www.instagram.com/reel/DQMtP3cAAd9/,https://www.facebook.com/reel/1354690182887760/,156,6,162,9,1,10294,14295,4,18086750662753034,864936030306107_1191316086144962,"CHEGAMOS EM TREZE TÍLIAS! 
Foram destinados R$ 200 mil para a pavimentação de ruas e calçadas, melhorando a mobilidade e a qualidade de vida da população.
Cidade linda, limpa e cheia de charme, com suas tradições austríacas que encantam quem passa por aqui. 🇦🇹

#TrezeTílias #TrabalhoQueTransforma"
2025-10-21,22:38,facebook+instagram,FEED,https://www.instagram.com/p/DQFpwmZjang/,https://www.facebook.com/1394493682493867/posts/1189051196371451,38,3,41,12,2,2273,6058,0,18075831007931271,864936030306107_1189051196371451,"💰 QUEM ERA O BILIONÁRIO DO IMPÉRIO? 
Muito antes do Brasil ser industrial, Barão de Mauá já sonhava com um país moderno com trens, bancos, navios e tecnologia nacional.
Um homem que construiu o futuro com as próprias mãos.

#BarãoDeMauá #HistóriaDoBrasil #ImpérioDoBrasil #Progresso #EngenhoEBrasilidade #BrasilImperial #GrandesBrasileiros #IrineuEvangelista #HistóriaNacional #EmpreendedorismoHistórico"
2025-10-17,14:18,facebook+instagram,FEED,https://www.instagram.com/p/DP6dZgvjYL-/,https://www.facebook.com/1394493682493867/posts/1185376463405591,229,22,251,1,4,4211,26429,0,18193775347325367,864936030306107_1185376463405591,"Parabéns, meu amor, Bruna! 😍
Muitos anos de vida. Você é uma mulher incrível, inteligente, forte e uma mãe maravilhosa para nossas duas meninas. Admiro tudo em você e me sinto grato por ter você ao meu lado.
Te amo. ❤️"
2025-10-16,21:24,facebook+instagram,REELS,https://www.instagram.com/reel/DP4ovpeAD6x/,https://www.facebook.com/reel/683871277635855/,211,24,235,44,1,7890,12180,7,18054900461280197,864936030306107_1184775863465651,"OUTUBRO ROSA É COISA SÉRIA 💗

O câncer de mama e do colo do útero precisam ser falados com clareza e coragem.

🩷 Diagnóstico precoce salva vidas.
🩺 Exame clínico e preventivo são essenciais.
👩‍⚕️ Informação é cuidado!

Nosso mandato apoia ações que protegem a saúde da mulher com recursos, presença e compromisso.

➡️ Assista, compartilhe e cuide de quem você ama!
#OutubroRosa #SaúdeDaMulher #DeputadoPepê #SCLevadoASério #PrevençãoSalvaVidas #MulheresFortes #Alesc"
2025-10-15,19:20,facebook+instagram,FEED,https://www.instagram.com/p/DP12XdKgZcn/,https://www.facebook.com/1394493682493867/posts/1183902406886330,310,20,330,1,4,6615,14322,6,18105413911608047,864936030306107_1183902406886330,"Que Deus continue abençoando o nosso casamento, fortalecendo o amor e a parceria que construímos todos os dias.
Ao teu lado, cada momento se torna mais leve, mais bonito e cheio de sentido.
Obrigada por tudo o que faz por nós, por cada gesto de carinho, por me escolher e caminhar comigo nessa vida.
Que venham muitos e muitos anos de amor, risadas e sonhos compartilhados. ❤️"
2025-10-14,23:24,facebook+instagram,FEED,https://www.instagram.com/p/DPztjIGjalF/,https://www.facebook.com/1394493682493867/posts/1183172896959281,38,5,43,8,1,1842,5602,0,18058504427233022,864936030306107_1183172896959281,"VOCÊ REALMENTE CONHECE NOSSO PRIMEIRO IMPERADOR?
Apaixonado, polêmico, decisivo. Dom Pedro I foi muito mais que o “grito do Ipiranga”.
🛡 Rompeu com Portugal, estruturou o Brasil e marcou nossa independência.
Mas por que sua história foi apagada?
👉 Chegou a hora de resgatar o legado do Brasil Imperial!

#HistóriaDoBrasil #DomPedroI #BrasilImperial #Independência #PepeCollaço"
2025-10-13,19:45,facebook+instagram,REELS,https://www.instagram.com/reel/DPwvErmAQxZ/,https://www.facebook.com/reel/825502983307633/,242,13,255,30,2,14309,9619,8,18084553258939897,864936030306107_1182277047048866,"🌸 FORÇA E DEDICAÇÃO QUE INSPIRAM!

O Clube de Mães é um exemplo de como o trabalho coletivo transforma vidas. 💪
Enviei R$ 100 mil em emendas para fortalecer esse projeto e hoje ver essas máquinas de costura chegando é emocionante. Elas representam o começo de uma nova fase, que vai gerar renda, oportunidades e autoestima para muitas famílias. 🧵❤️

Esse é o tipo de resultado que mostra que vale a pena acreditar e investir nas pessoas.

#TrabalhoQueTransforma #PPColasso #ClubeDeMães #EmpreendedorismoFeminino"
2025-10-12,14:44,facebook+instagram,REELS,https://www.instagram.com/reel/DPtoAm2DaIS/,https://www.facebook.com/reel/1861308161436134/,83,4,87,2,0,2079,3644,0,18077805614120934,864936030306107_1181310863812151,"🌈 Feliz Dia das Crianças!

Que todas as crianças possam sentir a alegria de viver dentro de um desenho animado onde o céu tem as cores da imaginação, os amigos são heróis e vilões que ensinam, e cada brincadeira é uma aventura sem fim.

Que nunca falte o riso leve, o sonho grande e a magia de acreditar que tudo é possível. 💫"
2025-10-11,20:36,facebook+instagram,REELS,https://www.instagram.com/reel/DPrrpj0AQyz/,https://www.facebook.com/reel/1365236051638403/,202,0,202,7,6,12345,5202,2,18412059511117355,864936030306107_1180657190544185,"CORAGEM PELA DEMOCRACIA

A perseguição de um regime autoritário que transformou a Venezuela num país sem voz e sem liberdade. É isso que a Maria Corina Machado levantou sua voz contra. 

Mesmo sob clandestinidade, ela foi reconhecida com o Prêmio Nobel da Paz, símbolo de resistência e esperança para milhões de venezuelanos que sonham com o retorno da democracia. 🌎✨

O regime chavista, que se diz popular, fechou jornais, calou opositores e destruiu a economia de uma das nações mais ricas da América Latina. Transformou o petróleo em escassez, o debate em silêncio e o voto em ameaça.

Mas a história mostra: nenhuma ditadura dura para sempre.
A coragem de quem defende a liberdade é o que reacende a chama da democracia mesmo quando a escuridão parece total. 🔥

Ditaduras tem medo da verdade.
E a verdade é simples um país só é forte quando seu povo é livre para pensar, falar e escolher.

👉 Que o exemplo da Venezuela sirva de alerta: onde a liberdade é ameaçada, a tirania cresce.
E onde há coragem, a democracia sempre renasce.

Repost: 🎥 @conexaopoliticabrasil 

#LiberdadeSempre #DemocraciaÉOQueNosUne #ContraTodaDitadura"
2025-10-08,13:26,facebook+instagram,FEED,https://www.instagram.com/p/DPjMVGJDWOy/,https://www.facebook.com/1394493682493867/posts/1177546494188588,34,1,35,2,1,923,3781,0,18080074649088635,864936030306107_1177546494188588,"ELE QUIS LIBERTAR O BRASIL… ANTES DE TODO MUNDO 🧠🔥

Enquanto o país ainda se organizava como nação, José Bonifácio já falava em educação e liberdade para o Brasil. 🇧🇷

Pagou um preço alto por isso.
Mas plantou a ideia que mudou nossa história.

👉 O que você faria no lugar dele?

#VisãoDeFuturo #BrasilLivre #JoséBonifácio #HistóriaDoBrasil #PepêCollaço #ConsciênciaHistórica #Independência #LiderançaDeVerdade"
2025-10-06,20:41,facebook+instagram,REELS,https://www.instagram.com/reel/DPey-4XkS4x/,https://www.facebook.com/reel/790625860409162/,391,36,427,130,1,18384,20199,8,17881364808282124,864936030306107_1176084741001430,"🌦️ Faça chuva, faça sol, tem obra em Pescaria Brava!
Hoje foi dia de inaugurar a Rua do Colégio Palmira de Moraes chamada Rua Zenir Luz Vicente.

💪 Com R$ 250 mil em recursos destinados pelo deputado Pepê Collaço, a cidade segue crescendo com mais acesso, segurança e qualidade de vida pra quem vive aqui.

🤝 Parceria que dá resultado: Prefeitura de Pescaria Brava + mandato presente = obras acontecendo de verdade!

📍 Pescaria Brava segue firme, transformando cada rua em um passo a mais no desenvolvimento da cidade.

#PescariaBrava #ObraEntregue #PepêCollaço #PrefeitoHenrique #TrabalhoQueTransforma #Infraestrutura #SantaCatarina #MaisAcesso #MaisDesenvolvimento #JuntosPorSC"
2025-10-05,17:06,facebook+instagram,REELS,https://www.instagram.com/reel/DPb3ExwgG7r/,https://www.facebook.com/reel/1196918068942050/,265,14,279,17,3,23516,13524,1,18356115520090894,864936030306107_1175100254433212,"BOLA DENTRO PELO ESPORTE! ⚽️

A revitalização do campo em Criciúma recebeu R$ 400 mil em emenda do nosso mandato, em parceria com o trabalho do @miridagostim e do prefeito @vaguinhoespindola 

Mais que futebol, esse investimento é qualidade de vida, lazer e oportunidade para a comunidade! 💪

#EsporteÉTransformação #Criciúma #PepêCollaço #TrabalhoPelosCatarinenses #SantaCatarina"
2025-10-04,21:19,facebook+instagram,REELS,https://www.instagram.com/reel/DPZvCR3kagJ/,https://www.facebook.com/reel/1136363071928486/,207,7,214,15,2,13094,17598,3,17928193791026673,864936030306107_1174383694504868,"MAIS CUIDADO COM A NOSSA GENTE 🚐💙

Praia Grande ganhou mais do que uma van — ganhou mais mobilidade pra quem precisa ir atrás de saúde, educação e oportunidades.

Essa entrega é fruto de parceria e compromisso com o município e com o prefeito Fanica, que conhece de perto as necessidades da população.

Cada recurso, cada veículo, é um passo pra aproximar o serviço público de quem mais precisa. 👊

#TrabalhoQueAcontece #PraiaGrande #SantaCatarina #PepêCollaço #ParceriaQueTransforma #MaisSaúde #MaisEducação #DeputadoEstadual #Alesc"
2025-10-03,16:30,facebook+instagram,REELS,https://www.instagram.com/reel/DPWo86PDZA6/,https://www.facebook.com/reel/1503370004031255/,177,13,190,16,2,13575,12088,5,18291242593283714,864936030306107_1173356851274219,"GAROPABA NO ASFALTO! 🛣️🚧

Mais investimentos para melhorar a mobilidade e a qualidade de vida da população!

Com apoio do prefeito e do vice, garantimos recursos importantes para a pavimentação de vias no município. Um passo firme para o desenvolvimento, para o acesso mais seguro e para a valorização dos bairros.

Infraestrutura é prioridade porque muda a realidade das pessoas. E quando o recurso chega, a transformação acontece.

📍Seguimos juntos por uma Garopaba que avança com responsabilidade e compromisso!

➡️ Acompanhe nosso mandato e compartilhe com quem vive essa conquista!

#PepêCollaço #Garopaba #InfraestruturaQueTransforma #SantaCatarinaQueAnda #MandatoPresente #SCLevadoASério #ObraBoaÉEntregue"
2025-10-01,22:11,facebook+instagram,REELS,https://www.instagram.com/reel/DPSGfrrjTXm/,https://www.facebook.com/reel/24784669934534512/,373,30,403,22,3,13416,18548,3,18079324729994807,864936030306107_1171863868090184,"Qual a sua opinião sobre COTAS pra outros estados? 👀

#UDESC #COTAS"
2025-09-30,17:56,instagram,REELS,https://www.instagram.com/reel/DPPDM-MAP3K/,,226,5,231,43,4,13797,11364,3,18060792083136599,,"130 ANOS DE AMIZADE 🇧🇷🤝🇯🇵

Uma história de respeito e cooperação que fortalece Santa Catarina!
Promovemos na Alesc uma sessão especial em homenagem aos 130 anos do Tratado de Amizade entre Brasil e Japão, celebrando a contribuição da comunidade japonesa no nosso estado.

Da agricultura à cultura, do esporte à educação essa herança enriquece nossa identidade e inspira novas gerações! 🌸🥋🍎

Foi uma honra receber representantes das associações nipo-brasileiras e o cônsul-geral Yasuhiro Mitsui, reafirmando os laços com a província de Aomori.

Santa Catarina é feita de muitas culturas e todas elas merecem reconhecimento! 🙌

👉 Acompanhe nosso mandato aqui!

#BrasilJapão130Anos #IntercâmbioCultural #SCPluricultural #PepêCollaço #Alesc #SantaCatarina #ComunidadeJaponesa #Diplomacia #SessãoEspecial #TradiçãoEInovação"
2025-09-30,01:02,facebook+instagram,FEED,https://www.instagram.com/p/DPNQzlcjZW2/,https://www.facebook.com/1394493682493867/posts/1170253584917879,223,9,232,10,3,5542,22816,1,18083847751936882,864936030306107_1170253584917879,"130 ANOS DE AMIZADE 🇧🇷🤝🇯🇵

Santa Catarina tem orgulho da contribuição da comunidade japonesa para o nosso estado.
Da agricultura à indústria, do esporte à cultura, os descendentes de imigrantes ajudaram a escrever uma história de coragem, disciplina e união.

Celebramos e Homenageamos os 130 anos do Tratado de Amizade Brasil–Japão, reafirmando laços que atravessam gerações e enriquecem o nosso presente.

Arigatou gozaimashitá 🙏✨

👉 Acompanhe nossas ações e participe dessa construção de futuro!
📸 Daniel | Agência @assembleiasc 

#BrasilJapão #SC #CulturaJaponesa #RespeitoEAmizade #SantaCatarina #DeputadoPepeCollaço"
2025-09-29,16:52,facebook,post,https://www.facebook.com/1394493682493867/posts/1169995511610353,,,,,,,,,,,864936030306107_1169995511610353,Notícias da semana! 🗞️☕️
2025-09-29,16:51,instagram,FEED,https://www.instagram.com/p/DPMYpZwDWm5/,,33,2,35,12,0,1875,5237,0,18052760240542925,,Notícias da semana! 🗞️☕️
2025-09-27,18:00,instagram,REELS,https://www.instagram.com/reel/DPHWKnsgF2k/,,490,24,514,46,10,21784,29675,14,18092249629773348,,"PROJETO ASSINADO! 📑🌊

Assinamos o contrato para elaboração do projeto executivo dos molhes da Barra de Laguna. São os 5 milhões da bancada do sul sendo utilizados.

É o primeiro passo de algo esperado há anos e que não se faz da noite pro dia.

Esse projeto vai trazer todos os estudos técnicos: levantamento topográfico, hidrográfico e os valores detalhados pra que, depois, possamos buscar os recursos e viabilizar a obra.

Foi com o trabalho da Bancada do Sul, que destinou R$ 5 milhões, e com muita articulação política que conseguimos avançar até aqui.

Ainda tem um caminho longo e complexo pela frente. Mas seguimos firmes, passo a passo, fazendo a nossa parte.

🚧 Não é promessa. É planejamento. Vamos continuar tentando!

#MolhesDaBarra #Laguna #InfraestruturaSC #PortoDeLaguna #DesenvolvimentoRegional #PepêCollaço #SulDeSantaCatarina #SantaCatarina"
2025-09-27,13:39,facebook+instagram,FEED,https://www.instagram.com/p/DPG5Cj5DF5O/,https://www.facebook.com/1394493682493867/posts/1168275511782353,37,2,39,6,0,1964,5063,0,17996208440827539,864936030306107_1168275511782353,"🌍✨ No Dia Mundial do Turismo, celebramos um dos maiores tesouros de Santa Catarina: nossas águas termais 💦

Elas curam, acolhem e transformam, atraindo visitantes de todo o Brasil em busca de saúde, bem-estar e lazer.

Com a Rota das Águas Termais, unimos cidades como Gravatal, Santo Amaro da Imperatriz, Piratuba, Águas Mornas e São João do Sul em um circuito que valoriza o turismo, gera empregos, movimenta a economia e preserva o meio ambiente. 🌱💼

Santa Catarina no mapa do turismo de saúde e bem-estar! ✅♨️

#DiaMundialDoTurismo #ÁguasTermais #SantaCatarina #TurismoQueTransforma #PepêCollaço"
2025-09-26,16:59,instagram,REELS,https://www.instagram.com/reel/DPEqxayjGmo/,,221,6,227,23,3,33164,51609,0,17943495918054730,,"MAIS UMA OBRA PRA VALER 🚧

A rua 12 de Outubro, em Tubarão, está saindo do papel!
✅ Trabalho conjunto da Bancada do Sul
✅ Compromisso da prefeitura
✅ Mais qualidade de vida para os moradores

É assim que a cidade avança: cada rua pavimentada significa mais dignidade e desenvolvimento para os tubaronenses.

👉 Acompanhe nosso mandato e siga de perto cada conquista!

#Tubarão #ObrasQueTransformam #BancadaDoSul #SantaCatarina #PepêCollaço"
2025-09-25,22:00,instagram,REELS,https://www.instagram.com/reel/DPCouFjjb2r/,,405,23,428,47,5,18619,20363,8,18050980193640332,,"👘✨ Hoje viemos de YUKATA, a roupa tradicional japonesa de verão, para te fazer um convite especial!

🇧🇷🤝🇯🇵 Na segunda-feira, às 19h, na Assembleia Legislativa, vamos celebrar os 130 anos do Tratado de Amizade, Comércio e Navegação entre Brasil e Japão.

🥋🍣 Uma homenagem a esse povo que revolucionou a agricultura, marcou presença nas artes marciais e conquistou nosso paladar com o sushi.

📍Não perca essa noite cultural! Contamos com a tua presença.
#BrasilJapão130anos #Amizade #Cultura"
2025-09-24,21:55,facebook+instagram,FEED,https://www.instagram.com/p/DPADbfNDbvZ/,https://www.facebook.com/1394493682493867/posts/1166211885322049,257,2,259,23,6,6363,24405,0,18376767322181812,864936030306107_1166211885322049,"MAIS UM PASSO DADO PARA A REDRAGAGEM 📑✅ 

Hoje foi assinada a contratação do projeto do Molhes da Barra, um projeto complexo, de grande porte que é demorado, mas que representará um passo importante para a tão sonhada Redragagem, que com certeza impactará todo o desenvolvimento do Sul de Santa Catarina.

Esse projeto é viabilizado por meio de recursos destinados pela bancada do Sul da Alesc ao Governo do Estado, que agora dará andamento aos estudos e etapas necessárias."
2025-09-23,02:19,instagram,REELS,https://www.instagram.com/reel/DO7XiUKDTmG/,,182,8,190,53,3,14581,17798,1,17980938923912158,,"Governo Trump aponta que o uso de paracetamol (Tylenol) durante a gravidez pode estar associado a um aumento no risco de autismo.

📊 A evolução dos números já é conhecida por nós em Santa Catarina:
• Há poucas décadas: 1 em cada 20 mil crianças
• Depois: 1 em 10 mil
• Hoje: 1 em 31 crianças e entre meninos, pode chegar a 1 em 12. 

⚠️ A FDA já orienta: gestantes só devem usar paracetamol quando estritamente necessário.

👶 O crescimento nos casos de autismo é considerado um dos maiores alertas de saúde pública da história e preocupa todos os gestores públicos que percebem esse crescimento considerável de autistas nos últimos anos. 

Qual a sua opinião? 

#Saúde #Gestação #Paracetamol #Autismo"
2025-09-22,22:40,facebook,post,https://www.facebook.com/1394493682493867/posts/1164643335478904,,,,,,,,,,,864936030306107_1164643335478904,Notícias da semana! 👀🗞️
2025-09-22,22:40,instagram,FEED,https://www.instagram.com/p/DO6-_d4jbKq/,,92,4,96,11,0,3601,9085,0,18056067281625456,,Notícias da semana! 👀🗞️
2025-09-17,17:31,instagram,REELS,https://www.instagram.com/reel/DOtg4q-gACe/,,139,4,143,11,0,2988,4462,3,17962883762968595,,"🚨 Notícia boa pra Gaspar!
💙 R$ 150 mil já estão garantidos para fortalecer o atendimento em neuropediatria.
🚜 E mais: outros R$ 200 mil destinados à estrada do Sertão Verde, garantindo mais segurança e mobilidade pra nossa gente.

É investimento chegando e transformando a vida da comunidade! ✨

#Gaspar #Investimento #Saúde #Infraestrutura #TrabalhoQueTransforma"
2025-09-15,22:05,facebook+instagram,FEED,https://www.instagram.com/p/DOo5XkVDb2T/,https://www.facebook.com/1394493682493867/posts/1158966096046628,323,16,339,243,29,9712,20982,43,17942062581052834,864936030306107_1158966096046628,"REGULARIZAÇÃO NA BALEIA FRANCA 🏠✅

A Advocacia-Geral da União autorizou a aplicação da Reurb na APA da Baleia Franca.
Isso significa que milhares de famílias que sempre viveram na região deixam de ser tratadas como invasoras e passam a ter o reconhecimento do direito à moradia digna.

📍 Municípios como Laguna, Imbituba, Garopaba e Jaguaruna agora poderão avançar em projetos que unem habitação e proteção ambiental.

👉 Uma conquista histórica para o Sul de Santa Catarina!

#DireitoAMoradia #SulDeSC #Reurb #BaleiaFranca #PepêCollaço"
2025-09-14,16:40,instagram,REELS,https://www.instagram.com/reel/DOluzWuAPl3/,,138,9,147,23,4,39317,48780,1,18095148865659818,,"🚧 MAIS UMA RUA ASFALTADA! 🛣️

Hoje é dia de comemorar: a pavimentação da Rua Irineu Menegaz é realidade! 🙌
A emenda foi enviada pelo nosso deputado e a obra foi executada pelo prefeito Soratto. Parceria que dá certo! 💪

Quando a política traz resultado, ela muda a vida das pessoas.
Mais dignidade, mais segurança e um futuro melhor para cada morador de Tubarão. 💙

#AsfaltoÉRealidade #MaisObras #TubarãoEmFrente #ParceriaQueEntrega #DeputadoEmAção #PrefeitoPresente #ObraConcluída"
2025-09-13,15:22,instagram,REELS,https://www.instagram.com/reel/DOjBG9xDRyZ/,,149,14,163,29,5,7490,11820,3,18092490871665886,,Faz o café que eu to chegando! ☕️🚀
2025-09-12,11:50,instagram,REELS,https://www.instagram.com/reel/DOgD7NZgMO6/,,201,17,218,116,15,11911,8896,13,17940237614938408,,"INCLUSÃO QUE FAZ A DIFERENÇA! 🧩

Uma sala sensorial transforma a experiência de estudantes autistas: ajuda a acalmar, estimular os sentidos e desenvolver habilidades.
Esse espaço é um refúgio seguro, que promove atenção, bem-estar e aprendizado.

Em Brusque já temos esse exemplo, que pode inspirar muitas outras escolas em Santa Catarina. 💙

👉 Inclusão começa com atitudes concretas!
#AutismoÉPrioridade #AbrilAzul #ConhecerParaIncluir #PepêPeloAutismo"
2025-09-09,21:41,instagram,REELS,https://www.instagram.com/reel/DOZY3xQgKiq/,,334,16,350,67,6,16672,22241,4,18073340579277890,,"🎶 PATRIMÔNIO VIVO, ORGULHO CATARINENSE!

Você sabia que a Banda União dos Artistas, de Laguna, é uma das 3 bandas mais antigas do Brasil ainda em atividade? 🎺
São mais de 150 anos de história, cultura e emoção!

Foi aprovada na CCJ a PEC 0006/2025, de nossa autoria, que possibilita ao estado dar suporte técnico, financeiro e administrativo por parte do Estado a essa entidade histórica. ✅

👉 Cultura também é identidade, pertencimento e legado.
E o nosso compromisso é fazer a tradição catarinense seguir viva e cada vez mais forte!

📍 De Laguna para toda Santa Catarina 💙
📜 #PEC0006 #BandaUniãoDosArtistas

🔁 Compartilhe esse orgulho!
#CulturaÉIdentidade #PepêCollaço #SCLevadoASério #LagunaSC #HistóriaViva #BandaDeMúsica #CulturaCatarinense #Alesc #SantaCatarina"
2025-09-08,17:54,facebook+instagram,FEED,https://www.instagram.com/p/DOWbHnHAB0-/,https://www.facebook.com/1394493682493867/posts/1153480633261841,170,43,213,68,5,7110,28963,8,17979608036872429,864936030306107_1153480633261841,"TER DEPUTADO FAZ DIFERENÇA! 🚀

Tubarão pode contar comigo hoje, amanhã e sempre.
Trabalho com amor, dedicação e compromisso para que a nossa cidade continue crescendo e avançando. 💙

👉 Acompanhe de perto essa jornada e siga junto comigo!

#Tubarão #SantaCatarina #DeputadoPresente #TrabalhoPorSC #PepêCollaço"
2025-09-07,16:06,instagram,REELS,https://www.instagram.com/reel/DOTpn9Wjdfb/,,120,10,130,7,1,8170,5454,1,18082583467928391,,"🇧🇷 ORGULHO DE SER BRASILEIRO

O 7 de Setembro é um momento de união e reflexão.
Em Tubarão, celebramos nossa independência com as famílias, as escolas, as entidades e todos que acreditam em um Brasil mais justo e melhor.

É tempo de reafirmar valores, nosso projeto de educação moral e cívica defende isso, fortalece nossa cidade e renova o compromisso com Santa Catarina. 💙💛💚

👉 Acompanhe nosso mandato e siga de perto essa caminhada.

#SeteDeSetembro #Tubarão #SantaCatarina #PepêCollaço #SCLevadoASério"
2025-09-06,19:13,facebook+instagram,FEED,https://www.instagram.com/p/DORag_fgBkt/,https://www.facebook.com/1394493682493867/posts/1152090606734177,123,55,178,21,3,13416,41333,4,18039129281428278,864936030306107_1152090606734177,Deixe sua opinião nos comentários! 👀
2025-09-05,15:56,instagram,REELS,https://www.instagram.com/reel/DOOeN2DDeiD/,,392,22,414,94,2,43093,64412,9,18092955907708305,,"AGRO MAIS FORTE EM BRAÇO DO NORTE 🚜🌱

Renovamos a frota de tratores no município com recursos viabilizados pelo nosso mandato com a parceria do prefeito @laurinhoboeing e @dudaschueroff que estão fazendo a diferença em Braço do Norte. 

Investimento direto no campo, que fortalece a agricultura, gera oportunidades e contribui para o desenvolvimento da cidade e da região. 💪

Seguimos juntos, valorizando quem produz e faz Santa Catarina crescer.

👉 Acompanhe nosso trabalho e compartilhe esta conquista!

#AgroSC #DesenvolvimentoRegional #BraçoDoNorte #SantaCatarina #PepêCollaço"
2025-09-03,16:45,instagram,REELS,https://www.instagram.com/reel/DOJa3OigOz0/,,556,12,568,41,9,26895,35130,5,18057291323452552,,"PROERD PARABÉNS! 👏

Ver a minha Manuzinha nesse programa enche meu coração de orgulho!
O PROERD ensina valores, fortalece a autoestima e mostra que escolher o caminho certo faz toda a diferença. 🌟

É sobre prevenção, respeito e futuro.
É sobre formar cidadãos conscientes e preparados. 🙌

👉 Acompanhe nosso trabalho e compartilhe essa mensagem de esperança.
#PROERD #SantaCatarina #Educação #FuturoMelhor #PepeCollaço"
2025-09-03,00:55,facebook+instagram,FEED,https://www.instagram.com/p/DOHulb0DVjZ/,https://www.facebook.com/1394493682493867/posts/1149297667013471,215,5,220,4,2,5233,12107,0,17869226667431954,864936030306107_1149297667013471,"PROERD: LIÇÕES PARA A VIDA ✨👮‍♂️👧👦

O PROERD vai muito além da sala de aula.
Ensina valores, fortalece a autoestima e mostra para nossas crianças que escolher o caminho certo faz toda a diferença e a minha manuzinha faz parte disso.

É sobre prevenção, respeito e futuro.
É sobre formar cidadãos conscientes e preparados. 🙌

👉 Acompanhe nosso trabalho e compartilhe essa mensagem de esperança.
#PROERD #SantaCatarina #Educação #FuturoMelhor #PepeCollaço"
2025-08-31,15:41,facebook,post,https://www.facebook.com/1394493682493867/posts/1147592603850644,,,,,,,,,,,864936030306107_1147592603850644,Notícias da semana! 🗞️
2025-08-31,15:41,instagram,FEED,https://www.instagram.com/p/DOBlfbHDTUh/,,71,6,77,9,0,3521,10219,0,18021741404753722,,Notícias da semana! 🗞️
2025-08-29,20:09,instagram,REELS,https://www.instagram.com/reel/DN86PPCAb4u/,,358,12,370,35,1,29702,22021,9,18089607424813083,,"🤝✨ Hoje é um dia especial para Tubarão!
Destinamos R$100 mil para o Clube de Mães do município.

Esse espaço vai muito além de encontros: ele fortalece laços, gera oportunidades, valoriza o trabalho das mulheres e multiplica cuidado e solidariedade pela nossa cidade. 🌸👩‍👩‍👧‍👦

Com esse recurso, garantimos que o Clube continue sendo referência em união e transformação social. 💪❤️

Seguimos firmes, trabalhando por Tubarão e por toda a região! 🚀

#TrabalhoQueTransforma #PepeCollaço #Tubarão #ForçaDasMães #MaisPorVocê"
2025-08-29,00:50,instagram,REELS,https://www.instagram.com/reel/DN61HFmDW1i/,,215,23,238,16,2,13057,9841,3,18065949050191374,,"✨ Gratidão imensa a toda a cidade de Içara pelo título de Cidadão de Içara que acabo de receber. 🙏💙
Esse reconhecimento me emociona e fortalece ainda mais meu compromisso com cada pessoa que vive aqui.

Enviamos recursos pra obras importantes e vamos continuar nesse caminho, trabalhando com seriedade e carinho para contribuir com o desenvolvimento de Içara e de toda a nossa região. 🚜🏙️

Contem comigo para seguir transformando nossa cidade e construindo um futuro ainda melhor! 💪🌟

#Içara #CidadãoIsarense #TrabalhoQueTransforma #PepeCollaço #Gratidão #CompromissoComAsPessoas"
2025-08-20,19:18,facebook+instagram,FEED,https://www.instagram.com/p/DNlpp1IpoAc/,https://www.facebook.com/1394493682493867/posts/1139330064676898,77,3,80,8,0,3023,7686,1,17880065073261135,864936030306107_1139330064676898,"A senadora Tereza Cristina é sinônimo de trabalho, dedicação e compromisso com o Brasil. Um exemplo que inspira e motiva a todos nós a seguirmos firmes nessa caminhada. 🙌🇧🇷"
2025-08-19,18:06,facebook+instagram,FEED,https://www.instagram.com/p/DNi8oy0O8Z3/,https://www.facebook.com/1394493682493867/posts/1138514978091740,146,4,150,16,6,5928,26690,1,17857977360474652,864936030306107_1138514978091740,"UNIÃO PROGRESSISTA: NOVO CAPÍTULO NA POLÍTICA 🇧🇷

Nossa convenção Progressistas junto com a oficialização da Federação União Progressista. Um momento histórico para a política nacional, definindo estatuto, diretrizes e estratégias que fortalecem a democracia e a integração partidária.

Nós, deputados de SC, participamos ativamente para garantir que a voz da nossa região esteja presente nesse processo. 💪🌎

👉 E você, o que espera da União Progressista para o futuro do Brasil?

#UniaoProgressista #PoliticaNacional #SulEmBrasilia"
2025-08-17,17:04,instagram,REELS,https://www.instagram.com/reel/DNdrGY-OXzj/,,622,22,644,167,4,23997,25589,23,18379089121125071,,"OBRA CONCLUÍDA E VEM MAIS POR AÍ! 🚀

Cheirinho de asfalto novo na estrada do Siqueiro, em Pescaria Brava! 🌟
Foram R$ 2,5 milhões investidos para garantir o asfalto que já está pronto e hoje anunciamos mais R$ 2,5 milhões, fruto da parceria com o governador @jorginhomello e da grande administração que o prefeito @henriquecastropp11 tem feito. 💪"
2025-08-16,19:30,facebook+instagram,FEED,https://www.instagram.com/p/DNbX32JpTd9/,https://www.facebook.com/1394493682493867/posts/1136246881651883,141,5,146,4,1,2859,7739,3,18525174658050058,864936030306107_1136246881651883,"✨ Nosso sábado é assim: sempre junto, sempre presente! Hoje marcando presença no Arraiá da Zofa, aqui em Tubarão. 🦈"
2025-08-13,20:32,instagram,REELS,https://www.instagram.com/reel/DNTwHkYJn4G/,,136,5,141,16,3,19362,19833,2,18365448976151131,,Trabalhamos muito e com sorriso no rosto porque fazemos o que a gente gosta! 🚀
2025-08-11,22:01,instagram,REELS,https://www.instagram.com/reel/DNOv9s7JGrx/,,170,3,173,12,0,14192,15453,1,18187816510319195,,"🚀O futuro da inovação já tem endereço em Tubarão: Sigma Park! 💡

🏙️ Um espaço que conecta tecnologia, negócios e oportunidades para transformar ideias em realidade. 🌟 #SigmaPark #TubarãoInovadora #FuturoAgora"
2025-08-10,18:37,facebook+instagram,FEED,https://www.instagram.com/p/DNL08XhpN1o/,https://www.facebook.com/1394493682493867/posts/1131593885450516,164,5,169,0,2,1440,5827,3,18084291196848335,864936030306107_1131593885450516,Feliz dia dos pais para todos 💙
2025-08-09,21:36,instagram,REELS,https://www.instagram.com/reel/DNJkWlqJ0DZ/,,44,3,47,2,2,1240,1751,1,18088765564742410,,Quem viveu essa época de debates reais? 🤔
2025-08-07,17:07,instagram,REELS,https://www.instagram.com/reel/DND7i_-utdH/,,88,7,95,9,0,10143,5844,0,18043556090646497,,"DESENVOLVENDO A REGIÃO! 🫡
Assumi o compromisso de representar o Sul e lutar por investimentos que fizessem a diferença. E conseguimos! 💪

Já são mais de R$ 55 milhões destinados à região da Amurel, com recursos investidos em todos os municípios.
O trabalho sério e responsável está transformando nossa região! 🚀🇧🇷

#CompromissoCumprido #RegiãoSul #Amurel #TrabalhoQueEntrega #DesenvolvimentoRegional #MandatoPresente #MaisInvestimentos"
2025-08-06,22:22,instagram,REELS,https://www.instagram.com/reel/DNB6yvkptFR/,,99,4,103,16,2,8096,5328,0,18051274577407810,,"Com orgulho e gratidão, aprovamos a homenagem ao Movimento Escoteiro em Rio Negrinho! 👏

O Grupo Escoteiro Arnaldo de Almeida Oliveira, fundado em 1989, é um exemplo vivo de dedicação, educação e serviço à comunidade. 💚

Mais de 70 jovens e 20 voluntários fazem parte desse movimento transformador que desperta valores, forma líderes e constrói um futuro melhor todos os dias! 💪🌍

📣 Se você acredita no poder da juventude e na força do voluntariado, essa homenagem também é sua! 🙌

#EscoteirosDoBrasil #RioNegrinho #LiderançaJuvenil #OrgulhoDaNossaCidade #HomenagemMerecida #TrabalhoVoluntário #GrupoEscoteiro #CompromissoComOFuturo #EducaçãoTransformadora #JuntosSomosMaisFortes"
2025-08-04,18:48,instagram,REELS,https://www.instagram.com/reel/DM8Y7FopI7w/,,238,10,248,30,1,15147,9096,11,17947965824881815,,"🏗️ O Clube do Idoso será ampliado!

Mais qualidade de vida, mais respeito com quem tanto já fez por nós. É o nosso compromisso com Itapema e com nossa parceira @gabi.f.nascimento se tornando realidade! 💙

#CompromissoCumprido #Itapema #ClubeDoIdoso #MaisQualidadeDeVida #RespeitoComOsIdosos #MandatoPresente 💪👵👴"
2025-08-03,18:29,facebook+instagram,FEED,https://www.instagram.com/p/DM5ykF-JsLf/,https://www.facebook.com/1394493682493867/posts/1126212669321971,112,5,117,12,0,4775,12635,1,18338110306164475,864936030306107_1126212669321971,"NA ESTRADA! 🚙💨🙅‍♂️

Essa semana foi de estrada, encontros e escutando as necessidades e realidades dos municípios. De cidade em cidade, reforçamos compromissos, ouvimos as demandas da nossa gente e seguimos construindo soluções junto das lideranças que fazem a diferença! 💪🌱

Porque política se faz assim: com presença, olho no olho e muito trabalho! 👊

#PepeColasso #PéNaEstrada #Lideranças #SulDeSC #PolíticaComPropósito #CompromissoComAsPessoas #MandatoPresente #DeputadoEstadual"
2025-08-01,17:22,instagram,REELS,https://www.instagram.com/reel/DM0g5k3uVif/,,65,5,70,5,0,9812,3898,0,18093101518632293,,"📍PASSO DE TORRES

Trabalhar pelo desenvolvimento das nossas cidades é compromisso do nosso mandato. Em Passo de Torres, não é diferente: mais emendas, mais investimentos, mais qualidade de vida para quem vive aqui. Conte sempre com a gente! 🤝🚀"
2025-07-31,16:50,instagram,REELS,https://www.instagram.com/reel/DMx4WykOV8G/,,120,12,132,18,1,5632,8640,4,18090647506664109,,"MAIS DE 2 MIL KM só essa semana!🚙💨

Precisamos estar nas cidades pra saber as reais necessidades do catarinense, SEMPRE PRESENTE! 🙅‍♂️🚀"
2025-07-30,19:39,facebook+instagram,FEED,https://www.instagram.com/p/DMvnYFJpZPD/,https://www.facebook.com/1394493682493867/posts/1123170846292820,82,3,85,9,0,5139,11909,0,17858193441466551,864936030306107_1123170846292820,"ESTAR PRESENTE! 🤝

🚨 Avanços que você pode ver e sentir! Estivemos onde as mudanças acontecem porque acompanhar de perto é garantir que a transformação chegue até você.

🛣️ Rodovia SC-443: A recuperação do trecho entre Criciúma e Morro da Fumaça é um alívio para quem trafega todos os dias. Segurança e mobilidade de volta à rotina!

🏫 Escola Walter Holthausen – Lauro Müller: A reforma e ampliação mostram que quando se investe em educação, se constrói um novo amanhã.

🔑 Infraestrutura e ensino caminhando juntos. Seguimos lado a lado em cada conquista, parabéns @jorginhomello pelas entregas de grande importância pra região. 

#TransformaçãoDeVerdade #PresençaQueFazADiferença #SC443 #EducaçãoÉPrioridade #LauroMüller #Criciúma #MorroDaFumaça #AvançosReais #MaisEducação #MaisInfraestrutura #ConstruindoOFuturo"
2025-07-29,14:53,instagram,REELS,https://www.instagram.com/reel/DMsg6UbuqM5/,,141,6,147,6,1,14133,6949,1,17912372448156314,,"PÉ NA ESTRADA! 🚙🙅‍♂️

Aqui em Grão-Pará não foi diferente, emenda, investimentos, parceria e mais qualidade de vida pras pessoas, é o gabinete 34 chegando. Tudo que gostamos de fazer! 🚀"
2025-07-28,20:35,facebook+instagram,FEED,https://www.instagram.com/p/DMqkJhaJLFn/,https://www.facebook.com/1394493682493867/posts/1121701336439771,93,12,105,22,0,4764,8278,1,17892205161281065,864936030306107_1121701336439771,"🏃‍♀️⚽ O esporte transforma, inspira e ensina. É no jogo, na disciplina e na convivência que moldamos o futuro das nossas crianças. Por isso, seguimos incentivando com tanta força! 💪

#EsporteÉTransformação #FuturoDasCrianças #IncentivoAoEsporte #Cidadania #Disciplina #EsporteParaTodos"
2025-07-26,22:32,facebook+instagram,FEED,https://www.instagram.com/p/DMln7PPJmeG/,https://www.facebook.com/1394493682493867/posts/1120271313249440,135,3,138,2,1,4487,12441,0,18008836565608326,864936030306107_1120271313249440,"O trabalho não para! 🚀

Reunião importante do partido em Gravatal, reunindo lideranças políticas de toda a região! 💬🤝
Estiveram presentes representantes de Armazém, Braço do Norte, São Ludgero e Gravatal, fortalecendo a união e o trabalho conjunto pelo desenvolvimento do Sul de Santa Catarina. 💪🌟

#PolíticaComPropósito #SulDeSantaCatarina #Gravatal #Armazém #BraçoDoNorte #SãoLudgero #TrabalhoPeloFuturo #LiderançasUnidas"
2025-07-23,19:38,facebook+instagram,FEED,https://www.instagram.com/p/DMdlrnCJstK/,https://www.facebook.com/1394493682493867/posts/1117996543476917,55,6,61,16,0,1770,5843,0,17883279984222344,864936030306107_1117996543476917,"Tamo chegandooo! 🚙💨
Onde a gente passa, a transformação acontece! 💪✨
Essas são algumas das obras que ajudamos a tirar do papel e que hoje fazem a diferença na vida das pessoas.
Seguimos firmes, trabalhando por cada comunidade! 🛠️🏡 #TrabalhoQueTransforma #MandatoPresente #CompromissoComVocê"
2025-07-21,19:08,facebook+instagram,FEED,https://www.instagram.com/p/DMYYpJjJwRU/,https://www.facebook.com/1394493682493867/posts/1116530963623475,80,4,84,19,0,3795,7951,0,18044420888293707,864936030306107_1116530963623475,COMEÇANDO A SEMANA INFORMADO! 🗞️☕️
2025-07-20,15:39,instagram,REELS,https://www.instagram.com/reel/DMVbiB5uwiT/,,246,9,255,79,4,19596,15083,12,18285013024269248,,"🚧 Obra aguardada, conquista confirmada!

A ligação entre a Várzea e a BR-101 finalmente vai sair do papel. São R$ 5 milhões garantidos para mais de 2 km de asfalto que vão transformar a mobilidade, a economia e a vida de quem vive aqui.

Não é promessa. É realidade chegando no chão.

#AsfaltoNaVárzea #Gravatal #PepeCollaço #PrefeitoClei #ObraQueTransforma #SCEmObras #MaisMobilidade #MaisDesenvolvimento"
2025-07-17,21:27,facebook+instagram,FEED,https://www.instagram.com/p/DMOVVX8pZSX/,https://www.facebook.com/1394493682493867/posts/1113592893917282,49,25,74,9,0,2147,4902,0,18353626687085165,864936030306107_1113592893917282,"💸 Calote bilionário da Venezuela: quem paga é você.

Desde 2018, Maduro não paga a dívida com o Brasil. Já são R$ 10,3 bilhões, sendo R$ 2,7 bi só de juros.

💰 O Tesouro teve que cobrir o prejuízo com dinheiro público.
📈 Em 2025, a dívida já cresceu quase R$ 1 bi.
🤐 E o governo Lula segue em silêncio.

Isso não é sobre política. É sobre respeito ao seu dinheiro.

#CaloteDaVenezuela #DinheiroPúblico #VocêPagou #BrasilPrecisaReagir #TesouroNacional #ChegaDeSubmissão #FirmezaJa"
2025-07-16,22:51,instagram,REELS,https://www.instagram.com/reel/DML5pjEp1Mk/,,491,34,525,107,5,31428,45939,25,18063154037225782,,"🎓 UNIVERSIDADE GRATUITA! 💥

Tem gente se endividando por acreditar em um programa que ainda precisa de ajustes. Estamos na Alesc cobrando soluções, defendendo mais bolsas, prazos justos e respeito com quem sonha com a universidade.

📽️ Assista e entenda o que está sendo feito pra mudar isso!

#UniversidadeGratuita #MaisBolsasJá #EducaçãoÉPrioridade #EstamosNaLuta #CompromissoComOFuturo #Alesc #SC #JustiçaParaEstudantes"
2025-07-15,18:02,instagram,REELS,https://www.instagram.com/reel/DMIzO3PucMt/,,163,11,174,17,0,8186,10736,4,17916737262131464,,"📍 Capivari de Baixo precisa de reforço no Judiciário!

Hoje levamos ao TJSC, junto com a bancada do sul, o pedido pela criação de uma segunda vara na comarca, que já passa de 12 mil processos ativos ⚖️📄
Mais estrutura = mais agilidade e justiça para a população ✅

#Justiça #CapivariDeBaixo #TJSC #BancadaDoSul #DeputadosEstaduais #MaisEficiência"
2025-07-14,15:27,instagram,REELS,https://www.instagram.com/reel/DMF8t68OUya/,,303,11,314,24,0,11101,17551,4,18032388968678549,,"✨ O que era sonho, agora é realidade! 

Garopaba acaba de ganhar uma nova creche: o CEI Profª Maria Marta Ribeiro Sanseverino! Um espaço planejado para oferecer mais conforto, segurança e desenvolvimento para nossas crianças e tranquilidade para as famílias. 👶📚💙

A entrega foi realizada pelo prefeito Júnior Abreu e o vice-prefeito Guto Chaves, que também assinaram ordens de serviço para novas pavimentações em várias ruas da cidade. Cada rua pavimentada, cada nova estrutura entregue, é a prova concreta de um governo que entrega e transforma.

🚧 Garopaba está crescendo, evoluindo e se preparando para o futuro. E tudo isso só é possível com planejamento, trabalho sério e compromisso com as pessoas.

É Garopaba avançando no presente para garantir um amanhã melhor para todos.

#GaropabaCresce #EducaçãoDeQualidade #PrefeituraQueEntrega #NovaCreche #MaisRuas #DesenvolvimentoReal"
2025-07-12,19:39,instagram,REELS,https://www.instagram.com/reel/DMBQQcwJdlX/,,164,3,167,2,0,2025,4360,0,17953143926841025,,"Festa junina do Colégio São José! 🌽🎉
Aproveitando esse tempinho pra matar a saudade da Família, @brubrunelcollaco e minhas princesas, Lelê e Manu, acompanhando a quadrilha delas! ❤️

#FestaJunina #ColégioSãoJosé #Lelê #Manu #Quadrilha #AmorQueNãoSeMede"
2025-07-12,12:43,instagram,REELS,https://www.instagram.com/reel/DMAhFwpOzVW/,,196,45,241,156,1,4075,6304,2,18059687240197714,,"📉 Quem paga a conta dos novos impostos? Sempre o povo.
Enquanto deveríamos estar reduzindo a carga tributária e fortalecendo a economia com mais dinheiro no bolso dos brasileiros, o governo Lula vai na contramão e aumenta ainda mais os impostos.
Resultado? Poder de compra afundando e o povo pagando a conta. 💸🚨

#MenosImpostosMaisBrasil #EconomiaNaVeia #Lula #Tributos #PoderDeCompra #ContraAMaré"
2025-07-11,16:13,facebook,post,https://www.facebook.com/1394493682493867/posts/1109107047699200,,,,,1,,,,,,864936030306107_1109107047699200,"QUEM PAGA O PRESO DESSA IRRESPONSABILIDADE SOMOS NÓS! 😒

Deixe sua opinião nos comentários. ⬇️"
2025-07-11,16:13,instagram,FEED,https://www.instagram.com/p/DL-Un1QOTCl/,,204,121,325,37,5,7040,12058,2,18380122087135090,,"QUEM PAGA O PREÇO DESSA IRRESPONSABILIDADE SOMOS NÓS! 😒

Deixe sua opinião nos comentários. ⬇️"
2025-07-10,19:28,facebook+instagram,FEED,https://www.instagram.com/p/DL8GKwdpdqJ/,https://www.facebook.com/1394493682493867/posts/1108498601093378,169,5,174,2,1,2350,3706,2,18318467422300041,864936030306107_1108498601093378,"👏Parabéns Sr. Lindomar Cardoso Tournier, exemplo de vitalidade, talento e dedicação à literatura! Aos 103 anos e com 21 obras publicadas, seu legado ultrapassa páginas e inspira gerações que honra tê-lo como o escritor mais longevo em atividade no mundo! 🌎"
2025-07-09,21:49,instagram,REELS,https://www.instagram.com/reel/DL5w--Gpeh8/,,75,7,82,8,1,12444,12304,0,18054113504105226,,"A correria é grande, o dia é intenso, mas a gente trabalha com felicidade! 🚀"
2025-07-08,16:17,instagram,REELS,https://www.instagram.com/reel/DL2lflouMJG/,,172,5,177,10,0,17391,20421,1,17880978234345858,,"💭 O jogo é às 16h, mas a cabeça já tá gritando: FLUMINENSE VAI JOGAR!!!🇭🇺

Aviso aos secadores: Eu acredito e já chegamos mais longe! 😉"
2025-07-07,23:35,facebook+instagram,FEED,https://www.instagram.com/p/DL00C27pJLz/,https://www.facebook.com/1394493682493867/posts/1106519524624619,214,19,233,155,5,4478,8180,0,18349992982087301,864936030306107_1106519524624619,"MILEI CORTA IMPOSTOS, LULA AUMENTA! 😒

O aumento de impostos só tira o dinheiro do bolso do trabalhador, perdemos nosso poder de compra e esfria a economia. É, estamos nadando contra a maré. 🫢

Deixe sua opinião nos comentários! ⬇️

#Repost 🔁 @jornadatop"
2025-07-07,13:17,instagram,REELS,https://www.instagram.com/reel/DLztJZSOTro/,,125,7,132,27,1,13529,19443,2,17912594229156081,,E vamos pra mais uma semana abençoada! 🙏🚀
2025-07-04,22:48,facebook+instagram,FEED,https://www.instagram.com/p/DLtAP-qJHN1/,https://www.facebook.com/1394493682493867/posts/1104275868182318,270,22,292,5,3,3250,5449,0,18166739050347631,864936030306107_1104275868182318,"VAMO PRA SEMIFINAL!❤️🤍💚

Só quem é tricolor sabe o que foi esse jogo!!! É DEVAXXXTADOR!"
2025-07-04,18:35,facebook+instagram,FEED,https://www.instagram.com/p/DLsjV-AJyvL/,https://www.facebook.com/1394493682493867/posts/1104160584860513,102,11,113,15,1,2719,4511,1,17907651342183719,864936030306107_1104160584860513,"PRA CIMA FLUMINENSE! 

Hoje o clima é esse e não tem jeito: EU VOU FICAR LOUCO DA CABEÇA, NADA ME INTERESSA É O TRICOLOR! ❤️💚🤍"
2025-07-02,17:14,facebook+instagram,FEED,https://www.instagram.com/p/DLnQfRlOtTd/,https://www.facebook.com/1394493682493867/posts/1102643935012178,57,0,57,6,0,2815,4539,1,18047321534533463,864936030306107_1102643935012178,"FLA X FLU, o clássico também na política? ⚽️🫢

No Podcast Jogo Rápido da @assembleiasc , bati um papo descontraído com meu amigo e colega deputado @volneiweberoficial Falamos sobre a importância do esporte na educação e no social. E claro, não podia faltar uma resenha sobre os bastidores de um bom Fla x Flu!

👀 Em breve no ar. Fica ligado!"
2025-07-01,14:59,instagram,REELS,https://www.instagram.com/reel/DLkcITPuO9M/,,96,2,98,19,1,4469,6296,1,18059471525203908,,"CAMINHOS DO MAR! 🌊

O asfaltamento da estrada que liga Passo de Torres a Laguna é prioridade para a Bancada Regional do Sul da #Alesc! Confira! 🛣️ 

#BancadaDoSul #santacatarina #deputadoestadual"
2025-06-29,17:15,facebook+instagram,FEED,https://www.instagram.com/p/DLfiKpxO5i2/,https://www.facebook.com/1394493682493867/posts/1100410791902159,146,29,175,47,5,8663,12916,8,17912917602140877,864936030306107_1100410791902159,🗞️Confere as notícias da semana! ➡️
2025-06-27,20:05,instagram,REELS,https://www.instagram.com/reel/DLarROQJIpa/,,299,17,316,19,1,16171,24646,4,18063255239177068,,"PARCERIA QUE GERA DESENVOLVIMENTO! 💪

A nova ponte no bairro Represa, em Braço do Norte, vai facilitar o escoamento da produção e melhorar a vida de quem vive e trabalha na região.
Nosso mandato tá aqui pra isso: identificar os gargalos e impulsionar o crescimento das microrregiões! 🚜📈

#DesenvolvimentoRegional #BraçoDoNorte #Infraestrutura #MandatoPresente #TrabalhoQueFazADiferença #ParceriaQueTransforma"
2025-06-24,21:14,instagram,REELS,https://www.instagram.com/reel/DLTFQc_JAxJ/,,448,75,523,84,20,20837,28302,17,18363198670147210,,"📚 MAIS INCLUSÃO NO UNIVERSIDADE GRATUITA! 

Defendi a inclusão dos alunos da Unisul no programa e apresentou emenda que antecipa os processos seletivos e garante apoio aos estudantes prejudicados. O projeto segue em tramitação na Alesc.

#UniversidadeGratuita #EducaçãoSC #PepêCollaço #CCJ #Unisul #Alesc #SantaCatarina"
2025-06-23,22:37,instagram,REELS,https://www.instagram.com/reel/DLQp3AFJ65n/,,122,8,130,26,0,6336,10892,2,18104084869477816,,"Falou em buscar mais recursos pra nossa região, eu já tô pronto! 🛵"
2025-06-21,15:13,instagram,FEED,https://www.instagram.com/p/DLKt3RfuYkC/,,31,0,31,10,0,2601,3621,0,17849606001487567,,Muito triste as cenas do balão em Praia Grande vistas essa manhã. Minhas orações e solidariedade estão com as vítimas e suas famílias nesse momento 🙏
2025-06-20,15:05,facebook+instagram,FEED,https://www.instagram.com/p/DLIILZJuBNA/,https://www.facebook.com/1394493682493867/posts/1093834932559745,149,20,169,16,4,5541,7731,0,18388216648190849,864936030306107_1093834932559745,"Não é sobre obediência, É SOBRE EDUCAÇÃO! 📚

Nosso projeto de Educação Moral e Cívica nas escolas foi aprovado na Comissão de Constituição e Justiça e segue avançando na Alesc.
Disciplina, respeito aos símbolos e amor à pátria não se impõem — se ensinam. E é isso que estamos construindo!
 
Isso é outras notícias: 🗞️ ↔️"
2025-06-18,20:23,instagram,REELS,https://www.instagram.com/reel/DLDi5nQJRd6/,,137,25,162,33,2,5424,7808,2,18046241630204994,,"AUTISMO É PRIORIDADE! 💙

O autismo não tem cara, mas tem realidade e ela precisa ser vista com responsabilidade!

A gente luta por mais inclusão, mais apoio às famílias e políticas públicas de verdade:
✔️ Frente Parlamentar em Defesa do Autismo
✔️ Censo com a Acafe para embasar ações
✔️ Defesa de centros especializados e acolhimento familiar

Cada conquista é uma vitória de toda a sociedade.
Vamos juntos por mais respeito, diagnóstico e cuidado!

📢 Comente aqui: o que você gostaria de ver na defesa da causa autista?
⠀
#AutismoÉPrioridade #PepêPeloAutismo #ConhecerParaIncluir #AbrilAzul #PolíticaComPropósito #SantaCatarina"
2025-06-17,15:07,facebook+instagram,FEED,https://www.instagram.com/p/DLAaA5ouEZX/,https://www.facebook.com/1394493682493867/posts/1091750836101488,46,7,53,19,2,3543,6856,0,17855097744453846,864936030306107_1091750836101488,Entenda um pouco os números do censo do @ibgeoficial 👀🧩
2025-06-14,15:22,instagram,REELS,https://www.instagram.com/reel/DK4s-TVOWC7/,,103,4,107,9,0,7262,6883,1,17898872034209095,,Investir em saúde é investir no presente das pessoas! 🤝
2025-06-12,20:06,facebook+instagram,FEED,https://www.instagram.com/p/DK0ESEEptCT/,https://www.facebook.com/1394493682493867/posts/1088359299773975,134,2,136,1,2,2772,4108,0,18165286774346533,864936030306107_1088359299773975,"E hoje é dia dos namorados. Então lá vai uma fotinho com minha companheira de vida, mãe e esposa, mas acima de tudo minha eterna namorada.
Beijo meu amor! ❤️"
2025-06-12,16:03,facebook+instagram,FEED,https://www.instagram.com/p/DKzohHcuSsi/,https://www.facebook.com/1394493682493867/posts/1088232183120020,59,7,66,15,1,3099,4483,0,17956294910951182,864936030306107_1088232183120020,Estamos cada vez mais próximo de você! 🤝
2025-06-10,22:23,instagram,REELS,https://www.instagram.com/reel/DKvKD2wp8m6/,,147,11,158,141,0,8820,10471,0,17855634507446603,,"APROVADO NA CCJ ✅

Agora nosso projeto irá pras próximas comissões. Seguiremos acompanhando 🚀"
2025-06-08,18:07,instagram,REELS,https://www.instagram.com/reel/DKpjMYMpDBy/,,210,6,216,26,3,15701,23461,11,18511153846003636,,"Um bolinho arrematado em Gravatal 😋

Gosto de estar assim, junto da comunidade, participando do dia a dia, vendo o asfalto chegar aqui no bairro Várzea das Canoas e agradecendo pela receptividade. 🙌"
2025-06-08,15:29,facebook,post,https://www.facebook.com/1394493682493867/posts/1085407676735804,,,,,,,,,,,864936030306107_1085407676735804,Notícias da semana 🚀📰
2025-06-08,15:29,instagram,FEED,https://www.instagram.com/p/DKpRbzVOBqg/,,78,3,81,11,2,2726,4585,0,18175003048328113,,Notícias da semana 🚀📰
2025-06-08,02:47,facebook+instagram,FEED,https://www.instagram.com/p/DKn6MsxIn3g/,https://www.facebook.com/1394493682493867/posts/1085022303441008,509,9,518,10,5,20832,25373,2,17910507897141496,864936030306107_1085022303441008,"🎉 FESTA JUNINA NA PASSAGEM! 🌽🔥

De 5 a 12 de junho, a Praça da Igreja Santa Teresinha vira palco da nossa tradicional e maravilhosa festa de São João! Tudo coberto com tendas pra garantir alegria com conforto, faça chuva ou frio!
Venha festejar em família com segurança, comida boa, festa animada e aquele clima. 🎶💛
📍 Passagem – Tubarão/SC
#FestaJunina #SãoJoãoNaPassagem #Tubarão #VemPraFesta #TradiçãoQueAquece"
2025-06-07,18:44,instagram,REELS,https://www.instagram.com/reel/DKnCbXApwNA/,,81,5,86,19,1,2591,3787,1,18070008508968678,,"DAS BELEZAS DE SANTA CATARINA 🐬

📸🔁 @faroldesantamarta"
2025-06-06,17:44,facebook+instagram,FEED,https://www.instagram.com/p/DKkXSXCOWh7/,https://www.facebook.com/1394493682493867/posts/1084079036868668,127,11,138,12,1,7795,5406,2,18056056433036335,864936030306107_1084079036868668,Trabalhando por SC porque nossas cidades merecem! 👊
2025-06-05,18:13,instagram,REELS,https://www.instagram.com/reel/DKh0aG-RXU5/,,287,31,318,60,12,44489,62990,7,17919435150095663,,"📊 DADOS DOS AUTISTAS EM SC! 🧩

A apresentação do @ibgeoficial foi um passo importante para compreendermos o cenário do autismo em Santa Catarina. Com informação, construímos políticas públicas mais justas e eficientes! 💙

E vem mais por aí: nosso Censo dos Autistas está sendo desenvolvido a quatro mãos com a @assembleiasc e a @acafeoficial . O protótipo já está em fase de testes e, em breve, teremos novidades! 🛠️📱

#AutismoEmDados #CensoAutistaSC #PolíticasPúblicas #IBGE #ALESC #ACAFE #AutismoComRespeito #Inclusão #SantaCatarina"
2025-06-04,17:19,instagram,REELS,https://www.instagram.com/reel/DKfKnJ1ObYy/,,209,11,220,11,0,13125,17623,1,18074181136912513,,"Parabéns pelos 130 anos, Colégio São José! 🎉
Tive a honra de estudar aí — e ainda mais orgulho em ver minhas filhas seguindo os mesmos passos. 🏫✨
Foram anos incríveis, de aprendizado, amizades e memórias que levamos pra vida.
Que venham muitos outros capítulos dessa história tão bonita! 💙

#130AnosCSJ #ColégioSãoJosé #MemóriaeMissão #HistóriaViva #OrgulhoDeSerSJ #Gratidão #EducaçãoTransforma #FamíliaSãoJose"
2025-06-02,19:02,instagram,REELS,https://www.instagram.com/reel/DKaMajDpBO1/,,337,76,413,10,3,13326,19891,4,17913346503105622,,"VAI TER CANTEIRO DE OBRA NOSSA EM IMBITUBA!🚧

O mandato tá chegando em Imbituba com boas notícias: R$ 800 mil em recursos garantidos para obras que fazem a diferença! 💰💪
É trabalho que aparece, é compromisso com a nossa região! 👊🌊

#Imbituba #MandatoPresente #RecursosGarantidos #TrabalhoQueTransforma #MaisObras #CompromissoComAsPessoas #SulDeSC"
2025-05-31,01:27,facebook+instagram,FEED,https://www.instagram.com/p/DKTKuzxI2Rm/,https://www.facebook.com/1394493682493867/posts/1079382214005017,187,7,194,11,1,5230,16838,1,17922807051089857,864936030306107_1079382214005017,"📍 **ESTAR PERTO FAZ TODA A DIFERENÇA!** 🚗✨

Passamos por Agronômica, Trombudo Central, Rio do Sul, Presidente Getúlio, Vitor Meireles, Rio do Campo, Witmarsum e Ituporanga. Cada visita nos reforça como é essencial ouvir, dialogar e fortalecer as lideranças que constroem o futuro de nossas regiões. 🙌

Agradecemos a receptividade dos prefeitos, vereadores e todas as lideranças que nos acolheram tão bem. Juntos, seguimos construindo caminhos e soluções para melhorar a vida de cada catarinense! 🌟🤝

#CatarinensesUnidos #DiálogoRegional #LiderançaLocal #DesenvolvimentoSC #PertoDasPessoas #SantaCatarina"
2025-05-28,18:51,instagram,REELS,https://www.instagram.com/reel/DKNTQcNJw4m/,,491,35,526,41,7,13437,19247,11,18279707899264318,,"É FESTA!🎉A apresentação da @camerataflorianopolis foi maravilhosa fechando com chave de ouro o aniversário de Tubarão. 
Parabéns prefeito @sorattojr e toda a sua equipe por essa festa marcante. Conte comigo pra continuar desenvolvendo a nossa cidade Azul."
2025-05-28,00:38,instagram,REELS,https://www.instagram.com/reel/DKLWa5BIV8r/,,1014,69,1083,81,14,35657,51627,9,18078836737801140,,VIVA TUBARÃO! 🦈 Quem ama nossa cidade compartilha! 🫶
2025-05-27,17:32,facebook+instagram,FEED,https://www.instagram.com/p/DKKl-IWux6K/,https://www.facebook.com/1394493682493867/posts/1077070970902808,45,3,48,7,0,1478,2474,0,18272114662274101,864936030306107_1077070970902808,"🦈Tubarão, 155 anos! 🎉
Cada conquista, cada passo, cada sonho realizado: tudo por ti, cidade azul!
Sou filho dessa terra e é por ela que trabalho todos os dias.
Mais de R$ 16 milhões em investimentos, cuidado com os detalhes que transformam vidas e um compromisso que segue firme com o teu futuro!

Parabéns, Tubarão!
Que venham muitos anos de desenvolvimento, união e amor por essa terra querida.

#Tubarão155Anos #CidadeAzul #AmorPorTubarão #TrabalhoQueTransforma #CompromissoComAVida #ParabénsTubarão #PepeCollaço #RaizForteFuturoFirme"
2025-05-27,14:36,facebook+instagram,FEED,https://www.instagram.com/p/DKKRzJlujpZ/,https://www.facebook.com/1394493682493867/posts/1076973080912597,583,19,602,32,9,20966,25370,11,18083835709674126,864936030306107_1076973080912597,"Reunião produtiva com o Governador @jorginhomello e a bancada do Progressistas!🤝
Diálogo aberto, alinhamento de pautas e foco no desenvolvimento de Santa Catarina. Seguimos com compromisso e trabalho!

#Progressistas #SantaCatarina #TrabalhoPeloPovo #CompromissoComSC #PolíticaQueTransforma #GestãoEficiente #UnidosPorSC #BancadaDoTrabalho"
2025-05-24,21:44,facebook+instagram,FEED,https://www.instagram.com/p/DKDUZW8RZHc/,https://www.facebook.com/1394493682493867/posts/1075119364431302,432,16,448,0,3,7656,11668,4,18069643852793040,864936030306107_1075119364431302,"Que Jesus esteja sempre contigo. Te amamos filha! ❤️

Um dia especial e cheio de fé!
Hoje a nossa Manu deu um passo importante na fé: recebeu a Primeira Comunhão.
Com o coração puro e cheio de luz, ela nos encheu de orgulho e emoção. Que esse seja apenas o começo de uma vida guiada pelo amor de Deus, pela fé e pela bondade.

Família reunida, coração em festa e gratidão!🙏 

#PrimeiraComunhão #Família #Fé #Amor #Manu #Gratidão #JesusNoCoraçã"
2025-05-23,16:29,instagram,REELS,https://www.instagram.com/reel/DKALTQwO44g/,,132,5,137,5,1,13787,5077,4,18209123872306993,,"Boa notícia chegando pra Antônio Carlos! 🤭

R$350 mil garantidos para a pavimentação de ruas importantes, como a Rua Saul Scherer e a Rua Zeno Pauli, que vão integrar um novo binário viário no município!

Mais mobilidade, mais qualidade de vida e mais segurança pra quem vive e circula por aqui.
Acompanhe de perto o andamento dessa obra que vai transformar o dia a dia da nossa gente!

É investimento que faz a diferença!

#AntônioCarlos #PavimentaçãoImportante #NovosBinários #MaisMobilidade #ObraQueTransforma #CaminhoDoDesenvolvimento #SC"
2025-05-21,20:40,facebook+instagram,FEED,https://www.instagram.com/p/DJ7eqtLJ_x6/,https://www.facebook.com/1394493682493867/posts/1073032231306682,198,6,204,10,1,4645,7789,2,17892233547126676,864936030306107_1073032231306682,"Como é bom receber vocês! 💕 @redefemininatubarao contem comigo nessa causa de combate ao câncer, vocês fazem um trabalho lindo que deve ser reconhecido."
2025-05-20,20:10,instagram,REELS,https://www.instagram.com/reel/DJ413Y1pibY/,,121,11,132,14,0,8333,10512,1,18032916341372165,,"PRESTAÇÃO DE CONTAS NA ACIT ✍️
Mais de R$ 56 milhões investidos no Sul, com foco em saúde, mobilidade, inclusão e desenvolvimento regional. Compromisso firme com quem vive aqui!

#PepêCollaço #MandatoPresente #SulDeSC #ACIT #PrestaçãoDeContas"
2025-05-19,19:23,instagram,REELS,https://www.instagram.com/reel/DJ2L2MWJKqq/,,108,7,115,17,2,11448,15860,1,18124435768439845,,"PepêReborn em ação pra mostrar como se faz política: Prestando Contas do trabalho!😉

O balanço do nosso mandato será apresentado hoje na ACIT, mostrando o impacto do nosso mandato na nossa região."
2025-05-19,10:00,instagram,REELS,https://www.instagram.com/reel/DJ1L0SfuSBB/,,268,28,296,19,4,13429,5182,1,17952983864958171,,"100 anos de Santa Teresinha
Hoje a Igreja celebra 100 anos da canonização de Santa Teresinha do Menino Jesus.
Ela nos mostrou que é possível ser santo nas pequenas coisas, com amor, fé e simplicidade.

Com muita alegria e honra, nossa família foi escolhida para representar São Luís e Santa Zélia, os pais de Teresinha, também santos.
É uma emoção grande dar vida a essa família que viveu o amor de Deus no dia a dia.

Que o exemplo deles nos inspire sempre.

#SantaTeresinha #SãoLuísESantaZélia #FamíliaSanta #100AnosDeFé #PequenoCaminho #ComAmorESimplicidade"
2025-05-17,15:18,instagram,REELS,https://www.instagram.com/reel/DJwkgU0OWtF/,,290,18,308,23,1,20424,8814,5,18171636766335912,,"TOMBO DA POLENTA: TRADIÇÃO QUE NOS UNE!🇮🇹

Uma panela gigante, muita polenta e um povo que valoriza suas raízes!
O Tombo da Polenta é mais do que uma festa: é cultura, história e identidade do nosso interior catarinense.

A valorização das tradições regionais é essencial para fortalecer o turismo, movimentar a economia local e preservar o que temos de mais autêntico. A Festa no Morro da Fumaça estava linda 
Vamos seguir defendendo políticas públicas que incentivem o turismo cultural e o orgulho de ser catarinense!

#TomboDaPolenta #CulturaCatarinense #TradiçãoQueGeraRenda #PepêCollaço #SCLevadoASério #TurismoCultural"
2025-05-15,18:18,facebook+instagram,FEED,https://www.instagram.com/p/DJrxrB0p7S-/,https://www.facebook.com/1394493682493867/posts/1068909188385653,117,4,121,3,1,2663,3767,1,18045077033616741,864936030306107_1068909188385653,"ESTÁGIO VISITA DA ALESC 🚀

Uma experiência única no coração do parlamento! Nossos dois estagiários participaram do programa Estágio Visita da ALESC, vivenciando o dia a dia de um deputado estadual: acompanharam sessões, comissões e até manifestações da sociedade sobre os projetos em votação. 

Uma imersão real na política catarinense, porque formar cidadãos mais conscientes é também fortalecer a democracia. 

Você participaria de uma imersão como essa?"
2025-05-13,18:30,facebook+instagram,FEED,https://www.instagram.com/p/DJmpZLWJKWU/,https://www.facebook.com/1394493682493867/posts/1067703395172899,113,6,119,26,2,5218,7686,3,18012777398535033,864936030306107_1067703395172899,"UNIÃO PROGRESSISTA! ⤴️

Deixe sua dúvida aqui🙌"
2025-05-09,18:59,instagram,REELS,https://www.instagram.com/reel/DJcYcGlJzlY/,,272,14,286,20,1,16521,21743,8,17903830161168660,,"REGIÃO SERRANA, obrigado! 

É na estrada ouvindo a população, conversando e conhecendo a realidade de todo o estado que a gente entende a verdadeira política. Gratidão a todo o acolhimento e carinho. A Serra é linda e também tem meu coração. 👊🫶"
2025-05-07,21:54,instagram,REELS,https://www.instagram.com/reel/DJXjc4SpTRz/,,549,25,574,106,6,36621,45935,6,18065668043088437,,"🌎 Uma ferrovia pode mudar tudo.
🚂 Santa Catarina no centro de uma rota internacional? Isso é mais que possível — é estratégico!

Do Atlântico ao Pacífico, o #CorredorBioceânico pode conectar o Sul do Brasil ao mundo 🌐.
Mas... será que vai sair do papel? Ou vamos continuar parados no tempo?

⏳ Chegou a hora de cobrar visão de futuro!

#SantaCatarina #FerroviaBioceânica #InfraestruturaJá #SulDoBrasil #Conesul #Geopolítica #Exportação #Desenvolvimento #BrasilQueAvança #ConectadosComOMundo #VisãoDeFuturo"
2025-05-05,23:33,facebook+instagram,FEED,https://www.instagram.com/p/DJSlu47pky0/,https://www.facebook.com/1394493682493867/posts/1062774992332406,96,7,103,9,0,2859,3837,0,17928987698935529,864936030306107_1062774992332406,Política de verdade é assim! 🎯
2025-05-02,21:13,instagram,REELS,https://www.instagram.com/reel/DJKnBMKptDy/,,176,18,194,20,2,9566,12329,2,18326845795161703,,"💥 TRUMP QUER DERRUBAR O DÓLAR? 🤔

📉 Em 1985, os EUA desvalorizaram o dólar com o Acordo Plaza. Agora, Trump propõe o “Acordo de Mar-a-Lago” para repetir a estratégia. O objetivo? Fortalecer a indústria americana e reduzir o déficit comercial. Mas, num cenário global diferente, será que isso funcionará ou causará instabilidade mundial?

#Trump #Dólar #EconomiaGlobal"
2025-05-01,17:00,facebook+instagram,FEED,https://www.instagram.com/p/DJHlptsJoT1/,https://www.facebook.com/1394493682493867/posts/1059745239302048,30,3,33,12,0,2954,3667,0,17890609278126232,864936030306107_1059745239302048,"O trabalho é a força que move Santa Catarina! 💪🏼

Neste 1º de Maio, celebramos todos os catarinenses que, com dedicação, coragem e esperança, constroem um estado cada vez melhor. Parabéns, trabalhador e trabalhadora! 👷🏽‍♀️

#DiaDoTrabalhador #SantaCatarinaQueTrabalha #OrgulhoDeQuemFaz"
2025-04-30,16:52,facebook,post,https://www.facebook.com/1394493682493867/posts/1059026269373945,,,,,,,,,,,864936030306107_1059026269373945,DEIXA AQUI TUA OPINIÃO! ⬇️
2025-04-30,16:52,instagram,FEED,https://www.instagram.com/p/DJE_3d8uQLx/,,66,11,77,11,0,2800,4338,0,17986268183665368,,DEIXA AQUI TUA OPINIÃO! ⬇️
2025-04-27,20:59,instagram,REELS,https://www.instagram.com/reel/DI9sgr3pCy7/,,410,22,432,54,2,17966,10384,11,17988282413654369,,"TRADIÇÃO EM AÇÃO 🇮🇹🔥🐎

Celebrando os 148 anos da imigração italiana no sul de Santa Catarina, aproveitei pra mostrar pras meninas um pouco da nossa tradição, com direito a polenta do famoso Tombo da Polenta, participei do Pálio de Azambuja — a tradicional corrida de cavalos — e também do Corte de Toras, simbolizando o esforço dos primeiros imigrantes na transformação da mata virgem. ￼

Valorizo presença, cultura e nossas raizes! Que festa, parabéns @agnaldofilippi 

#FestaDaColôniaAzambuja #TradiçãoItaliana #PepêCollaço #CulturaViva #SC #Polenta #PálioDeAzambuja #CorteDeToras #IdentidadeCatarinense #RaízesItalianas"
2025-04-27,13:09,facebook,post,https://www.facebook.com/1394493682493867/posts/1056800806263158,,,,,,,,,,,864936030306107_1056800806263158,Notícias da semana! ↔️
2025-04-27,13:08,instagram,FEED,https://www.instagram.com/p/DI836oJu4cN/,,57,3,60,6,1,2580,4294,0,17952404066812876,,Notícias da semana! ↔️
2025-04-25,17:13,instagram,REELS,https://www.instagram.com/reel/DI4JyZ2pTro/,,370,81,451,54,3,23080,31466,10,18461491570079882,,"SEXTOUU COM CHEIRINHO DE ASFALTO NOVO! 🎉

Essa é a revitalização da SC-437 em Pescaria Brava, resultado de quem acredita que política levado a sério. 🛣️

Em Pescaria Brava, o bairro Barreiros está vivendo uma transformação de verdade: 4,5 km de revitalização com pavimentação de qualidade e compromisso com as pessoas! 🏗️

E mais do que asfalto, é respeito com quem vive aqui todos os dias. 🤝 Obra bem feita, com recursos garantidos e apoio firme do nosso mandato! 💪

Vamos seguir assim: fazendo, entregando e cuidando de cada região de Santa Catarina. 🌟

#SegueOMandato
#ObraEntregue
#InfraestruturaÉPrioridade
#PescariaBrava
#Barreiros
#PepêCollaço #JorginhoMello 
#SCLevadoASério
#MandatoQueEntrega"
2025-04-23,15:02,instagram,REELS,https://www.instagram.com/reel/DIyxPUip-91/,,423,14,437,35,2,20927,26726,4,17859225378405498,,"🕊️ Um ciclo se encerra no Vaticano!

A transição no papado é mais que uma mudança de liderança: é um momento que ecoa na fé, na política e na cultura global. Assista ao vídeo completo e reflita sobre o impacto desse novo capítulo. 

#PapaFrancisco #Conclave2025 #IgrejaCatólica #Legado #HistóriaEmCurso #ReflexãoGlobal"
2025-04-22,21:48,facebook+instagram,FEED,https://www.instagram.com/p/DIw7aPjJaLp/,https://www.facebook.com/1394493682493867/posts/1053453509931221,105,12,117,22,1,4112,4958,0,17858706549405553,864936030306107_1053453509931221,"ABRIL AZUL 🩵

Defendendo o autismo por mais inclusão!"
2025-04-20,13:02,facebook,post,https://www.facebook.com/1394493682493867/posts/1051745833435322,,,,,,,,,,,864936030306107_1051745833435322,Feliz Páscoa! 🙏
2025-04-20,13:02,instagram,FEED,https://www.instagram.com/p/DIq1pfGOX6B/,,30,3,33,12,0,2135,2771,0,17844062757466482,,Feliz Páscoa! 🙏
2025-04-19,20:08,instagram,REELS,https://www.instagram.com/reel/DIpA9Kap7c7/,,258,20,278,21,1,16994,20789,1,18456018196075876,,"TENSÃO ENTRE GIGANTES 🇨🇳🇺🇸

China x EUA… e no meio disso tudo, o Brasil pode sair ganhando!
Nosso agro pode ser o grande protagonista dessa nova disputa comercial.
Mas a pergunta é: estamos prontos?

#AgroÉBrasil #MercadoGlobal #ComércioExterior #Taxação #ChinaEUA #SojaBrasileira #Economia #BrasilNoJogo #LagunaSC #OportunidadeInternacional"
2025-04-18,11:24,facebook,post,https://www.facebook.com/1394493682493867/posts/1050272706915968,,,,,,,,,,,864936030306107_1050272706915968,Notícias da semana! ➡️
2025-04-18,11:24,instagram,FEED,https://www.instagram.com/p/DIlgzijO72_/,,81,2,83,14,0,2921,5355,0,17863994319380687,,Notícias da semana! ➡️
2025-04-16,21:57,instagram,REELS,https://www.instagram.com/reel/DIhbyUfJ64i/,,263,34,297,23,2,21269,18129,7,18064463291059195,,"VITÓRIA PARA O RIO TUBARÃO! ✅ O GOVERNO DO ESTADO VAI INCLUIR A REDRAGAGEM DO RIO TUBARÃO NA LDO DE 2026!

Essa conquista é resultado da articulação da Bancada do Sul, que garantiu o compromisso do Estado com uma das obras mais aguardadas pela nossa região.

💬 “É demorado, é complexo — mas está andando. E esse é o nosso papel.” 

#RedragagemJá #RioTubarão #PepêCollaço #SulDeSC #LDO2026 #VitóriaDoSul #TrabalhoQueEntrega #SegurançaParaTodos #UFSC #DefesaCivil"
2025-04-14,16:34,instagram,REELS,https://www.instagram.com/reel/DIbw60lO7Xl/,,111,8,119,18,0,14872,4376,4,18026994659437276,,"MORRO DOS CAVALOS VAI TRANCAR DE NOVO? 👀

Com as chuvas, o trecho voltou a ser interditado. Precisamos garantir alternativas viáveis para manter Santa Catarina conectada.

O Governo do Estado estuda um novo contorno de 14 km. Também há  necessidades de avanço nas rotas São Bonifácio–São Martinho e SC-108, em Anitápolis. Seguimos acompanhando e reforçando a importância dessas obras para o escoamento e a segurança da nossa região.

#PepêCollaço #InfraestruturaSC #MorroDosCavalos #RotasAlternativas #DesenvolvimentoRegional"
2025-04-11,23:23,facebook+instagram,FEED,https://www.instagram.com/p/DIUxjk5JhX7/,https://www.facebook.com/1394493682493867/posts/1045510664058839,74,3,77,7,1,2946,5564,0,18025943711456911,864936030306107_1045510664058839,"INVESTIMENTO DIRETO NA AMUREL! 🚀

No programa SC levada a sério foi liberado milhões de reais para todos os prefeitos da nossa região, na busca de que nossas cidades se desenvolvam com grandes projetos. Estamos juntos! 👊"
2025-04-10,17:26,instagram,REELS,https://www.instagram.com/reel/DIRjg_NJfyU/,,118,8,126,14,0,10745,12898,2,18024454667660218,,"🚧 ROTAS ALTERNATIVAS! ❌

O Sul de SC não pode ficar isolado 🛣️
💥 Pedimos ao Governo do Estado atenção imediata à SC-108 e SC-435. São só 20km que fazem toda a diferença!
👉 Segurança, economia e mobilidade para quem vive aqui.
📢 Vamos juntos pressionar por agilidade!

#RotasAlternativas #SC108Já #SulDeSC #MobilidadeUrgente #SC435 #Infraestrutura #NãoPodemosEsperar #MaisConexão #SulForte"
2025-04-09,22:00,facebook+instagram,FEED,https://www.instagram.com/p/DIPec4qJhep/,https://www.facebook.com/1394493682493867/posts/1043999697543269,50,3,53,11,1,2921,4010,1,17939735817003827,864936030306107_1043999697543269,"💪 Seguimos firmes na luta pela redragagem do Rio Tubarão! 

O novo estudo está sendo realizado pela UFSC e deve ficar pronto até o fim de 2025. Mais um passo importante pra tentar tirar essa obra do papel e proteger nossa região das enchentes. 🚜🌊 #PepêCollaço #DragagemJá #SegurançaParaOTubarão"
2025-04-08,22:13,instagram,REELS,https://www.instagram.com/reel/DIM6vKTJ0X7/,,257,15,272,25,2,15834,19825,5,18042009116167436,,"TRAGÉDIA ANUNCIADA! ❌

🚨 O acidente do final de semana escancarou o descaso com uma das passagens mais importantes para a economia do sul catarinense. Já são anos de promessas, ofícios, respostas burocráticas... e nada sai do papel. 😤

📢 Chega de enrolação! O sul de SC precisa de respeito. O túnel no Morro dos Cavalos é urgente e tem que sair do papel AGORA! 🛣️💥

#MorroDosCavalos #SulDeSC #InfraestruturaJá #Urgência #Desenvolvimento #Economia #SC #BancadaDoSul #ObraPrioritária #GovernoFederal #TragédiaAnunciada #ChegaDePromessas"
2025-04-07,14:58,facebook+instagram,FEED,https://www.instagram.com/p/DIJkklxuONz/,https://www.facebook.com/1394493682493867/posts/1042307031045869,9856,849,10705,460,345,641852,707108,41,18075219283763864,864936030306107_1042307031045869,"QUEM PAGA ESSA CONTA SOMOS NÓS!🚨 

Precisamos da BR-101 para trabalhar, viver, transportar nossas mercadorias, conectar o Sul ao Brasil e ao mundo.
Até quando vamos conviver com tragédias como essa?

O Sul de Santa Catarina clama por respeito. O túnel no Morro dos Cavalos é urgente e inadiável!

Se você também está cansado de esperar, COMPARTILHE!
✊ Juntos somos mais fortes!

#BR101Já #TúnelMorroDosCavalos #SulClamaPorRespeito #ChegaDeTragédias #SCemMovimento #InfraestruturaJá #SulConectado #UrgênciaJá #MobilidadeSegura"
2025-04-07,00:48,instagram,REELS,https://www.instagram.com/reel/DIIC_kbJVqp/,,210,24,234,90,10,22621,22030,1,18122543977431907,,Precisamos ser ouvidos! Deixe aqui seu comentário!
2025-04-06,18:47,instagram,REELS,https://www.instagram.com/reel/DIHZyEYJWM-/,,248,16,264,115,5,8764,13690,6,18060897467288007,,"Que tristeza! 😱

Acidentes como este são frequentes no Morro dos Cavalos. Sabemos que é um gargalo que compromete a mobilidade em todo o estado — especialmente no Sul de Santa Catarina.

Por isso, há anos reivindicamos a inclusão do túnel no novo contrato de concessão da ANTT e da Arteris. Não podemos aceitar menos que isso. É uma obra complexa, sim, mas absolutamente necessária. Cenas como essas são tristes, mas, infelizmente, comuns nesse trecho.

📸 via WhatsApp."
2025-04-05,18:45,facebook+instagram,FEED,https://www.instagram.com/p/DIE079DJKJa/,https://www.facebook.com/1394493682493867/posts/1040956177847621,70,15,85,12,0,3684,5310,2,17879469606275734,864936030306107_1040956177847621,NOTÍCIAS DA SEMANA! 🗞️ arrasta! ↔️
2025-04-04,21:46,instagram,REELS,https://www.instagram.com/reel/DICkD46J_M5/,,506,56,562,47,5,18971,16994,6,17920489784962480,,"🚧 Promessa feita, promessa cumprida! 💪
Hoje entregamos mais uma obra em Pescaria Brava: pavimentação com lajotas que sai do papel graças ao nosso trabalho conjunto com a comunidade 👏

É mais mobilidade, segurança e dignidade pra quem vive aqui! 🌟
E pode esperar que vem mais por aí... 🚀

#PescariaBrava #ObraEntregue #Pavimentação #TrabalhoQueTransforma #TamoJunto #PepeCollaço #SantaCatarina #MaisResultados #CompromissoCumprido #LajotaNaRua"
2025-04-01,13:40,facebook+instagram,FEED,https://www.instagram.com/p/DH5-3xUOghS/,https://www.facebook.com/1394493682493867/posts/1037602851516287,151,22,173,40,0,4068,6373,1,18073214578668233,864936030306107_1037602851516287,"AUTISMO DEFENDIDO COM AÇÕES! 🧩👊

Cada pessoa autista trilha uma jornada única. Por isso, nosso compromisso é garantir inclusão, respeito e políticas públicas eficazes.

Na Alesc, já avançamos com:
• Censo do Autismo com a Acafe
• Criação da Frente Parlamentar
• Protocolo Individualizado de Avaliação (PIA)
• Seminários e capacitações

#ConhecerParaIncluir
Comente aqui: o que mais você gostaria de ver na defesa do autismo?"
2025-03-31,15:35,instagram,REELS,https://www.instagram.com/reel/DH3mbWsOCEL/,,739,91,830,61,12,32483,36769,9,17884580595143184,,"Sanga do Lageado o asfalto tá chegando! 🛣️

A obra tá ficando caprichada e aqui tiramos as dúvidas da comunidade.😉

#asfalto #tubarao #tubaraobelasantacatarina #pepêcollaço #sorattoedenis #obra #santacatarina"
2025-03-29,13:45,facebook+instagram,FEED,https://www.instagram.com/p/DHyRBGBOa-4/,https://www.facebook.com/1394493682493867/posts/1035352208408018,102,3,105,6,1,2127,3830,0,18063081418983428,864936030306107_1035352208408018,"LA BELLA POLENTA! 🍽️🇮🇹

Nada como uma boa polenta pra esquentar o coração e homenagear nossas raízes em todas as versões, inclusive na trend. 😜
Bom Final de semana com sabor de tradição e o orgulho da nossa homenagem ao Tombo da Polenta! 

Viva a cultura italiana! 

#TomboDaPolenta #CulturaItaliana #Polenta #Raízes #Tradição #OrgulhoDeSer"
2025-03-28,20:48,instagram,REELS,https://www.instagram.com/reel/DHwakBvpDEZ/,,259,19,278,16,1,38219,54686,3,18295538335172330,,"NÓS CHEGAMOS EM GRAVATAL! 🚀

Nossos recursos estão sendo aplicados e foram mais de 2 milhões enviados pra cidade que só está crescendo nessa gestão do Prefeito @cleinils.rodriguesdasilva e @viceprefeito_marcoscorrea 

Saúde, infraestrutura, educação e não para por aí! Fica ligado que vamos chegar na sua cidade 😉"
2025-03-26,20:44,instagram,REELS,https://www.instagram.com/reel/DHrSMiKJv-W/,,200,15,215,15,2,13727,17631,0,17982227795671238,,"Taxar é retroceder! 👊

Só olhar os países que já tentaram fazer essa política que percebemos a ineficiência da mesma. 👎"
2025-03-24,19:05,facebook+instagram,FEED,https://www.instagram.com/p/DHl9vFapcFw/,https://www.facebook.com/1394493682493867/posts/1032038695406036,907,20,927,84,54,32926,62696,4,18116672923445457,864936030306107_1032038695406036,"Há 51 anos, Tubarão enfrentava uma das maiores tragédias da sua história.
As águas invadiram ruas, casas e vidas, mas o povo tubaronense respondeu com coragem, trabalho e união.

Hoje, seguimos juntos, defendendo ações que previnam novas catástrofes: redragagens, pontes seguras, descarte consciente de lixo e proteção da APA da Baleia Franca.

Para que o passado não se repita, precisamos agir no presente.
Vamos juntos pelo melhor em Tubarão!

#TubarãoSC #MemóriaColetiva #Enchente1974 #UnidosPorTubarão #PrevençãoÉACaminho #RedragagemJa"
2025-03-23,15:26,instagram,REELS,https://www.instagram.com/reel/DHi-0aZOu9b/,,507,43,550,31,17,38606,44802,12,17953865129794752,,"Nosso mandato tá chegando aí na sua cidade! 😉
Trabalhando por quem mais precisa e fazendo a diferença de verdade. Foi assim na Sanga do Lajeado, onde somamos forças com @juliogarciasc , @esperidiaoamin e @sorattojr para tirar o asfalto do papel — e agora ele já tá sendo colocado! 🛣️

Estamos aqui pra enviar recursos 💰, fiscalizar 👀 e comemorar cada conquista junto com você 🎉
É assim que a boa política transforma vidas!

#MandatoPresente #ObraQueTransforma #SangaDoLajeado #TrabalhoQueAparece #PolíticaComPropósito #MaisInfraestrutura #AsfaltoNovo #SulDeSC #DeputadoEstadual #CaminhoDoDesenvolvimento"
2025-03-21,21:31,facebook+instagram,FEED,https://www.instagram.com/p/DHegC16JOFj/,https://www.facebook.com/1394493682493867/posts/1029985185611387,42,5,47,8,0,2942,4374,0,18055633523276891,864936030306107_1029985185611387,"Notícias da semana! 🗞️🚀

Mais emprego na região, desenvolvimento e valorização da nossa terra."
2025-03-20,22:02,facebook+instagram,FEED,https://www.instagram.com/p/DHb-0KUO2Xk/,https://www.facebook.com/1394493682493867/posts/1029286352347937,103,3,106,3,0,1507,3051,0,18061967650981168,864936030306107_1029286352347937,"SAUDADES MINHAS MENINAS 💕

Papai já tá chegando e com novidades pra toda a região.🫶 

📸 @brunocollaco"
2025-03-19,16:44,instagram,REELS,https://www.instagram.com/reel/DHY0Az-Ocus/,,146,14,160,19,1,12709,19828,1,18002738894740546,,"APRENDENDO MANDARIM E IMPULSIONANDO EMPREGOS! 🤝

🇨🇳 Explorando oportunidades na Eikto, China, para impulsionar investimentos no sul do Brasil. Acompanhe nossa jornada! 🙌 #MissãoChina #InvestimentoSul #ConexãoBrasilChina"
2025-03-17,21:44,instagram,REELS,https://www.instagram.com/reel/DHUNmaWpYYk/,,165,27,192,20,1,12806,16587,1,17868875046338716,,"EUA ❌ CHINA, quem ganha com essa briga? 👀

Deixa sua opinião nos comentários ⬇️"
2025-03-15,16:36,instagram,REELS,https://www.instagram.com/reel/DHOglVhOoZk/,,175,20,195,33,2,14834,18936,3,18024897971416429,,"🚜🌱 Agora, carne e leite de caprinos e ovinos estão garantidos na alimentação de escolas, hospitais e casas de repouso. Essa iniciativa fortalece nossos produtores rurais e impulsiona a economia local. 

Vamos juntos apoiar a ovinocaprinocultura em Santa Catarina! 🐐🐑 

VOCÊ APROVA ESSA LEI? 
#AgroForte #EconomiaLocal #Ovinocaprinocultura #SantaCatarina"
2025-03-14,19:17,facebook+instagram,FEED,https://www.instagram.com/p/DHMPKNLp3yu/,https://www.facebook.com/1394493682493867/posts/1025029562773616,110,8,118,11,1,4017,7040,0,18088031320581318,864936030306107_1025029562773616,"TAVA TRABALHANDO POR SC 🫡🚀

Os catarinenses merecem nossa dedicação máxima, e estamos aqui fazendo isso. 🙌"
2025-03-12,18:38,instagram,REELS,https://www.instagram.com/reel/DHHAvCyJOar/,,207,15,222,24,1,16198,22247,10,18173849383320485,,"Simplificando os convênios estaduais! 🎯

Agora, apenas a parte repassada pelo Estado conta para o regime simplificado, facilitando o acesso dos municípios aos recursos. Menos burocracia, mais desenvolvimento! Aprovado na CCJ, o projeto segue para as próximas comissões. 🚀🏘️ #Desburocratização #GestãoEficiente #DesenvolvimentoLocal"
2025-03-10,16:54,instagram,REELS,https://www.instagram.com/reel/DHBrCX9OzTu/,,328,51,379,84,8,16151,24485,40,18026979665380794,,"MANDE SUA IDEIA EM DEFESA DO AUTISMO! 🧩

Conheça nossas ações: Censo do Autismo e seminários de qualificação. Junte-se a nós e acompanhe de perto nosso compromisso com resultados."
2025-03-08,12:08,facebook+instagram,FEED,https://www.instagram.com/p/DG8BPT2u1bH/,https://www.facebook.com/1394493682493867/posts/1020636013212971,64,4,68,3,0,1693,2500,0,18298872127213300,864936030306107_1020636013212971,"O trabalho feito pelas redes femininas de combate ao câncer é algo que inspira as mulheres e também os homens. Nos lembra que as mulheres precisam, sim, de atenção, de respeito e de voz. 💪✨

Com esse exemplo maravilhoso, esperamos que a cada 8 de março possamos celebrar mais conquistas e continuar a almejar que as lutas sejam cada vez melhores. 🌸👩‍🦱🧑‍🦳

Feliz Dia da Mulher! 💖🎉"
2025-03-06,19:49,instagram,REELS,https://www.instagram.com/reel/DG3qT-JJBKV/,,113,16,129,30,1,12334,17614,1,17997782018773670,,"Nosso gabinete está sempre de portas abertas para você! 🎯

Venha nos visitar e compartilhe suas ideias. Juntos, podemos construir um futuro melhor! Não perca essa oportunidade de fazer a diferença.

#GabineteAberto #ParticipaçãoCidadã #PolíticaAtiva #JuntosPeloFuturo"
2025-02-28,21:28,instagram,REELS,https://www.instagram.com/reel/DGoauz3pbAl/,,312,17,329,51,4,21288,31365,7,18039625277407811,,"🎶🪩PLAYLIST DO GABINETE 34 💃🕺

Ouça com a gente os Hits escolhidos por os membros do nosso Gabiente! 💥"
2025-02-27,23:38,facebook+instagram,FEED,https://www.instagram.com/p/DGmFFH2pBYP/,https://www.facebook.com/1394493682493867/posts/1014870903789482,230,7,237,5,7,8077,17230,4,17900553792103617,864936030306107_1014870903789482,"IMPULSIONANDO A AMREC! 🚀

Ao lado do Governador @jorginhomello, trabalhando para levar mais investimentos e soluções para as cidades da nossa região. Juntos, fortalecemos o desenvolvimento da AMREC! #CompromissoComAMREC #MaisInvestimentos"
2025-02-26,22:08,facebook,post,https://www.facebook.com/1394493682493867/posts/1014169267192979,,,,,,,,,,,864936030306107_1014169267192979,Bancada Progressistas sempre unida! 🚀🎯
2025-02-26,22:08,instagram,FEED,https://www.instagram.com/p/DGjWBgOpY4Z/,,115,3,118,2,1,2678,3694,2,17973933017824137,,"Bancada Progressistas sempre unida! 🚀🎯

📸 @brunocollaco"
2025-02-25,17:44,instagram,REELS,https://www.instagram.com/reel/DGgQ44GJ5LW/,,99,6,105,34,3,11900,5234,17,18060331702956424,,"Direto da Eikto, a maior empresa de baterias de lítio do MUNDO! 🌍🔥 
✅ Tecnologia de ponta 
✅ +60 empregos gerados (e crescendo!) 

💼 Mais oportunidades, mais renda, mais desenvolvimento pra nossa região! 
Laguna no mapa do mundo!🌎🚀 #Indústria #Emprego #Desenvolvimento"
2025-02-23,16:29,facebook+instagram,FEED,https://www.instagram.com/p/DGbAzIVJZcT/,https://www.facebook.com/1394493682493867/posts/1012010220742217,262,4,266,0,0,4082,5597,1,18105659794484976,864936030306107_1012010220742217,Momentos especiais ao pôr do sol em família! ❤️
2025-02-22,18:48,facebook+instagram,FEED,https://www.instagram.com/p/DGYr7uFpRnS/,https://www.facebook.com/1394493682493867/posts/1011426767467229,80,7,87,6,1,2587,4366,0,18052754606512499,864936030306107_1011426767467229,Arrasta pro lado e confira as notícias da semana! 💪🚀
2025-02-21,19:15,instagram,REELS,https://www.instagram.com/reel/DGWJwgHJOuB/,,124,20,144,18,1,10747,6167,7,17983229585796745,,"MAIS RECURSOS PARA A SAÚDE DE JAGUARUNA! 🏥✅

Estive no Hospital de Caridade de Jaguaruna para acompanhar de perto como o recurso de R$100 mil que enviamos está ajudando a manter os atendimentos funcionando! Esse investimento garante mais estrutura para médicos, enfermeiros e, principalmente, para quem mais precisa: a população.

Seguimos trabalhando para fortalecer a saúde e trazer ainda mais melhorias para nossa região! Contem comigo! 💪🔵

#Saúde #Jaguaruna #Hospital #TrabalhoQueGeraResultados #DeputadoEmAção"
2025-02-20,21:02,facebook+instagram,FEED,https://www.instagram.com/p/DGTxoQOyDgf/,https://www.facebook.com/1394493682493867/posts/1010152297594676,106,4,110,17,2,3678,5013,0,18150438484361562,864936030306107_1010152297594676,"📌 É nas comissões que analisamos os projetos!

Antes de uma lei ser aprovada, ela passa pelo olhar técnico e crítico das comissões da Assembleia Legislativa. E eu faço parte de comissões estratégicas que impactam diretamente a vida dos catarinenses:

✅ CCJ – A comissão mais importante, que analisa a legalidade dos projetos.
✅ Ética e Decoro Parlamentar – Garantindo transparência e responsabilidade.
✅ Segurança Pública – Trabalhando por mais segurança para todos.
✅ Direitos Humanos e Família – Defendendo os valores e direitos fundamentais.
✅ Economia, Ciência, Tecnologia e Inovação – Impulsionando o desenvolvimento do nosso estado.

O trabalho acontece aqui, e é com compromisso e seriedade que seguimos avançando por Santa Catarina! 🚀💪

Comenta aqui: qual dessas áreas você acha mais importante para o futuro do nosso estado? 👇👇

#PepêCollaço #TrabalhoQueTransforma #AssembleiaLegislativa #SantaCatarina #PolíticaComResponsabilidade"
2025-02-19,19:30,instagram,REELS,https://www.instagram.com/reel/DGRB6APJ08Q/,,346,55,401,101,7,26141,27238,11,17862952227346721,,"🚀 MADE IN LAGUNA PRO MUNDO! 🌍🔋

A maior produtora de baterias de lítio do mundo, Eikto, já está operando em Laguna há mais de um ano, graças à nossa articulação com um grupo de empresários. Mas segura essa: vem investimento de R$ 110 milhões para expandir a produção e gerar ainda mais empregos impulsionados pelo Pro-Emprego assinado essa semana. 💼📈

Antes, a produção era para o Brasil. Agora, Laguna vai abastecer o mundo inteiro! 🌎✨

Isso é desenvolvimento, é mais emprego, mais renda pra nossa gente! E com tanta novidade, acho que vou voltar a estudar mandarim… 😆📚

🔥 Me acompanha, porque isso é só o começo! #MadeInLaguna #Empregos #Desenvolvimento #Crescimento"
2025-02-18,20:28,facebook+instagram,FEED,https://www.instagram.com/p/DGOkMhzp_9h/,https://www.facebook.com/1394493682493867/posts/1008778311065408,125,5,130,13,2,6953,10216,0,18063779623906883,864936030306107_1008778311065408,"COMPROMISSO COM O DESENVOLVIMENTO 💪

Ao lado do governador @jorginhomello e de colegas deputados, atendemos diversos prefeitos da Grande Florianópolis e garantimos a liberação de importantes recursos pelo programa #SCLevadaASério. 
Mais investimentos para infraestrutura, saúde e desenvolvimento para quem mais precisa! 💪🏼✅ 

#TrabalhoQueGeraResultados #GrandeFloripa"
2025-02-17,16:36,facebook+instagram,FEED,https://www.instagram.com/p/DGLk4UVpaX7/,https://www.facebook.com/1394493682493867/posts/1007996404476932,143,5,148,9,0,3294,4623,0,18057941180004744,864936030306107_1007996404476932,Entrando pra Trend e percebendo que o tempo passa rápido e a gente se aperfeiçoa. 🚀
2025-02-15,15:11,facebook+instagram,FEED,https://www.instagram.com/p/DGGRg2bON5-/,https://www.facebook.com/1394493682493867/posts/1006571847952721,96,6,102,19,0,4496,6512,0,18485448172060293,864936030306107_1006571847952721,NOSSA DEFESA PELO CARATINENSE NAS FILAS! 🛣️💥 Arrasta pro lado e confira! ➡️
2025-02-14,21:34,instagram,REELS,https://www.instagram.com/reel/DGEXkuMpZG6/,,302,32,334,38,6,14183,18644,4,17956842668910517,,"🚁 Prevenção antes da tragédia!

O projeto da redragagem dos molhes da barra precisa ser licitada para garantir investimentos internacionais na contenção de catástrofes climáticas. Não podemos esperar o pior para agir!

Comente se você concorda! 👊"
2025-02-14,03:21,facebook,post,https://www.facebook.com/1394493682493867/posts/1005472498062656,,,,,,,,,,,864936030306107_1005472498062656,
2025-02-12,16:25,instagram,REELS,https://www.instagram.com/reel/DF-qmxtuyk-/,,242,17,259,21,3,12405,14509,5,18344010274151684,,"NOSSA LUTA CONTINUA: FILAS, NÃO! 💥

CCR precisa seguir o contrato e respeitar o catarinense que passa ali diariamente."
2025-02-11,11:28,instagram,REELS,https://www.instagram.com/reel/DF7j45MunnM/,,518,51,569,58,3,36502,28524,11,17973793952817437,,"🚨 É UM ABSURDO ESSAS FILAS! 💥

A @ccr_oficial tem que nos ouvir! Filas quilométricas, falta de manutenção e pedágios cada vez mais caros. 🚗⏳ Um desrespeito com quem trafega pela nossa BR-101!

Já enviamos um requerimento à @antt_oficial exigindo soluções. Isso não pode continuar assim! ⚠️

✊ Quem mais já passou por esse perrengue? Comenta aqui!

#BR101 #CCR #PedágioAbusivo #RespeitoJá #ANTT #Trânsito"
2025-02-10,22:12,instagram,REELS,https://www.instagram.com/reel/DF6JMYIJGs2/,,188,12,200,10,2,13494,16971,2,18083199715607574,,"🗣️Estamos esperando ansiosos pelo projeto da Redragagem. É uma luta constante e precisamos estar prontos para que o Sul também ganhe recursos. Cada passo conta para levar desenvolvimento a todas as regiões. 

Vamos juntos! 🙌
#Redragagem #DesenvolvimentoRegional #ForçaDoSul #UniãoPorRecursos"
2025-02-08,15:56,facebook+instagram,FEED,https://www.instagram.com/p/DF0VIDnuM0g/,https://www.facebook.com/1394493682493867/posts/1002002918409614,232,18,250,15,2,4275,7340,0,17868826248225202,864936030306107_1002002918409614,Arrasta pro lado e vê as notícias da semana! ➡️😉
2025-02-07,17:07,instagram,REELS,https://www.instagram.com/reel/DFxxCy-OlM_/,,442,59,501,52,3,19657,25351,17,18388624579111762,,"MAIS UM DESAFIO ACEITO ✅

A Comissão de Constituição e Justiça é a mais importante da ALESC, por onde todos os projetos passam e onde decidimos o que avança no parlamento catarinense.

Seguimos firmes nesse compromisso! ⚖️💪 #CCJ #Compromisso #ALESC"
2025-02-05,19:45,instagram,REELS,https://www.instagram.com/reel/DFtAc6tyuxf/,,357,31,388,14,2,22428,31686,1,17855307231369949,,"CCJ EM BOAS MÃOS! 🫶

Minhas meninas obrigado, papai tá muito feliz! 🥰"
2025-02-04,19:54,instagram,REELS,https://www.instagram.com/reel/DFqcsXuyMWC/,,418,41,459,150,26,23118,20022,22,17942793968824663,,"📢 INICIATIVA NOSSA, GANHANDO DESTAQUE 💙

O projeto do censo será entregue até o fim do ano, feito com a parceria entre Acafe e Alesc, trará dados essenciais para garantir políticas públicas mais justas e eficazes para as pessoas no espectro. 📊✨

Essa conquista é fruto da luta das famílias e da comunidade autista, que há anos busca mais visibilidade e direitos. Agora, com informações concretas, será possível avançar ainda mais! 🧩

#Autismo #CensoDoAutismo #Inclusão #direitosautistas"
2025-02-03,17:18,facebook+instagram,FEED,https://www.instagram.com/p/DFnmcuIJzBC/,https://www.facebook.com/1394493682493867/posts/998861192057120,186,7,193,5,2,4283,6621,1,17911834062071300,864936030306107_998861192057120,"CONCLUÍDO COM SUCESSO ✅

Janeiro foi um mês de muito diálogo e compromisso! Visitamos mais de 20 municípios para levar nosso apoio a prefeitos e lideranças, desejando sucesso e reforçando que podem contar comigo para o desenvolvimento da região. Começamos o ano com tudo! 💥🚀"
2025-02-01,20:57,facebook,post,https://www.facebook.com/1394493682493867/posts/997638345512738,,,,,,,,,,,864936030306107_997638345512738,Parabéns amigo @juliogarciasc que seu novo biênio como presidente da Alesc seja promissor. Estamos juntos! 🙌
2025-02-01,20:57,instagram,FEED,https://www.instagram.com/p/DFi19ESS6ND/,,177,4,181,9,2,3745,5078,1,18053715775887327,,"Parabéns amigo @juliogarciasc que seu novo biênio como presidente da Alesc seja promissor. Estamos juntos! 🙌

📸 @brunocollaco"
2025-01-31,19:53,instagram,REELS,https://www.instagram.com/reel/DFgJHybyrQr/,,339,62,401,85,4,31034,18420,2,17961195320744795,,"JANEIRO INTENSO!🔥🚀

O que podemos ter certeza é que trabalhamos MUITO em janeiro, visitamos os novos prefeitos, garantimos recursos, fiscalizamos obras e vimos o impacto positivo que nosso mandato está fazendo na nossa região. 

Que assim continuemos, pra fazer sempre o seu voto vale a pena! Contem comigo! 🚀"
2025-01-30,17:14,instagram,REELS,https://www.instagram.com/reel/DFdRxhHpQbp/,,423,35,458,52,2,28380,26218,16,17850730155349432,,"🚧 Mobilidade e segurança no Sul de SC! 🚧

Seguimos firmes na luta pelas marginais das nossas cidades! 🛣️💪 Depois de muitas visitas e ofícios sem resposta da CCR e da NTT, buscamos a Procuradoria-Geral da República para tratar desse problema que impacta milhares de pessoas. ⚖️ Em 30 dias, teremos um laudo oficial para definir os próximos passos!

A mobilidade urbana não pode ser ignorada! 🚦✊ #SCemMovimento #MobilidadeUrbana #SulCatarinense #TrabalhoQueGeraResultados #PorSantaCatarina"
2025-01-28,20:50,instagram,REELS,https://www.instagram.com/reel/DFYhVV-yXc1/,,130,3,133,15,1,11280,3417,3,18059783533772608,,"Precisamos ser ouvidos! 🗣️

A bancada do sul já destinou 5 milhões pro projeto da redragagem dos molhes da Barra em Laguna, agora o governo precisa fazer sua parte. 💥

Estávamos hoje em uma ótima entrevista na @jovempantubaraooficial conversando sobre isso. 🙌"
2025-01-27,16:12,instagram,REELS,https://www.instagram.com/reel/DFVcfQ7uRFI/,,116,7,123,13,0,18156,5494,0,17915058927061181,,"📍RIO FORTUNA 👏

Recurso enviado, obra pronta e a gente fiscalizando de perto o retorno pra vida do catarinense. Parabéns, obra ficou um espetáculo! 🛣️"
2025-01-23,23:33,instagram,REELS,https://www.instagram.com/reel/DFL8Pc3OCle/,,1327,96,1423,94,9,58145,94452,33,18141990559370077,,"JUNTOS, FAZENDO HISTÓRIA 🚀👊

Hoje é um dia histórico para a comunidade da Sanga do Lageado, em Tubarão! Ao lado do Prefeito, anunciamos a pavimentação da estrada que, por décadas, foi um sonho dos moradores. Essa conquista só foi possível graças à parceria e ao trabalho conjunto com o Deputado Júlio e o Senador Esperidião Amin. 🚧✨

E fica o aviso: vem muito mais novidade por aí! 🌟

#CompromissoComTubarão #SangaDoLageado #TrabalhoQueTransforma"
2025-01-22,21:41,instagram,REELS,https://www.instagram.com/reel/DFJKJr-yElg/,,167,16,183,29,1,13025,5311,2,17923176591006150,,"E O SUL DE SANTA CATARINA? 🧐

Precisamos de investimentos em contenções de cheias o quanto antes, nossas cidades também sofrem com as enchentes e o @governosc precisa ter esse olhar. Estamos aqui, cobrando e pedindo para que no futuro não soframos as consequências. 

#redragagem #molhesdabarra #enchentes #prevenção"
2025-01-21,21:51,instagram,REELS,https://www.instagram.com/reel/DFGnE2TyanV/,,186,8,194,67,3,10248,6171,3,18012689960689564,,"📍PEDRAS GRANDES! 👏

A visão do prefeito @agnaldofilippi para o turismo é realmente admirável. Ele está transformando a cidade em um destino rico em história e repleto de roteiros turísticos encantadores. Vale muito a pena conhecer! É inspirador ver um gestor com essa visão de futuro, que incentiva o desenvolvimento e torna o investimento na cidade algo tão promissor."
2025-01-21,10:48,facebook+instagram,FEED,https://www.instagram.com/p/DFFbjXLOJwj/,https://www.facebook.com/1394493682493867/posts/990015489608357,135,16,151,81,2,5720,7418,1,18326972980092549,864936030306107_990015489608357,Alôô Tubarãoo! Hoje não esquece de tomar água e passar protetor solar. O dia vai ser 🔥
2025-01-20,19:40,instagram,FEED,https://www.instagram.com/p/DFDzreDSZsc/,,27,10,37,1,0,1229,1597,0,17882081778123769,,"Acompanhando as mudanças da política global, seguimos! 🚀"
2025-01-20,12:22,instagram,REELS,https://www.instagram.com/reel/DFDAZr2OzDO/,,256,10,266,16,0,17777,12610,9,18048176957331413,,"📍 ORLEANS

Investir em saúde é investir na qualidade de vida das pessoas, e foi com esse compromisso que atuamos no Hospital Santa Otília. Com a emenda enviada, garantimos a compra e instalação de um gerador, trazendo mais segurança e eficiência ao atendimento hospitalar. ✅

Nosso mandato está presente em cada cidade do sul, não apenas enviando recursos, mas também fiscalizando e acompanhando as entregas. Trabalhamos para garantir que cada ação faça a diferença na vida da nossa população!"
2025-01-16,17:54,instagram,REELS,https://www.instagram.com/reel/DE5UF6ZJC2k/,,323,61,384,36,1,19580,15131,19,18053230045866457,,"📍 Cocal do Sul 🚀

Prefeito e toda a equipe farão um excelente mandato, esse time é fera! Contem comigo e vamos trabalhando pra desenvolver ainda mais o sul. 👏"
2025-01-14,22:37,instagram,REELS,https://www.instagram.com/reel/DE0qKbJOmnH/,,225,13,238,18,3,19364,10242,6,17864492127312613,,"1 Milhão pra nossa amada Nova Veneza! 🚀

@angelaghislandi vai começar o mandato com o nosso apoio, porque valorizamos a cultura, essa cidade linda e cheia de tradição."
2025-01-13,21:33,facebook+instagram,FEED,https://www.instagram.com/p/DEx_Bm5SAJv/,https://www.facebook.com/1394493682493867/posts/985112950098611,261,10,271,8,1,7866,15683,3,17994212822746835,864936030306107_985112950098611,"PLAY 2025! ✅

Visitei os prefeitos eleitos da região sul, reforçando nosso compromisso com o desenvolvimento e o bem-estar das pessoas. 
Começamos em Içara com a prefeita reeleita @dalvaniacardoso 
, seguimos para Nova Veneza com @angelaghislandi , passamos por Cocal do Sul com @ademirmagagnin e finalizamos em Morro da Fumaça com @eduardoguollo . Juntos, seguimos construindo um futuro melhor para todos!”"
2025-01-11,17:49,instagram,REELS,https://www.instagram.com/reel/DEsaz5DpX9A/,,275,23,298,26,5,15441,10819,11,17918997879041497,,"📍LAGUNA

+1 milhão pra nossa linda cidade de Anita. Laguna, você merece!🚀
Com nossa parceria e trabalho em equipe com @mendoncafernandocandido, @preto.crippa e @schieflerbento, vamos fazer nossa cidade avançar."
2025-01-10,17:07,instagram,REELS,https://www.instagram.com/reel/DEpxifCpts_/,,299,28,327,29,2,17873,13716,8,18032154944216008,,"📍PAULO LOPES! 

Fui conferir de perto os recursos que conseguimos pra essa cidade e ainda deixar mais 1 milhão de reais pra nova prefeita @_feleite começar com o pé direito 2025! 🚀

E não esqueça, estamos chegando na sua cidade 😉"
2025-01-08,22:22,instagram,REELS,https://www.instagram.com/reel/DElL-s4pqc7/,,250,28,278,49,6,19849,23795,6,17910546135064965,,"AUTISMO: PROJETO DO CENSO É PIONEIRO! 🧩

Nossa iniciativa de parceria entre Alesc e Acafe será inovadora e está sendo desenvolvida para que nossas políticas públicas tenham embasamentos em números, dados que fazem a diferença."
2025-01-04,12:12,instagram,REELS,https://www.instagram.com/reel/DEZzUZaR98X/,,172,9,181,12,1,5286,9514,1,18060190183903932,,"Isso é o que desejo a você em 2025! 👏
Alguém que te apoie e ajude a construir seu caminho. 
Me conta é isso que você quer?"
2025-01-02,12:29,facebook+instagram,FEED,https://www.instagram.com/p/DEUr-rrOQqG/,https://www.facebook.com/1394493682493867/posts/977720207504552,269,8,277,6,0,5451,8746,3,18056753047784742,864936030306107_977720207504552,"Parabéns, meu irmão @henriquecastropp11! 🎉 
Você merece todo esse sucesso pela dedicação e trabalho duro que sempre realizou em sua vida pública, tanto nos bastidores quanto agora como prefeito eleito de Pescaria Brava! 🏛️ 

Não tenho dúvidas de que você será um excelente prefeito e fará a diferença na nossa cidade do sul. 🌞 

Arregace as mangas, pois o trabalho só está começando! 💪"
2024-12-31,20:01,facebook+instagram,FEED,https://www.instagram.com/p/DEQWIQDJQqi/,https://www.facebook.com/1394493682493867/posts/976583144284925,137,7,144,,,,,,18057020800945551,864936030306107_976583144284925,"Foram tantos momentos que não cabem em um só álbum, obrigado 2024! 🎉

Que venha 2025! 🚀"
2024-12-29,20:31,instagram,REELS,https://www.instagram.com/reel/DELPSTiSwrq/,,252,28,280,,,,,,18030129536613173,,2025 tá chegando com tudo!!! 🚀
2024-12-25,13:24,facebook,post,https://www.facebook.com/1394493682493867/posts/972468258029747,,,,,,,,,,,864936030306107_972468258029747,FELIZ NATAL! 🎁🎄
2024-12-25,13:24,instagram,FEED,https://www.instagram.com/p/DEAL9DjOPVD/,,100,6,106,,,,,,18041457665033379,,FELIZ NATAL! 🎁🎄
2024-12-23,17:07,instagram,REELS,https://www.instagram.com/reel/DD7beoXptHK/,,200,19,219,,,,,,17866333263275624,,"MAIS ENTREGA! 🚙

Entregamos um veículo novo pra Apae de Içara que faz um trabalho lindíssimo no município. Vocês merecem! @apaedeicara"
2024-12-22,21:08,instagram,REELS,https://www.instagram.com/reel/DD5SH-4SQ7z/,,342,27,369,,,,,,18044346224513220,,Desejamos a vocês um Natal repleto de amor e união!♥️🎁
2024-12-20,21:37,instagram,REELS,https://www.instagram.com/reel/DD0LmJ7yzp_/,,539,32,571,,,,,,17974795391796244,,"🚒🧑‍🚒 ENTREGAMOS! 

Um carro novinho pra essa instituição que tanto colaborou com o crescimento de Tubarão."
2024-12-18,21:22,instagram,REELS,https://www.instagram.com/reel/DDu_yAXSxh6/,,69,0,69,,,,,,18062871937830767,,"ENTREGAS DA BANCADA DO SUL! ✅

24 milhões a mais na região pelo nosso trabalho em conjunto de todos os deputados do sul. Vamos juntos construindo um futuro melhor."
2024-12-17,23:24,instagram,REELS,https://www.instagram.com/reel/DDsp7yuOKZO/,,140,20,160,,,,,,18085262056487679,,"ASSINADO! ✍️

Nosso termo de cooperação para o desenvolvimento do censo do autismo entre Unesc e Alesc está firmado, estamos trilhando um caminho que será referência no Brasil na área de autismo. Parabéns a todos os envolvidos! 👏"
2024-12-16,21:21,instagram,REELS,https://www.instagram.com/reel/DDp0fN4yDFO/,,178,32,210,,,,,,18051624506003893,,"🗳️ Educação que transforma o futuro!📚

Você sabia que a Educação Moral e Cívica pode ser o passo que falta para formar cidadãos mais conscientes e preparados? 💡🌎
Com muito orgulho, relembro minha mãe, professora dedicada dessa disciplina, e trago para Santa Catarina um projeto de lei que pode mudar vidas. 💪✨

👉 Vamos juntos construir uma sociedade com mais valores e líderes conscientes!
👩‍🏫💭💼 Educação transforma o jovem. Educação transforma o país.

#SantaCatarina
#EducaçãoComValores
#FuturoÉAgora
#ProjetoDeLei

💬 Deixe sua opinião nos comentários! Vamos construir esse futuro juntos! 🗨️✍️"
2024-12-15,14:18,instagram,REELS,https://www.instagram.com/reel/DDmiJRKuvXL/,,112,1,113,,,,,,18034296971380057,,Making off da série Senna!!!
2024-12-11,22:45,instagram,REELS,https://www.instagram.com/reel/DDdIiqlOO5U/,,94,2,96,,,,,,18111134578432461,,"🚀OVINOCAPRINOCULTURA VALORIZADA! 🐑🐐

🌱 Potencial incrível para crescimento econômico, social e sustentável!

💡 Hora de transformar nosso estado em referência nacional! 🏆

#SantaCatarina #Ovinocaprinocultura #AgroSC #DesenvolvimentoSustentável #AgroNegócio #EmpreendedorismoRural #ProduçãoAnimal"
2024-12-05,18:29,facebook+instagram,FEED,https://www.instagram.com/p/DDNO8yypXzO/,https://www.facebook.com/1394493682493867/posts/959690205974219,69,3,72,,,,,,18042630452162825,864936030306107_959690205974219,"✨ #TBT Especial da Comenda do Legislativo! 

Um momento marcante onde tive a honra de homenagear meu querido amigo Eraldo, que faz a diferença no desenvolvimento de Tubarão! 👏💼

Parabéns pelo incrível trabalho, Eraldo! 💪🌟 Conte sempre comigo para continuar fortalecendo o sul de Santa Catarina! 🙌🚀

#OrgulhoDeTubarão #SulCatarinense #DesenvolvimentoRegional #Gratidão #ParceriasQueTransformam"
2024-12-04,00:45,facebook+instagram,FEED,https://www.instagram.com/p/DDIwZ0_upbc/,https://www.facebook.com/1394493682493867/posts/958572336086006,362,21,383,,,,,,17948556185882897,864936030306107_958572336086006,"“Hoje é dia da nossa pequena Lelê brilhar! 🌟 Ela está se formando no pré e nos enchendo de orgulho com esse primeiro grande passo. Que venham muitas conquistas pela frente, minha menina! 🎓❤️”"
2024-12-03,18:16,instagram,REELS,https://www.instagram.com/reel/DDIAOxppH4L/,,175,22,197,,,,,,18079745014519465,,"MATO NAS RODOVIAS! 🌱🛣️🌿

Questionei o estado por esse abandono das rodovias do sul e tive a resposta: A LICITAÇÃO AINDA ESTÁ EM ANDAMENTO! 🫨

Ao invés de já ter sido feita meses atrás para as manutenções necessárias pra chegada do verão. 
Estamos chamando os turistas pro estado sem nem cortar o mato pra quem passa ali todo o dia. Precisamos que essas manutenções sejam feitas com urgência! 💥"
2024-12-02,17:26,instagram,REELS,https://www.instagram.com/reel/DDFTmWEpgM_/,,169,16,185,,,,,,18073041133620917,,"AUTISMO, eu defendo! 🧩💙

🚨 Conquistas que transformam vidas:
📽️ Lei Cine-Azul aprovada! Uma experiência de cinema mais acessível, um projeto nosso! 
📊 Censo do Autismo uma parceria que está sendo firmada entre a ACAFE e ALESC, para mapear e fazer políticas públicas reais. 
📜 Protocolo Individualizado de Avaliação (PIA) em tramitação na ALESC. 
👩‍🏫 Mais de 2 mil pessoas capacitadas em nossos seminários por todo o estado. 

💪 Juntos, estamos construindo um futuro mais inclusivo para todos! 💙
👉 Você também é parte dessa mudança! Apoie e compartilhe!

#AutismoÉRespeito #LeiCineAzul #InclusãoSocial #SCParaTodos #FrenteParlamentarAutismo #CensoDoAutismo #JuntosPeloAutismo"
2024-11-29,21:59,facebook+instagram,FEED,https://www.instagram.com/p/DC-KQH5ypfD/,https://www.facebook.com/1394493682493867/posts/955886053021301,302,25,327,,,,,,17913149570943005,864936030306107_955886053021301,"2024 Que ano! 🎯
Entrando na #Trend e vendo que foi um ano cheio de desafios e lutas que valem a pena! 🫡"
2024-11-28,14:11,facebook+instagram,FEED,https://www.instagram.com/p/DC6v2oJOWbk/,https://www.facebook.com/1394493682493867/posts/955010383108868,94,0,94,,,,,,18129305020383086,864936030306107_955010383108868,"SESSÃO ITINERANTE! ✅

Finalizamos com sucesso nossas sessões itinerantes, fortalecendo laços com as regiões. Nos aproximamos das lideranças, ouvimos instituições e aprofundamos nosso conhecimento sobre os problemas locais. 

Foi um grande passo para uma representação mais justa e eficaz!🗣️

#SessãoItinerante #DesenvolvimentoRegional #ParticipaçãoPopular"
2024-11-22,19:41,facebook+instagram,FEED,https://www.instagram.com/p/DCr44fWy2FJ/,https://www.facebook.com/1394493682493867/posts/951314836811756,521,12,533,,,,,,18038960183257874,864936030306107_951314836811756,"MEDALHA🎖️

Agradecemos ao Corpo de Bombeiros Militar de Santa Catarina pela honraria de recebermos a Medalha dos 90 Anos! 
É um orgulho contribuir para o desenvolvimento da instituição. 🙏🏼🔥 

#CBMSC #MedalhaDos90Anos #Honraria #Agradecimento"
2024-11-21,15:45,facebook+instagram,FEED,https://www.instagram.com/p/DCo5AGVuzDs/,https://www.facebook.com/1394493682493867/posts/950544536888786,44,1,45,,,,,,18136151725335980,864936030306107_950544536888786,"A PREVENÇÃO É NECESSÁRIA! 🚨

Não podemos só falar das enchentes quando elas estão acontecendo. Temos que ter medidas preventivas aplicando os recursos disponíveis pra que elas nem aconteçam. 

#RedragagemdoRioTubarão"
2024-11-19,22:57,instagram,REELS,https://www.instagram.com/reel/DCkgmnmOeYs/,,291,28,319,,,,,,18313234696166393,,"PROGRESSISTAS! 💙

Nosso partido cada vez mais unido e pronto pros desafios das gestões dos nossos prefeitos e vices. Contem comigo, nosso gabinete está sempre de portas abertas! 🙌"
2024-11-19,00:09,instagram,REELS,https://www.instagram.com/reel/DCiDxXxOrtd/,,329,34,363,,,,,,18188862379306266,,"MAIOR HONRARIA DO LEGISLATIVO! 🏅

Um verdadeiro empreendedor visionário! Ele não apenas gera empregos e impulsiona a economia, mas também transforma vidas com suas ações sociais em nossa cidade Azul. A Comenda do Legislativo Catarinense é um reconhecimento do seu incansável trabalho e dedicação.

#Homenagem #Empreendedorismo #Liderança #ComendaLegislativo #SantaCatarina #CidadeAzul #Inspiração”"
2024-11-16,21:08,instagram,REELS,https://www.instagram.com/reel/DCcl5pXSh3j/,,166,15,181,,,,,,17868448596238091,,"Amor aos animais exige responsabilidade! 🐾❤️ 

Com uma emenda de R$ 150 mil, estamos garantindo um controle consciente da população animal aqui do município de Lages. 📊

Saiba mais sobre as castrações gratuitas na prefeitura da sua cidade. 🤝

Juntos, podemos fazer a diferença! 🐾💚 

#CastraçãoResponsável #AmorAosAnimais #CidadeAcolhedora #SaúdePública #Responsabilidade"
2024-11-15,15:48,facebook+instagram,FEED,https://www.instagram.com/p/DCZcqDXpbei/,https://www.facebook.com/1394493682493867/posts/946658683944038,31,3,34,,,,,,17990562182723344,864936030306107_946658683944038,"Celebramos um marco fundamental na história do Brasil: a Proclamação da República. 

Este é o momento de lembrar que a democracia e a participação popular são os pilares da construção de um país melhor. Como deputado estadual, reforço o meu compromisso com os valores republicanos: transparência, justiça e trabalho incansável por Santa Catarina e pelo nosso Brasil.

Juntos, seguimos construindo uma República forte e comprometida com o bem comum! 🇧🇷

#ProclamaçãoDaRepública #Democracia #SantaCatarina #TrabalhoPeloPovo

Caso queira ajustar o tom ou o foco do post, posso ajudar!"
2024-11-14,19:35,instagram,REELS,https://www.instagram.com/reel/DCXRElYysgo/,,158,18,176,,,,,,18044912045492981,,"Que trabalho lindo! 🧩

Dedicação, união e perseverança pela causa autista na serra catarinense, um exemplo para todo o estado que deve ser compartilhado. Conheça você também! ❤️"
2024-11-14,00:05,instagram,REELS,https://www.instagram.com/reel/DCVLVQHOluM/,,44,1,45,,,,,,18346267399121080,,"ALESC ITINERANTE SERRANA 🌲

A Sessão Itinerante em Lages representando todo o planalto serrado foi um verdadeiro sucesso!

Foi um dia de intenso trabalho e diálogo construtivo, com o objetivo de impulsionar o desenvolvimento sustentável e inclusivo na região.

Agradecemos a todos os participantes e entidades que contribuíram para o sucesso desse evento!

#SerraMaisProgressista #Lages #BancadaProgressista #DesenvolvimentoSustentável”"
2024-11-08,22:17,instagram,REELS,https://www.instagram.com/reel/DCIHCUdyYYL/,,391,24,415,,,,,,18019194146324900,,"MEDIDAS PROVISÓRIAS NO CONGRESSO DE 35 ANOS DA CONSTITUIÇÃO DE SC! ✅

União, autonomia e inovação: o futuro do federalismo brasileiro esteve em debate!
O Congresso de 35 anos da Constituição de SC foi um marco para discussões profundas sobre medidas provisórias, competências legislativas estaduais e o papel dos Legisladores em todas as esferas. 
Agradeçamos a todos os participantes por enriquecerem esse evento! 
#CongressoConstituiçãoSC #FederalismoBrasileiro #DesenvolvimentoRegional #medidaprovisoria"
2024-11-07,23:14,instagram,REELS,https://www.instagram.com/reel/DCFo83RuVwA/,,105,9,114,,,,,,17965722428687710,,"Boas notícias para Santa Catarina! 📰🚀

A empresa argentina IMAP, especializada em embalagens plásticas, está avaliando a instalação de uma unidade no estado! 🤝 Com mais de 84 anos de experiência internacional, a IMAP pode trazer investimentos expressivos e criar empregos para a região.

O governo estadual já está considerando formas de apoio, incluindo incentivos fiscais. E o município de Tubarão parece ser o local ideal para a instalação da fábrica, graças à sua localização privilegiada e mão de obra qualificada.

Vamos torcer para que esse projeto se concretize e traga desenvolvimento econômico para Santa Catarina! 💰 

#IMAP #SantaCatarina #DesenvolvimentoEconômico #EmbalagensPlásticas #Investimentos"
2024-11-04,20:24,facebook+instagram,FEED,https://www.instagram.com/p/DB9nd2ty-jm/,https://www.facebook.com/1394493682493867/posts/939514247991815,225,32,257,,,,,,17953133066844723,864936030306107_939514247991815,"📢 Notícia Boa! 📢

As emendas já estão nas contas das prefeituras! 🎉 
As cidades que receberam nossas emendas foram: 
Jaguaruna
Tubarão
Pescaria Brava
São Joaquim
Criciúma
São Martinho
Urussanga
Santa Rosa de Lima
Rio Fortuna
Sangão
Imbituba 
Laguna 
Esse é um passo importante para impulsionar o desenvolvimento local e apoiar as iniciativas que transformam a vida de cada cidadão. 🌱💪"
2024-11-01,21:16,instagram,REELS,https://www.instagram.com/reel/DB1-NSZyG0d/,,194,28,222,,,,,,18046968611099018,,"UM CENSO DE AUTISMO 🧩
Um passo essencial para garantir políticas públicas sejam eficazes e inclusivas para as pessoas com Transtorno do Espectro Autista em SC. Nossa Frente Parlamentar está elaborando uma proposta de parceria entre ALESC e ACAFE, para fazer esse censo único para temos os números de autistas do estado. Vamos juntos transformar vidas! 🤝💙

#InclusãoAutista #CensoTEA #SantaCatarina"
2024-10-30,21:25,facebook+instagram,FEED,https://www.instagram.com/p/DBw2fMByBaA/,https://www.facebook.com/1394493682493867/posts/936147648328475,221,6,227,,,,,,18045961067317088,864936030306107_936147648328475,"APOIO, COMPROMISSO E RESULTADO! 🤝✨ 

Estamos ao lado dos prefeitos e vereadores do Sul de Santa Catarina em busca de mais recursos junto ao Senado e à Câmara Federal, fortalecendo nossas cidades e garantindo mais desenvolvimento para nossa região! 🚀🌍 

#SulDeSC #ApoioAoDesenvolvimento #JuntosPelaRegião"
2024-10-29,19:18,instagram,REELS,https://www.instagram.com/reel/DBuCrSKJaHK/,,538,149,687,,,,,,18102572197455060,,"EXAMES RÁPIDOS EM FARMÁCIAS! ✅

Nossa lei já está em vigor e facilita a vida de muitos catarinenses que agora poder fazer mais de 47 tipos de exames nas farmácias perto da sua casa. 🙌

Obs : Os testes disponíveis nas farmácias têm caráter indicativo e, em função dos serviços farmacêuticos oferecidos, não envolvem a coleta de sangue venoso."
2024-10-26,13:59,facebook+instagram,FEED,https://www.instagram.com/p/DBlwOjrOnef/,https://www.facebook.com/1394493682493867/posts/933257408617499,148,4,152,,,,,,18059144938770026,864936030306107_933257408617499,“Orgulho em cada movimento! Minhas meninas arrasaram no festival de judô do colégio São José. 💪🥋”
2024-10-25,15:51,instagram,REELS,https://www.instagram.com/reel/DBjX19IuNkg/,,99,4,103,,,,,,17943383852867798,,"Trabalhando pelo Sul de Santa Catarina! 💪

Questionamos o andamento da duplicação da SC-108, ligando Urussanga, Cocal do Sul e Criciúma.🛣️
Em Breve! Teremos um cronograma de execução entregue pelo Secretário de Infraestrutura.

Lutamos por obras regionais, unindo forças para melhorar a vida dos catarinenses. 🙌

#BancadaDoSul #DesenvolvimentoRegional #TrabalhoLegislativo"
2024-10-25,13:44,facebook+instagram,FEED,https://www.instagram.com/p/DBjJt5nOY1x/,https://www.facebook.com/1394493682493867/posts/932550025354904,25,0,25,,,,,,17906755956043618,864936030306107_932550025354904,"Mais de 3 milhões já enviados! 🎉

Parabéns à querida cidade de Pescaria Brava pelos 12 anos de desenvolvimento! Com a administração do amigo @henriquecastropp11, tenho certeza de que ainda alcançaremos mais. Conte comigo para enviar recursos que melhorem a vida das pessoas! Vamos juntos!"
2024-10-23,21:04,facebook+instagram,FEED,https://www.instagram.com/p/DBeyfTUSNyN/,https://www.facebook.com/1394493682493867/posts/931392858803954,77,2,79,,,,,,18052089724936082,864936030306107_931392858803954,"Avanços e Desafios do Anel Viário da SC-108 🛣️

Com apenas 1% da execução da obra até agora, a cobrança por transparência e agilidade é essencial. O Secretário Jerry se comprometeu a visitar a obra e apresentar um cronograma claro na próxima reunião, marcada para 5 de novembro. 

Vamos juntos continuar a luta por um SC melhor! 🙌"
2024-10-21,19:24,instagram,REELS,https://www.instagram.com/reel/DBZdUUwyYCD/,,174,22,196,,,,,,18037922189275127,,"Estágio Visita! 📚

Um programa que faz a diferença na formação política do jovem catarinense.🙌"
2024-10-17,20:03,instagram,REELS,https://www.instagram.com/reel/DBPOme6y-1j/,,151,23,174,,,,,,18046499393069092,,"Hoje é o dia dela. 💕
Do meu amor, aquela que está sempre ao meu lado. A super mãe, a super filha e a super esposa. Sou um homem feliz e realizado por me escolheres como companheiro de vida.
Te amo nega.
Feliz aniversário 🎉"
2024-10-16,19:11,instagram,REELS,https://www.instagram.com/reel/DBMi8USSS8w/,,569,81,650,,,,,,18042989213318910,,"Garopaba merece sempre mais! 🚀

Mais de 2 milhões foram destinados a diversas obras, e agora estamos enviando mais 400 mil reais para a saúde do nosso município. Além disso, conseguimos uma reunião com o secretário de Estado, @deputadojerry, para dar início à obra na SC-434. 

Trabalho em equipe da resultado e essa é a prova! 🙌"
2024-10-15,22:18,facebook+instagram,FEED,https://www.instagram.com/p/DBKUjAOStSy/,https://www.facebook.com/1394493682493867/posts/925903619352878,392,34,426,,,,,,18043431944046837,864936030306107_925903619352878,Feliz Bodas de Linho pra gente! Que esses nossos 13 anos sejam sempre celebrados com muito amor ♥️
2024-10-12,13:47,facebook,post,https://www.facebook.com/1394493682493867/posts/923430559600184,,,,,,,,,,,864936030306107_923430559600184,Feliz dia das crianças! 🫶
2024-10-12,13:47,instagram,FEED,https://www.instagram.com/p/DBBruQ_OApq/,,111,0,111,,,,,,18118406194395961,,Feliz dia das crianças! 🫶
2024-10-08,21:01,facebook+instagram,FEED,https://www.instagram.com/p/DA4KOQ0SNOJ/,https://www.facebook.com/1394493682493867/posts/920711183205455,147,4,151,4,,,,,18344428951133733,864936030306107_920711183205455,"Voltamos com tudo! 🚀

CCJ e plenário a todo o vapor para fazer leis eficazes pra Santa Catarina."
2024-10-07,13:11,facebook+instagram,FEED,https://www.instagram.com/p/DA0vsl5OLB1/,https://www.facebook.com/1394493682493867/posts/919796419963598,377,33,410,1,,,,,18042722450017649,864936030306107_919796419963598,"O SUL ACORDOU MAIS AZUL HOJE! 💙💙💙💙

Quem ganhou ai também, comenta! ⬇️"
2024-10-05,14:48,instagram,REELS,https://www.instagram.com/reel/DAvw2DXOI4b/,,948,198,1146,,,,,,18138537610359356,,QUEM É 1️⃣1️⃣ COMENTA SUA CIDADE! ⬇️✅
2024-10-03,20:37,instagram,REELS,https://www.instagram.com/reel/DArPMs8SPS0/,,194,13,207,,,,,,17872836675189081,,"Nossa Judoca trocou de faixa hoje! 💕✨ 

Esportes e artes marciais ensinam muitas coisas as crianças e adolescentes como disciplina, respeito além de autodefesa. És Meu orgulho, minha linda!"
2024-09-25,14:00,facebook,post,https://www.facebook.com/1394493682493867/posts/911382507471656,,,,,1,,,,,,864936030306107_911382507471656,APOIE NOSSO TIME! 1️⃣1️⃣✅
2024-09-25,14:00,instagram,FEED,https://www.instagram.com/p/DAV7uqrulM0/,,108,9,117,,,,,,18354301483138117,,APOIE NOSSO TIME! 1️⃣1️⃣✅
2024-09-21,19:46,facebook+instagram,FEED,https://www.instagram.com/p/DAMQKyQyj5C/,https://www.facebook.com/1394493682493867/posts/908743141068926,238,8,246,,,,,,18240292147286708,864936030306107_908743141068926,"DIA DE CURTIR A FAMÍLIA! 💕

O colégio  @saojosetubarao fez essa festa da família pra gente conseguir confraternizar e mostrar o que tem valor de verdade pras nossas filhas! 🙌"
2024-09-18,19:08,facebook+instagram,FEED,https://www.instagram.com/p/DAEdYYlyzIa/,https://www.facebook.com/1394493682493867/posts/906662217943685,65,2,67,2,,,,,17968066352788839,864936030306107_906662217943685,"🗣️Um pouco de informação pra essa campanha! 🗞️

Compartilha com o candidato que precisa lembrar das regras 🎯"
2024-09-17,21:52,instagram,REELS,https://www.instagram.com/reel/DACKtO2uU9a/,,212,52,264,,,,,,17960943935801222,,"🤣ERROS DE GRAVAÇÃO! 🎬

Foram várias horas trabalhando e gravando para fazer um material bonito para todos os nossos candidatos a prefeito, vice e vereador. E, de quebra, ainda damos umas risadas! 😅

#campanha #santacatarina #deputado #comedia"
2024-09-15,14:54,instagram,REELS,https://www.instagram.com/reel/C_8RYnbuztJ/,,99,12,111,,,,,,18249990328249093,,"VALORIZAR A NOSSA REGIÃO!🌍✨

É sobre unir forças para o desenvolvimento das nossas cidades, trabalhando lado a lado com as associações, as cooperativas e com todas as pessoas que enfrentam os desafios da nossa região no dia a dia. 🤝

💪 Juntos, construímos soluções e transformamos a nossa realidade para um futuro melhor! 🌟

#ForçaDaNossaRegião 
#DesenvolvimentoSC 
#UnidosPelaNossaGente 
#AvançaSC 
#JuntosPorSC"
2024-09-11,19:59,instagram,REELS,https://www.instagram.com/reel/C_yhiW3ySLT/,,164,20,184,,,,,,18021850415523904,,"Essa é nossa mini Deputada Helena dominando a Assembleia! 

Quem aguenta tanta fofura? 🥰"
2024-09-07,16:17,instagram,REELS,https://www.instagram.com/reel/C_n04Rqunlh/,,47,21,68,,,,,,18074079361492791,,"🇧🇷LIBERDADE, NÃO RELATIVIZE A VERDADE! 👊

Relativizar a verdade é enfraquecer os valores que mantêm nossas vidas e comunidades. ✍️

A verdade é fundamental para uma sociedade justa e próspera. Ela exige respeito e reflete nossa capacidade de viver com autenticidade. ✅

Na educação, forma cidadãos críticos. Na família, gera confiança. Na fé, conecta com o divino.

Quando ignoramos esses valores, permitimos que a incerteza e a desconfiança cresçam em nossa sociedade e não podemos deixar que isso aconteça! 🫡

Créditos: 
- Vídeo: Matemática Alternativa (PT-BR Legendado - FullHD) 
- Música: Pink Floyd - Outro Tijolo na Parede (Parte I-II-III)

#brasil #educacao #liberdade #santacatarina"
2024-09-06,22:14,instagram,REELS,https://www.instagram.com/reel/C_l47hVO6vz/,,62,6,68,,,,,,17927110364831008,,"SAÚDE EM TREZE DE MAIO 🏥

Nosso recurso bem investido no município, no presente, na saúde! 🚀"
2024-09-03,21:48,instagram,REELS,https://www.instagram.com/reel/C_eGg3hy3Rp/,,114,4,118,,,,,,18029998100262850,,"PROJETO DA REESTRUTURAÇÃO DO PORTO DE LAGUNA ✍️

Nossa Bancada do Sul se uniu para viabilizar o projeto e agora o edital de licitação já está autorizado também. 🙌

Esse é só o primeiro passo. Estamos lutando, indo atrás e defendendo a nossa redragagem do Rio Tubarão. 

Vamos juntos! ✅"
2024-09-02,21:05,facebook+instagram,FEED,https://www.instagram.com/p/C_beGiRSmY1/,https://www.facebook.com/1394493682493867/posts/896611625615411,76,4,80,3,,,,,17879699688109305,864936030306107_896611625615411,"Tempo vai devagar porque ela já tá aprendendo a Marchar! 🇧🇷

Desfile cívico do colégio São José, vendo a nossa princesa Helena desfilar marchando pela rua.💚 @brubrunelcollaco 

#marcha #desfilecivico #tubarao #crianca"
2024-08-31,22:25,instagram,REELS,https://www.instagram.com/reel/C_WcqmgOGgn/,,76,12,88,,,,,,18100527040436817,,"🚀 Agosto foi uma correria daquelas! 🌪️ 

Visitando mais de 50 cidades, planejando o futuro e discutindo novos projetos pra Santa Catarina.  A eleição tá chegando e o trabalho não para. Vamos juntos nessa caminhada! 💪😉 #CorreriaDoBem #TrabalhoPeloFuturo #PepêCollaço"
2024-08-30,00:22,facebook+instagram,FEED,https://www.instagram.com/p/C_RhY_muWk6/,https://www.facebook.com/1394493682493867/posts/894236105852963,71,3,74,,,,,,18029595905191566,864936030306107_894236105852963,"O FUTURO DAS CIDADES ESTÁ AQUI! 🚀

Com um trabalho intenso na região sul e extremo-sul do nosso estado percebo que o planejamento e as ideias de futuro pra nossa região estão aqui, pensadas em conjunto pelo nosso time! 

Bora pra luta e gastar sola de sapato! 🙌"
2024-08-17,22:21,instagram,REELS,https://www.instagram.com/reel/C-yZL73pu2S/,,132,14,146,,,,,,18236004316275952,,"SC DE PERTO! 🗺️

Política é sobre se conectar verdadeiramente com cada comunidade, entender suas necessidades e trabalhar junto para transformar as regiões. Olhar nos olhos das pessoas e ouvir suas histórias nos dá a força para continuar lutando por um futuro mais justo e próspero para todos. 💪

Desenvolvimento regional é pensado em conjunto e dessa vez foi Meio Oeste e Planalto Serrano. Cada projeto, impacta diretamente a vida de quem vive nessas cidades, e é por isso que nossa presença aqui é fundamental. Precisamos de líderes comprometidos em gerar oportunidades, investir em infraestrutura, saúde, educação e criar condições para que cada município cresça de maneira sustentável. Isso é PROGRESSO, isso é PROGRESSISTAS! 🌱

📍 Ponte Alta 
📍 Joaçaba 
📍 Herval d’Oeste 
📍 Capinzal 
📍 Ouro 
📍 Pinheiro Preto 
📍 Abdon Batista 
📍 Cerro Negro 
📍 Campo Belo do Sul 
📍 Lages 
📍 Painel 
📍 Urupema 
📍 Rio Rufino 
📍 Bom Retiro 
📍 Urubici

E a campanha só tá começando! 😉

#RegiãoSerrana #ConexãoComOPovo #PolíticaComPropósito #DesenvolvimentoRegional #CidadesUnidas #FuturoMelhor #JuntosPeloProgresso"
2024-08-15,22:14,facebook+instagram,FEED,https://www.instagram.com/p/C-tPndwO2Ik/,https://www.facebook.com/1394493682493867/posts/885566886719885,128,4,132,,,,,,18072381070551116,864936030306107_885566886719885,"ISSO É POLÍTICA! 👊

É fundamental visitar a região e olhar nos olhos das pessoas para entender suas realidades e desafios. Cada município carrega histórias únicas e merece nossa atenção. 🙌

📍 Ponte Alta  
📍 Joaçaba  
📍 Herval d’Oeste  
📍 Capinzal  
📍 Ouro  
📍 Pinheiro Preto  
📍 Abdon Batista  
📍 Cerro Negro  

Conte comigo! 🚀

#RegiãoSerrana #CulturaLocal #DesenvolvimentoRegional #CompromissoComAPopulação #ViagemAosMunicípios"
2024-08-13,14:40,instagram,REELS,https://www.instagram.com/reel/C-nRc4IO5Yl/,,285,52,337,,,,,,18067954132572541,,"O SEGREDO DA LONGEVIDADE! 😅

A Manu e a Lelê deixaram tudo pronto pra eu aproveitar o presente que elas me deram todos os dias quando saio cedo pro trabalho. Uma receita que chamaram de: O Segredo da Longevidade, pra passar dos 100 anos. 😳

Anota aí: Cúrcuma com Água! O gosto não foi dos melhores,  mas espero que o resultado no fim da vida sim. 

Quem aí já experimentou? 👀

#curcuma #receits #diadospais #meninas"
2024-08-11,11:27,instagram,FEED,https://www.instagram.com/p/C-hycxuugLl/,,136,12,148,,,,,,18035585321285175,,"Obrigado minhas meninas! 😍 Papai ama muito vocês e sinto muito orgulho de cada uma, vocês são especiais e eu fico emocionado a cada apresentação vendo vocês crescerem tão rápido, tempo vai devagar! ❤️"
2024-08-10,23:55,instagram,REELS,https://www.instagram.com/reel/C-gh6MMuEjU/,,89,5,94,,,,,,18031616897154388,,"Mais de 8 municípios visitados em 36h! ✅

Um roteiro de sucesso onde vemos pré-candidatos preparados, prontos pra irem gastar sola de sapato nessas eleições. Vai ser lindo! 🚀

Estamos mais que prontos, ANSIOSOS! 🎉"
2024-08-06,21:29,instagram,REELS,https://www.instagram.com/reel/C-V972uJGgz/,,236,19,255,,,,,,17900063484017991,,"VITÓRIA DO PADEL! 🎾

🏓 A Associação de Padelistas Brasileiros foi aprovada como Utilidade Pública! Este esporte é uma poderosa ferramenta de inclusão e desenvolvimento. Vamos fortalecer essa modalidade e incentivar a prática esportiva em nosso estado! 💪 

#PadelSC #EsporteParaTodos"
2024-08-05,15:43,instagram,REELS,https://www.instagram.com/reel/C-SynpCuRnO/,,123,17,140,,,,,,18047650903870080,,"EXAMES EM FARMÁCIAS SANCIONADO! ✅

🔬📋 A Lei N° 19.011, que permite a realização de exames clínicos em farmácias e drogarias de SC, foi sancionada pelo governador. 

Lei de minha autoria que facilita o acesso da população a exames importantes, especialmente nas pequenas cidades. Modernização e conveniência para a saúde dos catarinenses! 💉🏥

 #Saúde #SC #ExamesClínicos #Farmácias #PepêCollaço"
2024-08-04,19:56,facebook+instagram,FEED,https://www.instagram.com/p/C-QrFJWpoBU/,https://www.facebook.com/1394493682493867/posts/879080017368572,97,3,100,1,,,,,18008659655545820,864936030306107_879080017368572,"APOIANDO AO ESPORTE! 🏆

Taça de Vice-Campeão entregue ao time do Santos na Liga Tubaronense de Futebol no municipal de Tubarão. Parabéns a todos pela dedicação e empenho 👏"
2024-07-30,19:39,facebook+instagram,FEED,https://www.instagram.com/p/C-DxJYnJ3Au/,https://www.facebook.com/1394493682493867/posts/876204054322835,123,2,125,3,,,,,18071655232483426,864936030306107_876204054322835,"Qual time você está? 👀

Não é só a Manu que tá louca pra acompanhar todos os jogos das olimpíadas, né?! 😅

Mas a cabeça de quem trabalha com política tá pensando em uma coisa: CONVENÇÕES! 🚀"
2024-07-29,16:27,instagram,REELS,https://www.instagram.com/reel/C-A18TNuyeR/,,64,11,75,,,,,,17881801428095335,,"PARABÉNS LAGUNA! 🎉

Celebramos com orgulho os 348 anos desta cidade histórica, cheia de belezas naturais e rica em cultura. Que seu futuro seja tão brilhante quanto seu passado! Parabéns, Laguna! 🌊🏖️🎂 

#AniversárioLaguna #HistóriaEBeleza #Laguna348Anos"
2024-07-28,20:38,facebook+instagram,FEED,https://www.instagram.com/p/C9-uXNcJqWi/,https://www.facebook.com/1394493682493867/posts/875094091100498,98,17,115,,,,,,18051156997809687,864936030306107_875094091100498,"PRONTOS PARA FAZER A DIFERENÇA! 🚀

As convenções confirmam: a campanha está prestes a começar e nossa preparação está a todo vapor! 🥇

📍 Garopaba  
📍 Pedras Grandes  
📍 Gravatal  
📍 Cocal do Sul  

As festas foram incríveis, nosso time está unido e preparado, e nossos pré-candidatos estão prontos rumo a vitória! 👊"
2024-07-25,19:22,instagram,REELS,https://www.instagram.com/reel/C922_EPJH29/,,147,10,157,,,,,,17913731129970399,,"ORGULHO EM FAZER PARTE DESSA CONQUISTA 🚀

Olhar lá na frente e ver a criação de um Polo industrial é fazer política e pensar no futuro.🌱
 A chegada da multinacional Eikto com um investimento de R$ 20 milhões e mais R$ 50 milhões em nova rodada está gerando 100 novos empregos. 💼🌟 

A Eikto é a maior fabricante chinesa de baterias de lítio e está transformando nossa cidade em um polo industrial de destaque! Estamos juntos em busca de novos investimentos para desenvolver nossa região. 💪🔋

 #OrgulhoDeLaguna #DesenvolvimentoSustentável #Investimento #Empregos #Eikto #FuturoPromissor"
2024-07-23,19:48,facebook+instagram,FEED,https://www.instagram.com/p/C9xwtLfJHJW/,https://www.facebook.com/1394493682493867/posts/872185844724656,41,0,41,,,,,,17991510626667461,864936030306107_872185844724656,"🇮🇹 AMAMOS NOSSAS TRADIÇÕES!

Celebrando a cultura e a gastronomia italiana com o Grupo Amici Della Polenta, fundado em 2012 para resgatar e difundir os usos e costumes italianos. 🍝

De Urussanga para o mundo, eles participam de eventos como a “Vindima Goethe”, “Festa do Vinho” e “Ritorno Alle Origini”, levando nossa famosa “Sagra Della Polenta” por onde vão. Não tem como não valorizar, já prepararam mais de 50 polentas gigantes, totalizando mais de 9 toneladas! 🎉

Junte-se a nós e valorize a cultura italiana! 

#AmiciDellaPolenta #CulturaItaliana #Gastronomia #Tradição #Urussanga"
2024-07-21,17:33,instagram,REELS,https://www.instagram.com/reel/C9sWS5SOOMn/,,232,11,243,,,,,,18055592761672722,,"Tirar um tempinho para viajar com a família é fundamental para renovar as energias e criar memórias inesquecíveis. ✨❤️

📍Chile 🇨🇱
#Família #Viagem #MemóriasFelizes"
2024-07-18,16:44,instagram,REELS,https://www.instagram.com/reel/C9kjQLcu4UB/,,55,10,65,,,,,,18022186193344722,,"AGRADECER O TRABALHO EM EQUIPE! 👊

O projeto da redragagem do Porto até os Molhes de Laguna é um esforço em conjunto de todos os deputados da Bancada do Sul. Obrigado! 👏

Estamos na frente, sempre liderando pra que nossa região se desenvolva da melhor maneira! 🚀

#redragagem #laguna #riotubarao #tubarao #"
2024-07-16,17:30,instagram,REELS,https://www.instagram.com/reel/C9fepkju1dF/,,106,17,123,,,,,,18128007958362070,,"Político só dá as caras em época de eleição? 👀
 
AQUI NÃO TEM ESSA! 👊
Nosso trabalho tem transparência, bandeiras, defesas regionais e tudo com muito compromisso com os catarinenses. 

Quem acompanha sabe o quanto a gente não para! 🚀

#PolíticaComCompromisso #TrabalhoSério #Catarinenses #Eleições2024"
2024-07-15,14:11,facebook+instagram,FEED,https://www.instagram.com/p/C9cjsT3JAxX/,https://www.facebook.com/1394493682493867/posts/867551271854780,90,15,105,1,,,,,17860258446146821,864936030306107_867551271854780,"DESENVOLVIMENTO LOCAL 🚧

É fundamental que nossas comunidades sejam escutadas pela CCR para que a população não sofra prejuízos. 🚸 As modificações nas marginais da BR-101 devem levar em conta as necessidades locais. A CCR precisa dialogar conosco para garantir uma mobilidade justa e eficaz. 🚦🤝

#DesenvolvimentoLocal #MobilidadeUrbana #BR101 #Comunidade #CCR #JustiçaEficaz"
2024-07-13,15:12,facebook+instagram,FEED,https://www.instagram.com/p/C9XhF4wpkR6/,https://www.facebook.com/1394493682493867/posts/866476901962217,81,3,84,3,,,,,18055675237640457,864936030306107_866476901962217,"CONQUISTAS HISTÓRICAS 🚢

5 milhões da Bancada do Sul para o projeto de dragagem do Porto até os molhes de Laguna! 🎉 Esta é uma conquista que devemos comemorar. Tínhamos um projeto desatualizado que não permitia captar recursos, seja nacionais ou internacionais, para a redragagem. 

Agora, com a atualização do projeto, poderemos buscar esses recursos. Nossa caminhada não é fácil, mas estou aqui firme na defesa dessa pauta, a Bancada do Sul com todos os deputados tiveram papel fundamental para a liberação desse recurso. 💪🌊

📸 Roberto Zacarias / SECOM 

#ConquistasHistóricas #DragagemPorto #BancadaDoSul #Laguna #Redragagem #DefesaDaPauta"
2024-07-12,19:53,instagram,REELS,https://www.instagram.com/reel/C9VcMD9pHHr/,,49,5,54,,,,,,17979412790583777,,"SUL EM FOCO 🌟

Debater os assuntos do Sul do Estado na sessão itinerante em Criciúma foi incrível! Tivemos representatividade de quem realmente sofre com os problemas regionais: a População. 🙌 

Ouvimos entidades mostrando o trabalho realizado em cada área e tivemos a oportunidade de mostrar aos deputados de outras regiões nossas principais demandas, diretamente na nossa região. 💬🔍

#SulDoEstado #Criciúma #SessãoItinerante #População #DemandasRegionais #Representatividade"
2024-07-11,20:35,instagram,REELS,https://www.instagram.com/reel/C9S8USuPyjo/,,112,24,136,,,,,,18443010643037782,,"PROJETO DRAGAGEM ✅

🌊🚢 Hoje damos um passo importante para a segurança e desenvolvimento de Tubarão e região com o projeto da redragagem do Porto de Laguna! 🙌✨ Este projeto essencial, fruto do nosso trabalho incansável, e mais um passo a favor da dragagem do Rio Tubarão, agora vamos esperar o projeto pra ir atrás de investimentos! Queremos prevenir enchentes e impulsionar a economia local. Juntos, fazemos a diferença! 💪

 #Redragagem #Desenvolvimento #Tubarão #BancadaDoSul #PepêCollaço #Segurança #Economia #TrabalhoEmEquipe #FuturoMelhor 🌟"
2024-07-10,20:38,instagram,REELS,https://www.instagram.com/reel/C9QXYQPpHE6/,,143,31,174,,,,,,18060009598552658,,"FOFOCA BOA! 💥

R$ 5 Milhões serão anunciados amanhã pela Bancada do sul em conjunto com todos os deputados para o projeto da dragagem do Porto até Molhes de Laguna! 🎉🚀

O evento será realizado amanhã na ACIT Tubarão, as 10h com a presença do Governador em exercício @maurodenadal 👏"
2024-07-08,18:54,instagram,REELS,https://www.instagram.com/reel/C9LBw85J9_n/,,98,17,115,,,,,,17983734890686239,,"TRANSFORMAÇÃO SOCIAL 👏

🌟 Hoje encerramos o ciclo de seminários sobre autismo em Criciúma com mais de 500 participantes! Foram vários ciclos pelo estado inteiro somando mais de 4 mil e 800 pessoas.
Em nome de toda a equipe agradeço a @janicekrasniak por ter auxiliado nossa frente parlamentar, um trabalho lindo que estamos fazendo. 
💙 Juntos por uma sociedade mais inclusiva! 

#Autismo #Inclusão #Criciúma #PepêCollaço #SeminárioAutismo #TransformaçãoSocial"
2024-07-07,13:14,facebook+instagram,FEED,https://www.instagram.com/p/C9H242nufKX/,https://www.facebook.com/1394493682493867/posts/863101832299724,140,6,146,,,,,,18034545241875273,864936030306107_863101832299724,"Te amo Filha!

Feliz aniversário, que Deus continue te guiando e abençoando teu caminho, sendo essa menina doce, maravilhosa e amada. Tanto o Papai quanto a mamãe temos muito orgulho de ti ❤️"
2024-07-05,23:20,facebook+instagram,FEED,https://www.instagram.com/p/C9DykVThHB6/,https://www.facebook.com/1394493682493867/posts/862218485721392,40,4,44,2,,,,,18028047893509802,864936030306107_862218485721392,"Exames clínicos agora também poderão ser feitos em farmácias de SC

https://upiara.net/exames-clinicos-agora-tambem-poderao-ser-feitos-em-farmacias-de-sc/"
2024-07-05,20:17,facebook+instagram,FEED,https://www.instagram.com/p/C9Ddn9-RZd4/,https://www.facebook.com/1394493682493867/posts/862157385727502,74,6,80,,,,,,18003501056340731,864936030306107_862157385727502,"O VERDADEIRO LEGISLADOR!

Por Milton Alves

https://diariodosul.com.br/colunistas/milton-alves/o-verdadeiro-legislador-34957"
2024-07-04,21:19,instagram,REELS,https://www.instagram.com/reel/C9A_bMtpnEr/,,116,13,129,,,,,,18003771740343892,,"UM RECADO AO STF 💥

O congresso nacional deve legislar sobre esse tema de descriminalização da maconha e não o STF, não é sua função e precisamos que isso seja RESPEITADO! 👊 

Diga não as drogas! ✋

#STF #Contraadescriminalizacao #naoasdrogas"
2024-07-03,19:54,instagram,REELS,https://www.instagram.com/reel/C8-RWZJpSYO/,,88,9,97,,,,,,18438926680047325,,"PROJETO EXAMES NAS FARMÁCIAS, aprovado! ✅

Facilitar a vida do catarinense é pra isso que trabalhamos, por isso nosso projeto prevê inúmeros exames rápidos que poderão ser feitos em farmácias perto da sua casa 😉"
2024-07-02,21:33,instagram,REELS,https://www.instagram.com/reel/C8730KgplUx/,,37,0,37,,,,,,18057165301617460,,"Apresentação emocionante! 👏 
Parabéns @orquestra.teresinha pelo trabalho com as crianças. 🎶"
2024-07-01,12:09,facebook+instagram,FEED,https://www.instagram.com/p/C84SmSyNvrG/,https://www.facebook.com/1394493682493867/posts/859531135990127,118,9,127,,,,,,18443004073001088,864936030306107_859531135990127,Sempre em defesa da INCLUSÃO! 🙌
2024-06-30,15:43,facebook+instagram,FEED,https://www.instagram.com/p/C82GVW5uPx0/,https://www.facebook.com/1394493682493867/posts/859048006038440,156,3,159,2,,,,,18190491874289953,864936030306107_859048006038440,Com esse friozinho aquela deliciosa sopa na 114ª Festa de São Pedro em Armazém é a melhor pedida! 🍲😋
2024-06-27,13:10,facebook+instagram,FEED,https://www.instagram.com/p/C8uGZxuIIrd/,https://www.facebook.com/1394493682493867/posts/857193219557252,149,4,153,1,,,,,18320871625180042,864936030306107_857193219557252,Saudade Delas! ❤ @brubrunelcollaco @manu_brunel_collaco
2024-06-26,19:30,instagram,REELS,https://www.instagram.com/reel/C8sNDohJJkW/,,124,19,143,,,,,,17869342095117344,,"MAIS DE 5️⃣ MILHÕES! 🌽

TUBARÃO 
📍Pavimentação da rua Adolfo José de Souza: R$ 750 mil 
📍Educação: R$ 300 mil 
📍Rede de Esgoto na rua Manoel Agostinho Pereira: R$ 300 mil 
📍Asfalto de vias na cidade: R$ 200 mil 
📍Pavimentação da rua Caruru: R$ 260 mil 
📍Pavimentação das ruas Odário Bernardinho e Dorivalda Bristot: R$ 200 mil 
📍 Pavimentação da rua Anastácio Theófilo Teixeira: R$ 200 mil 
📍Pavimentação João da silva, Jovencio Bernardo, Luiz Matheus: R$ 200 mil 

BRAÇO DO NORTE 
📍Infraestrutura e pontos de ônibus: R$ 400 mil 
📍Pavimentação rua Santa Della Giustina: R$ 150 mil 

GAROPABA 
📍Infraestrutura: R$ 800 mil 

GRÃO-PARÁ
📍 Saúde com cirurgias eletivas: R$ 200 mil 

IÇARA 
📍 Pavimentação rua 17 de dezembro: R$ 300 mil 
📍Novo centro comunitário no bairro Presidente Vargas: R$ 300 mil 

LAGES 
📍Castrações: R$ 150 mil 

MORRO DA FUMAÇA 
📍Pavimentações: R$ 300 mil 

URUBICI 
📍Pavimentações: R$ 500 mil 

Essas foram algumas das emendas do nosso gabinete chegando na sua prefeitura! 💥"
2024-06-24,12:09,facebook+instagram,FEED,https://www.instagram.com/p/C8mRCRXPxig/,https://www.facebook.com/1394493682493867/posts/855380889738485,125,6,131,2,,,,,18035415400979752,864936030306107_855380889738485,Precisamos de atenção ao desenvolvimento das nossas cidades! 👊
2024-06-22,11:47,facebook+instagram,FEED,https://www.instagram.com/p/C8hE8AkuSct/,https://www.facebook.com/1394493682493867/posts/854127706530470,29,19,48,,,,,,18029635094507782,864936030306107_854127706530470,"O ESPORTE MUDA VIDAS! 👊

Estamos entusiasmados com as skatistas catarinenses que disputam as últimas vagas para as Olimpíadas de Paris 2024. Isadora Pacheco e Yndiara Asp são os destaques na categoria park. 
A semifinal feminina acontece neste sábado, 22 de junho. Vamos torcer por elas!🛹💥

 #EsporteTransforma #OlimpíadasParis2024 #Skateboarding"
2024-06-20,21:53,instagram,REELS,https://www.instagram.com/reel/C8dAZbKOTQj/,,142,10,152,,,,,,17890475370028233,,"VISITE O FAROL DE LAGUNA! 🌅✨

ACERTOU QUEM PENSOU NO FAROL DE SANTA MARTA EM LAGUNA!

E a novidade é a seguinte: a visitação está liberada apenas entre os dias 17 e 23 de junho 📅, das 9h às 11h ⏰ e das 14h às 17h⏱️, obedecendo a ordem de chegada.

A iniciativa celebra os 133 anos do Radiofarol e a Semana da Marinha⚓️.

A entrada requer a doação de 1 kg de alimento não perecível🍞. Não perca essa oportunidade única!"
2024-06-20,12:09,facebook+instagram,FEED,https://www.instagram.com/p/C8b92zsPQjE/,https://www.facebook.com/1394493682493867/posts/852939053316002,21,1,22,3,,,,,18260623186245638,864936030306107_852939053316002,"NOS TEMPOS ATUAIS VIVEMOS O QUE FALAMOS LÁ ÁTRAS! #TBT

No Senado, debatemos a convite do Senador @esperidiaoamin sobre os fenômenos climáticos com foco no 'El Niño' e os desastres naturais crescentes em nosso país. Vivemos isso. 

Precisamos ver soluções, como por exemplo: Rotas alternativas a BR-101, Túnel do Morro dos Cavalos, redragagem de rios, mapeamento de possiveis abridos e os impacto de desastres na nossa economia. 🌍💬

Debater isso de maneira Macro, entendermos e ver o micro de uma maneira mais simples. 

#DebatesClimáticos #SenadoFederal #AçõesParaOFuturo"
2024-06-18,22:10,facebook+instagram,FEED,https://www.instagram.com/p/C8X5EgXOI7i/,https://www.facebook.com/1394493682493867/posts/852073540069220,26,6,32,4,,,,,18033373846998113,864936030306107_852073540069220,"Nosso projeto ganhando destaque! ✨

Os exames nas farmácias facilitará a vida dos catarinenses. Ainda falta ser aprovado em plenário 🫡"
2024-06-14,15:43,facebook+instagram,FEED,https://www.instagram.com/p/C8M5mmOu8G4/,https://www.facebook.com/1394493682493867/posts/849661950310379,323,25,348,1,,,,,17942478560821679,864936030306107_849661950310379,"É US GURI! 💥

A caminhada começa agora e vai até outubro, rumo a uma grande conquista. Garopaba no caminho certo! 🚀

Contem comigo! 👊💪 

#Garopaba #Eleições2024 #Prefeito #UZGURI"
2024-06-11,20:14,instagram,REELS,https://www.instagram.com/reel/C8Fo5KeplQT/,,127,26,153,,,,,,18036447616791528,,"APROVADO NA CCJ ✅

🇮🇹🍽️ O Tombo da Polenta como patrimônio cultural imaterial de Santa Catarina foi aprovado hoje na alesc. Essa tradição, trazida pelos imigrantes italianos, simboliza união familiar e é um tesouro vivo da nossa cultura. Vamos valorizar e preservar essa herança! 💛🌽

 #CulturaImaterial #TomboDaPolenta #SantaCatarina"
2024-06-09,00:53,facebook+instagram,FEED,https://www.instagram.com/p/C7-bx_axi_8/,https://www.facebook.com/1394493682493867/posts/846576913952216,209,4,213,1,,,,,18016073249357569,864936030306107_846576913952216,Momento de muita oração onde nos preenchemos de fé e amor. Recebendo as bençãos de Santo Antônio em Laguna. 🙏
2024-06-08,16:55,facebook+instagram,FEED,https://www.instagram.com/p/C79lDH1Rd-6/,https://www.facebook.com/1394493682493867/posts/846408617302379,129,4,133,2,,,,,18003425057335075,864936030306107_846408617302379,"Nosso pré-candidato a prefeito de Gravatal, Clei, está mais do que preparado! Sua administração tem sido exemplar, com ações concretas e resultados em todas as áreas. 

Temos a certeza que juntos vamos construir um futuro ainda melhor para Gravatal e nossa gente!"
2024-06-08,00:01,facebook+instagram,FEED,https://www.instagram.com/p/C77xF8FOxne/,https://www.facebook.com/1394493682493867/posts/845994424010465,59,12,71,3,,,,,18029784170106967,864936030306107_845994424010465,"QUE PRESENTE DE JAGUARUNA! 

Obrigado a todos pelo reconhecimento do trabalho e esforço em estar presente aí no município. Receber isso no meu primeiro ano de mandato me deixa muito emocionado."
2024-06-05,22:15,facebook+instagram,FEED,https://www.instagram.com/p/C72bUaUuW3T/,https://www.facebook.com/1394493682493867/posts/844812130795361,48,3,51,3,,,,,17902597562991876,864936030306107_844812130795361,"PASSANDO PRA AVISAR 🗣️
Que o seminário estadual Autismo de Joinville está com as inscrições encerradas, porque LOTOU! 🚀🥹

Ele acontece dia 27/06 pra falar de diagnóstico, intervenção precoce e comportamento. Esse é mais um seminário da Frente Parlamentar em Defesa da Pessoa com Espectro Autista e vários parceiros! Parabéns a todos. 👏

#autismo"
2024-06-04,13:18,facebook+instagram,FEED,https://www.instagram.com/p/C7y5BnaOGGR/,https://www.facebook.com/1394493682493867/posts/844039094205998,213,31,244,2,,,,,17936743805837431,864936030306107_844039094205998,"Querido Pai, hoje é dia de te lembrar o quanto você me inspira, o quanto te amo, o quanto você é fundamental nas nossas vidas. Feliz aniversário! Sua sabedoria, força e carinho são os maiores presentes que você me dá. 

Que o próximo ano traga ainda mais felicidade, saúde e realizações. 👏"
2024-06-02,14:57,facebook+instagram,FEED,https://www.instagram.com/p/C7t60OYuaW9/,https://www.facebook.com/1394493682493867/posts/842982564311651,297,14,311,,,,,,18070311961516168,864936030306107_842982564311651,"Quem aí aceita uma tainha na telha? 🤤🐟

Pode ir pra Quermesse em Garopaba que lá tem uma caprichada! Comida boa, tradição, cultura e família é o que essa festa linda representa. 

Parabéns aos envolvidos 👏"
2024-06-01,15:18,instagram,REELS,https://www.instagram.com/reel/C7rX3n5u-gz/,,251,48,299,,,,,,17875035204092327,,"CHEIRINHO DE SUCESSO! 💥 

Destinamos 1,5 milhão para reperfilagem de ruas em nossa cidade. A rua Manoel Pedro Flor já está sendo finalizada e a João Goulart já foi concluída. Em breve, será a vez da José Domingos Bittencourt. 

Esse é só o começo do nosso compromisso com o desenvolvimento de Capivari! 🚀

💪🛣️ #Obra #Recurso #Asfalto #CapivariDeBaixo #CapivariEmTransformação"
2024-05-31,16:28,instagram,FEED,https://www.instagram.com/p/C7o7sjEufdh/,,18,2,20,,,,,,18334287667190356,,Um absurdo! 💥
2024-05-29,21:40,instagram,REELS,https://www.instagram.com/reel/C7kT53uuIaY/,,210,25,235,,,,,,18072758644457369,,"CAMPEÕES DE JIU-JITSU DE PESCARIA BRAVA! 🥋🏆

Homenagem aos talentosos atletas de jiu-jitsu de Pescaria Brava, pelo seu destaque no Campeonato Brasileiro da modalidade. Proposto pelo deputado Collaço, o evento celebrou não apenas as conquistas esportivas, mas também o importante trabalho social realizado na região, proporcionando oportunidades de crescimento pessoal para crianças e adolescentes. 

Um verdadeiro orgulho para o estado! 🚀

#JiuJitsu #Alesc #SantaCatarina"
2024-05-28,20:16,facebook+instagram,FEED,https://www.instagram.com/p/C7hnTDQJtnF/,https://www.facebook.com/1394493682493867/posts/840349581241616,45,1,46,5,,,,,17982899756523729,864936030306107_840349581241616,"🎙️ Novo episódio! 

O podcast Ordem do Dia @assembleiasc 💬 foi muito legal! 

Falamos sobre meu projeto de lei que busca regulamentar a realização de exames de análises clínicas nas farmácias de SC. Discutimos os benefícios e a importância dessa iniciativa para nossa saúde. 🏥🔬

Não percam!

 #PodcastAlesc #PepêCollaço #SaúdePública #Inovação #Farmácias #SantaCatarina #Alesc"
2024-05-27,12:31,instagram,REELS,https://www.instagram.com/reel/C7eNCUoOtLs/,,191,13,204,,,,,,18440615629041985,,"🎉🎂 Parabéns, Tubarão! Hoje você completa 154 anos de história e força! 🇧🇷✨

Seu nome, que vem do Rio Tubarão, significa “Pai Feroz” e reflete a coragem e resiliência do seu povo. 🌊💪

Os tubaronenses são a verdadeira riqueza desta cidade linda de Santa Catarina. Com paisagens de tirar o fôlego e um espírito acolhedor, Tubarão brilha no sul do Brasil. 🌅💖

Que venham muitos anos de prosperidade e união! Viva Tubarão! 🎉🎈

#AniversárioTubarão #Tubarão153Anos #SantaCatarina #OrgulhoTubarão #CidadeForte #VivaTubarão"
2024-05-26,14:05,instagram,REELS,https://www.instagram.com/reel/C7by435OOYU/,,117,12,129,,,,,,18061582867577468,,"MAIO LARANJA, CONSCIENTIZE-SE! 🧡

Precisamos nos unirmos contra o abuso e a exploração sexual infantil. Conscientize-se e faça a diferença!

 #MaioLaranja #ProtejaNossasCrianças"
2024-05-24,18:54,instagram,REELS,https://www.instagram.com/reel/C7XJjKeJ6df/,,72,4,76,,,,,,18029268899290573,,"A REGIÃO SUL MAIS DESENVOLVIDA!🌟

Com portos, aeroportos e duplicações estratégicas, nossa região está se tornando cada vez mais atrativa para grandes empresas. Isso significa mais empregos e desenvolvimento para nossas cidades! 📈

A prova disso é a chegada da Eiko em Laguna, a maior multinacional de baterias de lítio do mundo! 🌍🔋 Seja bem-vinda! 🙏

Fazer parte dessa conexão entre as necessidades da região e o poder público é o que me faz sentir que estamos no caminho certo para o progresso! 🚀

#Desenvolvimento #Empregos #Progresso #RegiãoSul #Eiko #Laguna"
2024-05-22,20:41,facebook+instagram,FEED,https://www.instagram.com/p/C7SNaN7JMPc/,https://www.facebook.com/1394493682493867/posts/836983428244898,131,5,136,4,,,,,18049952635634855,864936030306107_836983428244898,"UNIDOS PELO COMBATE AO CÂNCER🌸 

Na Rede Feminina de Combate ao Câncer de Tubarão, elas lutam e trabalham diariamente contra o câncer e celebram a cada vitória. 

Nos batemos palmas pra esse trabalho diferenciado que elas fazem. Parabéns mulheres 👏✨ 

#ForçaFeminina #LutaContraOCâncer #JuntasSomosMaisFortes"
2024-05-22,14:38,instagram,REELS,https://www.instagram.com/reel/C7RioHgu2xi/,,61,3,64,,,,,,18239212990252163,,"O PROJETO DO DUODÉCIMO DA DEFESA CIVIL! 👊
✅ Aprovamos a PEC que garante mais recursos para a Defesa Civil na CCJ. 

O que isso significa?⬇️

A PEC torna obrigatório o repasse de 0,5% das receitas do Estado para o Fundo Estadual da Defesa Civil. Isso vai garantir mais verba para ações de prevenção e combate a desastres naturais.🫡
Esse valor será repassado automaticamente, como um “duodécimo”, igual ao que acontece com outros poderes. Ou seja, mais segurança e previsibilidade para a Defesa Civil!
️ 70% dos recursos serão usados para lidar com ocorrências e desastres, e 30% para ações de prevenção. Assim, vamos estar mais preparados para enfrentar os desafios!
Se no final do ano não tivermos desastres, o dinheiro que sobrar vai para um fundo de reserva permanente. Mais segurança para o futuro!
Essa PEC é fundamental para proteger nossa população e nosso Estado!  Precisamos do apoio de todos para que ela seja aprovada em plenário!

Juntos, podemos construir um futuro mais seguro para todos! 🤝

 #defesacivil #pec #segurança #prevenção #santacatarina #brasil"
2024-05-21,13:44,instagram,FEED,https://www.instagram.com/p/C7O4915uCzq/,,12,1,13,,,,,,18027133211290553,,"🗣️🚨 APOIO À PEC 08/2021! 🚨🗣️

Decisões mais justas e equilibradas no STF são essenciais. Vamos priorizar a colegialidade e garantir o direito à defesa!

Conte com meu apoio @esperidiaoamin 💪 #PEC082021 #JustiçaParaTodos #DireitoADefesa"
2024-05-20,21:57,facebook+instagram,FEED,https://www.instagram.com/p/C7NMjd0uTPu/,https://www.facebook.com/1394493682493867/posts/835816488361592,106,10,116,1,,,,,17970293516602549,864936030306107_835816488361592,"INSCRIÇÕES ESTÃO ABERTAS! 💥🧩

Seminário Estadual de Autismo - diagnóstico, intervenção precoce e comportamento serão os temas abortados.  

📍 Joinville - Univille 
🗓️ 27/06 
⏰07h30 

Inscreva-se no site da @escoladaalesc 
Esses seminários estão acontecendo em 6 regiões do estado e é resultado de muito trabalho da nossa Frente Parlamentar em Defesa da Pessoa com Espectro Autista com várias entidades que defendem essa causa. 👏 Estamos juntos! 👊"
2024-05-17,21:56,instagram,REELS,https://www.instagram.com/reel/C7Fd8RIOqXM/,,145,21,166,,,,,,18022440161175873,,"MIGRAÇÃO DO RIO GRANDE DO SUL PARA SANTA CATARINA! 🙏
Vamos pensar e executar projetos para abrigar nossos vizinhos gaúchos com estruturas do governo do estado. O Extremo Sul já está recebendo, e precisamos pensar nesse desafio de maneira macro, com saúde, educação e infraestrutura das cidades sendo preparadas. 

O catarinense é conhecido por sua hospitalidade e solidariedade, esse é mais um momento para nos unirmos. 🙌

 #Solidariedade #Apoio #JuntosSomosMaisFortes"
2024-05-15,19:53,instagram,REELS,https://www.instagram.com/reel/C7AFqHzOr5C/,,56,6,62,,,,,,18042434743677227,,"DEFENDO COM UNHAS E DENTES A REDRAGAGEM 🫡

Precisamos investir na prevenção desses desastres naturais, precisamos estar na frente para salvarmos vidas!

Obrigado ao colega @fernando.krelling que reconhece essa minha luta diária e apoia esse cuidado com o Sul, que também sofre com enchentes.  Prevenção é o caminho! 👊"
2024-05-13,19:40,facebook+instagram,FEED,https://www.instagram.com/p/C667RYJu3Jj/,https://www.facebook.com/1394493682493867/posts/831469795462928,99,10,109,1,,,,,18052103236577090,864936030306107_831469795462928,Sofremos com medidas unilaterais que não levam em consideração as comunidades que ficam condicionadas as marginais da nossa BR-101. Temos que ser ouvidos! 🛣️👊
2024-05-12,23:23,instagram,REELS,https://www.instagram.com/reel/C64v2E9umxS/,,71,5,76,,,,,,18058254946574640,,"O FINAL PODE TE SURPREENDER 🏃‍♂️👀

Por aqui tentamos desgastar o que comemos na semana que foi cheia de sabores do estado de SC. Comidas típicas, muita cultura, conversas boas e trabalho! 🚀"
2024-05-10,19:35,facebook+instagram,FEED,https://www.instagram.com/p/C6zMVJqOupu/,https://www.facebook.com/1394493682493867/posts/829680415641866,68,5,73,1,,,,,18044812984776940,864936030306107_829680415641866,"ALTO VALE COM QUALIDADE ✅

É nesses momentos que sentimos orgulho de sermos progressistas, gente do bem querendo o melhor para a suas cidades e montando times qualificados pra isso. 👏

Vamos juntos com muito trabalho, dedicação e querendo o melhor pra região. Nosso roteiro foi: 

📍Ituporanga, 
📍Agrolândia, 
📍Trombudo Central, 
📍Rio do Oeste, 
📍Witmarsum, 
📍Vitor Meireles e 
📍Rio do Sul
📍Gaspar 

👏👏👏👏👏

#roteiro #altovale"
2024-05-07,20:42,facebook+instagram,FEED,https://www.instagram.com/p/C6rlnd5Ov6w/,https://www.facebook.com/1394493682493867/posts/827964489146792,50,4,54,,,,,,18033896428788183,864936030306107_827964489146792,"ALESC MAIS PERTO DE VOCÊ! 🤝

O Programa Alesc Itinerante chega a Blumenau para estreitar laços entre o Parlamento e a comunidade em comemoração aos seus 190 anos. Aqui, 12 entidades apresentaram seus trabalhos e demonstraram a importância de ter grupos organizados em defesa de diversas causas como Parkinson, Autismo, Esportes e várias outras.

Juntos, debatendo e agindo, construímos um futuro melhor para o Vale do Itajaí. Além de trazer o parlamento mais próximo da população. 🏛️💬  

#AlescItinerante #Democracia #ParticipaçãoCidadã"
2024-05-06,23:05,instagram,REELS,https://www.instagram.com/reel/C6pQ6rXuwqz/,,122,10,132,,,,,,18025551596497631,,"Casa dos Autistas de Agrolândia! 🧩

Um trabalho lindo e emocionante, onde pude falar sobre os seminários de autismo que estão ocorrendo em todo o estado. Além de visitar essa Casa que faz um lindo trabalho. Juntos, vamos continuar lutando por uma sociedade mais inclusiva e acolhedora. 🤝

#Autismo #Inclusão #Agrolândia"
2024-05-03,19:27,facebook+instagram,FEED,https://www.instagram.com/p/C6hJ6jpPHvS/,https://www.facebook.com/1394493682493867/posts/825624402714134,85,5,90,5,,,,,18266308366226903,864936030306107_825624402714134,"ESTAMOS PREPARADOS! 💪

A cada evento realizado, um grupo está preparado para construir um futuro melhor em suas cidades. Orgulho de fazer parte desse time. 1️⃣1️⃣✅

#capacita11 #progressistassc #progressistas lideranças #eleicoes"
2024-05-01,15:25,facebook+instagram,FEED,https://www.instagram.com/p/C6bkjs8uPsE/,https://www.facebook.com/1394493682493867/posts/824361572840417,82,8,90,,,,,,17990324624486436,864936030306107_824361572840417,"TRABALHO SÉRIO E COMPROMETIDO! 💪

No dia do trabalhador venho prestar contas da Frente Parlamentar em Defesa da Pessoa com espectro Autista, estamos sempre de olho nas ações, resultados e o que podemos melhorar. 

Confira nossas conquistas em prol da comunidade autista! 🧩

#DiaDoTrabalhador #FrenteParlamentarTEA #PrestaçãoDeContas"
2024-04-30,20:17,facebook+instagram,FEED,https://www.instagram.com/p/C6ZhKtQudIK/,https://www.facebook.com/1394493682493867/posts/823881299555111,33,0,33,,,,,,17925242066860262,864936030306107_823881299555111,"PM E BOMBEIROS SOLICITANDO INVESTIMENTOS! 🚒👮‍♂️

A PM apresentou o projeto de nova base em Içara e o Corpo de Bombeiros em Arroio Silva, ambos estão empenhados em melhorar suas estruturas para atender melhor a população. 

Juntos, a Bancada do Sul se comprometeu em buscar o apoio com o Governo para um futuro mais seguro com esses investimentos. 

📸 @brunocollaco / TVAL @assembleiasc 

 #BancadaDoSul #Segurança #TrabalhoEmEquipe"
2024-04-30,13:55,instagram,REELS,https://www.instagram.com/reel/C6Y1LUIuRhS/,,90,17,107,,,,,,17994435353430689,,"GAFE COMETIDA! 👀 Mas 100 mil foram destinados a rede feminina! 💖

Nosso trabalho vai chegando em cada cantinho de Santa Catarina, e esse recurso foi um reconhecimento a todo o trabalho da @redefemininatubarao que se dedicam a uma causa tão importante quanto ao combate ao câncer. 👏

Parabéns mulheres vocês merecem! 🙌"
2024-04-29,22:38,instagram,REELS,https://www.instagram.com/reel/C6XMVwauqLg/,,224,22,246,,,,,,17850216630163460,,"Balneário Camboriú foi um sucesso!✨ Com 600 participantes, o evento sobre autismo trouxe informação e conscientização para todos. 🧩

📍Próximas paradas: São Miguel do Oeste, Rio do Sul, Criciúma e Joinville. 
Junte-se a nós nessa jornada de conhecimento e inclusão! 🙌

#AbrilAzul #ConscientizaçãoTEA #autismosc"
2024-04-28,20:19,instagram,REELS,https://www.instagram.com/reel/C6UW88iuvlb/,,52,17,69,,,,,,17895074777996690,,"PÉ NA ESTRADA! 🦶🛣️

Com direito a ministério do Trabalho pra a viabilização do Túnel do Morro dos Cavalos e roteiro pelas cidades: 
📍Imbituba 
📍Nova Veneza 
📍Criciúma
📍Cocal do Sul 
📍Urubici 
📍Lages 
📍São Joaquim
📍Tubarão 
📍Capivari de Baixo 
📍Pedras Grandes 
Cansou só de ler né? Imagina participar do Capacita 11 e visitar várias lideranças! 😉 O trabalho não para! 🏞️✨ #SerraCatarinense #Cultura #Inovação #Progressistas"
2024-04-26,18:56,instagram,REELS,https://www.instagram.com/reel/C6PDviFOWi4/,,96,10,106,,,,,,18087066406435724,,"🏥A defesa do Hospital Nossa Senhora da Conceição é crucial diante das dificuldades enfrentadas pelo sistema de saúde público no Brasil. 

Não é um problema simples. 🧐
A tabela SUS muitas vezes não cobre os custos reais dos procedimentos, tornando complexa a gestão financeira dos hospitais, especialmente os de alta complexidade pela necessidade de zerar algumas filas de cirurgias. 
Buscaremos alternativas para a  saúde financeira, mesmo diante desses desafios, vejo que a Bancada do Sul pode ter algumas ações junto com a Secretaria do Estado de Saúde pra compreender e melhorar esses casos."
2024-04-25,21:46,instagram,REELS,https://www.instagram.com/reel/C6MxqZGu7nT/,,105,11,116,,,,,,18079990603421130,,"ATENÇÃO! 👀
 O projeto do Morro dos Cavalos está recebendo atenção prioritária do ministro @renanfilho para a elaboração do projeto do Túnel do Morro dos Cavalos. Isso é um grande passo para a segurança e desenvolvimento da região, uma urgência que está sendo sinalizada com atenção. #PrioridadeMorroDosCavalos 🏞️"
2024-04-22,21:04,instagram,REELS,https://www.instagram.com/reel/C6E_4F0OiNx/,,273,52,325,,,,,,17917087256910051,,"Redragagem do Rio Tubarão! 👀

É crucial atualizar o projeto para evitar desastres. Já testemunhamos os impactos em nossa cidade e vemos em tantas outras. 🥲
Atualizar é o primeiro passo, pra conseguir investimentos e previnir enchentes. Vamos! 🫵

#Prevenção #AtualizaçãoDoProjeto"
2024-04-20,15:32,instagram,REELS,https://www.instagram.com/reel/C5_QOxJOrIU/,,469,104,573,,,,,,17981802974649158,,"A SELEÇÃO DA BOA POLÍTICA 🇧🇷 

Essa taça a gente ergue com orgulho. 🏆

O Progressista Santa Catarina se consolidou ao longo da história porque tem como vocação trabalhar pelas pessoas e trazer resultado para os municípios. Sua história é feita por grandes lideranças que são referência em gestão pública, transparência e honestidade. 

Um novo capítulo começa a ser escrito para as eleições 2024 depois do Capacita 11. Estamos vindo com tudo, com uma seleção de craques que vai dar um baile nos gramados!

🏃🏼⚽️ 💨

#ProgressistasSC #progressistas"
2024-04-20,00:04,instagram,REELS,https://www.instagram.com/reel/C59mUcCOFtL/,,244,15,259,,,,,,17902329611970319,,"SERRA DO CORVO BRANCO 🚧 OBRA RETOMADA! ✨

A retomada dessa obra é um passo importante para o desenvolvimento de Urubici e de toda Santa Catarina. Parabéns à Prefeita @marizaccosta pelo empenho nesse investimento crucial para a nossa região. 
Vamos juntos acompanhar e apoiar esse progresso! 🚧🏞️ #SerraDoCorvoBranco #Desenvolvimento #Urubici #SantaCatarina"
2024-04-18,22:03,instagram,REELS,https://www.instagram.com/reel/C56zooQOaA9/,,101,10,111,,,,,,17995660532380398,,"🌟INVESTIMENTO EM INCLUSÃO! 

Apae de Capivari de Baixo está fazendo um trabalho incrível que me emociono ao apoiar! 💪

Enviei 100 mil reais para ajudar na construção de salas e os recursos estão sendo bem direcionados! Não há como não se emocionar, histórias de famílias que superam todos os desafios! 🙌 

#Inclusão #ApoieAPAECapivari #ConstruindoFuturos #EmoçãoSemLimites"
2024-04-16,23:06,instagram,REELS,https://www.instagram.com/reel/C51xVloO02U/,,415,51,466,,,,,,18004257872426892,,"🕕6 HORAS! 

Um absurdo que conhecemos muito bem! Enquanto o sul ficou isolado, enfrentei estradas de chão que deveriam ter investimentos como rotas alternativas. 💼 
Hoje, cobrei melhorias para garantir rotas alternativas viáveis quando a BR-101 ficar bloqueada. Não é a primeira vez que enfrentamos isso. 🛣️ 

Agora, é com o governo agir e melhorar essas estradas.

 #Infraestrutura #BR101 #RotasAlternativas"
2024-04-16,17:09,facebook+instagram,FEED,https://www.instagram.com/p/C51IiJgOreN/,https://www.facebook.com/1394493682493867/posts/815942683682306,67,1,68,1,,,,,18348643177103145,864936030306107_815942683682306,"🌟🧩👏 Emocionante! 

A Feamas recebeu uma merecida homenagem na Alesc por seu incansável trabalho em prol do autismo. Gratidão a todos que tornam possível essa jornada de inclusão e acessibilidade! 💙 

Parabéns a todas as Amas e em especial a @catia_cp7 que ajuda a anos na causa!🫡🧩

📸 @brunocollaco 

#Autismo #Inclusão #Gratidão"
2024-04-16,00:25,instagram,REELS,https://www.instagram.com/reel/C5zVVn8OEuf/,,118,12,130,,,,,,18125078173343512,,"À DEDICAÇÃO DAS FEAMAS COM AS PESSOAS COM TEA! 👏

É isso que homenageamos essa noite na Sessão Solene, um reconhecimento ao trabalho, dedicação e carinho a todos que participam do dia a dia das Amas. Vamos juntos reconhecendo essa causa! 🫡🧩"
2024-04-09,21:00,facebook+instagram,FEED,https://www.instagram.com/p/C5jhdTkOEiB/,https://www.facebook.com/1394493682493867/posts/812088877401020,77,12,89,3,,,,,17992933517421541,864936030306107_812088877401020,"MINHA PARTE FAVORITA! 👀

A Comissão de Constituição e Justiça desempenha um papel crucial no processo legislativo, com certeza a comissão que mais atuo, garantindo a conformidade das leis com a Constituição e a justiça. Sua função é fundamental para a democracia e o Estado de Direito. 
Valorizo muito esse trabalho e a importância de garantir que nossas leis sejam justas e constitucionais, porque os debates acontecem aqui! 👊

 #CCJ #Democracia #EstadoDeDireito"
2024-04-08,21:52,instagram,REELS,https://www.instagram.com/reel/C5hBdN1uhP6/,,325,45,370,,,,,,18010413140118092,,"ABSURDO NO BAIRRO SÃO CRISTÓVÃO! 👊

A CCR tem que repensar a mobilidade urbana que está afetando o bairro São Cristóvão. Vem comigo entender o que está acontecendo e como isso impacta a vida de todos. 🚗🚧 

#MobilidadeUrbana #CCR #Comunidade"
2024-04-07,20:58,facebook+instagram,FEED,https://www.instagram.com/p/C5eXn5fOhpw/,https://www.facebook.com/1394493682493867/posts/811013654175209,120,10,130,24,,,,,17926093847853906,864936030306107_811013654175209,"Sabemos a censura e a arbitrariedade que estamos vivendo. Só não vê quem não quer, ou quem ganha algo com isso.. 💥"
2024-04-04,15:20,facebook+instagram,FEED,https://www.instagram.com/p/C5WCi5AuKXE/,https://www.facebook.com/1394493682493867/posts/809271181016123,77,6,83,,,,,,18144404278315452,864936030306107_809271181016123,"FOI BOM DEMAIS PRA NÃO VIRAR TBT! 🧩

Fizemos o nosso melhor e foi um sucesso o evento sobre autismo em Tubarão, onde mais de 800 pessoas se uniram para trocar experiências e aprender sobre a realidade dos autistas. Um momento que nos enche de orgulho e esperança! ✨

Não esqueça que tem Balneário Camboriú no final do mês! Faça sua inscrição no site da @escoladaalesc ⬅️

📸 Rodolfo Espínola - TVAL @assembleiasc 

#TBT #Autismo #Inclusão #PepeCollaço"
2024-04-03,22:28,instagram,REELS,https://www.instagram.com/reel/C5UOUSnOC9b/,,186,21,207,,,,,,17917467359905832,,"A CCR TEM QUE NOS OUVIR! 🗣️

Nossas marginais da BR-101 estão sendo alteradas sem ouvirem as necessidades das comunidades e avaliarem o que é melhor para a mobilidade. 🛣️

Cidades como Garopaba, Imbituba, Capivari de Baixo, Sangão, Pescaria Brava e Tubarão estão com vários problemas de acesso e precisamos que a CCR e a @anttagencia revejam suas ações que limitam nosso direito de ir e vir. 

UM ABSURDO!💥"
2024-04-02,16:03,instagram,REELS,https://www.instagram.com/reel/C5Q9xM6uj11/,,228,26,254,,,,,,17918819336873002,,"EU DEFENDO O AUTISMO E VOCÊ? 🧩

Essa pauta é uma das minhas bandeiras, não só hoje no dia do autismo, mas desde o começo do meu mandato. 🙌

#autismo #defendoautismo #conscientizacaoautista #deputadoestadual #pepecollaço"
2024-03-31,13:10,instagram,REELS,https://www.instagram.com/reel/C5LgLgfudSm/,,73,11,84,,,,,,17872324581076778,,"Jesus ressuscitou pra que nós pudéssemos estar aqui! 🙏
 O melhor feliz Páscoa que poderíamos dar a vocês, muita paz e amor ❤️🐰"
2024-03-27,18:18,instagram,REELS,https://www.instagram.com/reel/C5BwHPCuCXL/,,201,18,219,,,,,,18016844888485746,,"Um bombom pra alegrar a tarde de todo mundo que passa no Gabinete 34!

☕️+🍬=😍

Um jeito simples de adoçar a vida de todos, feito com muito amor e carinho pela Equipe 34. Páscoa é isso! ✨❤️"
2024-03-26,20:43,facebook+instagram,FEED,https://www.instagram.com/p/C4_cUbsOppS/,https://www.facebook.com/1394493682493867/posts/804326251510616,110,7,117,2,,,,,17917262102902179,864936030306107_804326251510616,"Progressistas, em frente! 🚀

#progressistas #progressistassc #pepecollaco #deputadoestadual"
2024-03-25,23:47,instagram,FEED,https://www.instagram.com/p/C49MnWbOOYx/,,168,16,184,,,,,,18427807819058183,,"Um passo importante para o futuro de Tubarão! 👊😉

Dia de filiar o dr. Jean ao Progressista, marcando sua pré-candidatura à prefeitura. 

Animados com as possibilidades que estão por vir e com o compromisso de cuidar da nossa cidade. Juntos, vamos construir um futuro melhor para Tubarão! 💪 

#Progressista #Tubarão #filiação"
2024-03-25,15:55,instagram,REELS,https://www.instagram.com/reel/C48Wb8HuSvf/,,202,14,216,,,,,,18226559419259818,,"Junte-se a nós na busca pela redragagem do Rio Tubarão! A obra é nossa maior defesa para evitar uma catástrofe como a de 50 anos atrás. 👊 

#redragagem #riotubarao #tubarao #pepecollaco #deputadoestadual"
2024-03-22,18:27,instagram,REELS,https://www.instagram.com/reel/C40464BO-Sg/,,109,7,116,,,,,,17858313666113303,,"MAIS DE 800 PESSOAS! ✨🧩

A cidade de Tubarão discutiu e aprendeu sobre diagnóstico, intervenção precoce e comportamento no TEA, marcando um passo significativo rumo à inclusão e ao entendimento.

Nossa Frente Parlamentar em Defesa da Pessoa com Espectro Autista mostrou sua força e esses depoimentos são a prova disso. 
Juntos, estamos fazendo a diferença! 💙 

#Autismo #Inclusão #Educação"
2024-03-21,17:56,instagram,REELS,https://www.instagram.com/reel/C4yQkGEOqkT/,,62,5,67,,,,,,17929706228749809,,"UNIVERSIDADE GRATUITA 📚

Um programa que impacta na vida dos catarinenses e vimos isso no último evento feito na @unescoficial pela @lucianebceretta. Foi lindo! 👏"
2024-03-20,19:21,instagram,REELS,https://www.instagram.com/reel/C4v1rzZu17p/,,78,6,84,,,,,,17848840032172119,,"AUTISMO EM PAUTA! 🧩

Sexta nosso encontro é no Seminário Estadual sobre Autismo, em Tubarão. Será um sucesso, já salva na agenda! 🤝

#lembrete #post-it #trabalho"
2024-03-18,23:56,facebook+instagram,FEED,https://www.instagram.com/p/C4rMDaKOqW5/,https://www.facebook.com/1394493682493867/posts/800078018602106,330,8,338,,,,,,17882554086023506,864936030306107_800078018602106,"Que emocionante presenciar a alegria de um universitário se formando e compartilhando esse momento especial com sua família! A energia do programa de universidade gratuita em Criciúma foi contagiante. ✨

Apoiar a educação nunca foi tão gratificante. Vamos juntos nessa jornada pela valorização da educação! 🎓💫 

#EducaçãoÉOportunidade #UniversidadeGratuita #ApoioÀEducação"
2024-03-17,21:49,instagram,REELS,https://www.instagram.com/reel/C4oYWzsOsS8/,,124,7,131,,,,,,18002728943238998,,Um pouco de eleições nesse bate-papo com a @unitvsc 🙌
2024-03-13,19:58,instagram,REELS,https://www.instagram.com/reel/C4d4SiKue_n/,,356,29,385,,,,,,18030967090917910,,"🧩SEMINÁRIO DE AUTISMO! 

Anote as datas: 
📍Tubarão (22/03)
📍Fraiburgo (26/03)
📍Balneário Camboriú (29/04) 
📍São Miguel do Oeste (24/05)
📍Rio do Sul (07/06)
📍Criciúma (14/06) 
📍Joinville (27/06)

Faça sua inscrição no site da @escoladaalesc"
2024-03-12,16:48,instagram,REELS,https://www.instagram.com/reel/C4a9AH5uNTt/,,58,3,61,,,,,,18007323947130617,,"Complete a frase: SER PROGRESSISTA É… 💙

Mais de 150 pessoas foram filiadas ontem em Laguna, os pré-candidatos já estão preparados e o encontro Progressista foi lindo! 👊 

Parabéns a toda a equipe! Bora pra cima! 🚀"
2024-03-11,17:07,instagram,REELS,https://www.instagram.com/reel/C4YbFgBOxO8/,,75,4,79,,,,,,18020825840099228,,"Que incrível ver o impacto positivo da bancada do Sul! 👊

Esses R$2 milhões para a UTI de Braço do Norte vão fazer toda a diferença na saúde dos catarinenses.🏥

 #BancadaDoSul #SaúdeMelhor #ImpactoPositivo"
2024-03-09,21:00,facebook+instagram,FEED,https://www.instagram.com/p/C4Tsv4UOpUD/,https://www.facebook.com/1394493682493867/posts/795388245737750,142,7,149,,,,,,18247322857216977,864936030306107_795388245737750,"Unindo forças para o futuro das nossas cidades 🤝✨ Articulações e política formando times pra mais um ano de eleições. Essas são só algumas notícias que mostram nosso trabalho. Vamos pra cima! 🚀

#EquipeForte #PolíticaComPropósito"
2024-03-08,11:27,facebook+instagram,FEED,https://www.instagram.com/p/C4QGcnSukd6/,https://www.facebook.com/1394493682493867/posts/794636782479563,152,5,157,1,,,,,18423288346040571,864936030306107_794636782479563,"Elas são tudo pra mim!  minha razão de viver, minha alegria, meu mundo. É por elas que dou o meu melhor todos os dias. A todas as mulheres, desejo um feliz Dia da Mulher! 💐 

Que vocês conquistem ainda mais espaços e realizem seus sonhos. Porque, se depender da minha casa, vocês já têm o mundo nas mãos. 🚀💖

 #DiaDaMulher #Empoderamento #MulheresMaravilhosas #AmorEAdmiração"
2024-03-07,20:40,instagram,REELS,https://www.instagram.com/reel/C4Og68mu7-F/,,46,5,51,,,,,,18043361524639643,,"Aqui o trabalho não para e o tempo voa, como a bola do jogo de taco! 🚀👊"
2024-03-07,15:38,facebook+instagram,FEED,https://www.instagram.com/p/C4N-UQquWRk/,https://www.facebook.com/1394493682493867/posts/794212632521978,76,4,80,1,,,,,18010908719512785,864936030306107_794212632521978,Entrando na #trend e mostrando resultado! 😉👊
2024-03-06,20:40,facebook+instagram,FEED,https://www.instagram.com/p/C4L8JWouXL3/,https://www.facebook.com/1394493682493867/posts/793816295894945,43,2,45,1,,,,,18423507922047855,864936030306107_793816295894945,Essa é a minha opinião!👊 Qual é a sua?👀
2024-03-06,16:33,facebook+instagram,FEED,https://www.instagram.com/p/C4Lf3IPuV-d/,https://www.facebook.com/1394493682493867/posts/793723489237559,238,25,263,1,,,,,17865444420089962,864936030306107_793723489237559,"😁Alegria em trazer alguém que é uma referência dentro e fora das quadras, como você, para o nosso time. Um destaque no esporte em Tubarão, como goleiro de futsal, você foi o melhor que já vimos. ⚽️

Nosso time progressista fica mais forte com você, amigo. Seja bem-vindo e que comece a pré-campanha! 👊"
2024-03-03,14:12,instagram,REELS,https://www.instagram.com/reel/C4Df724uaji/,,184,10,194,,,,,,18028550494913523,,"DE OLHO NAS ESTRADAS! 👀 

A Serra do Corvo Branco necessita de atenção, uma obra que já dura mais de 10 anos, com muitos buracos na pista e partes sem asfalto. 🛣️

O Governo Federal liberou recursos para essa obra e em breve o Governo Estadual estará fazendo essa obra tão importante pro nosso turismo!"
2024-03-02,22:02,facebook+instagram,FEED,https://www.instagram.com/p/C4ByR4EOx8T/,https://www.facebook.com/1394493682493867/posts/791778726098702,149,3,152,,,,,,18290582884080364,864936030306107_791778726098702,"A serra catarinense é linda, e eu posso provar! 😉

📍 Serra do Corvo Branco"
2024-03-01,19:47,facebook+instagram,FEED,https://www.instagram.com/p/C3--H1AOm12/,https://www.facebook.com/1394493682493867/posts/791218109488097,65,4,69,1,,,,,18314036884120139,864936030306107_791218109488097,"PARTICIPAR ATIVAMENTE DO DESENVOLVIMENTO É ISSO!⚡️

Nos esforçamos para trazer a EKT, líder mundial em baterias de lítio, para a nossa cidade de Laguna, com sua primeira unidade na América do Sul. Um passo gigante para a inovação e geração de empregos na região! 🌍✨

@juliano_froehner agradeço pela parceria em pensarmos e desenvolvermos o futuro de SC.
 #InovaçãoSC #EKTBrasil #DesenvolvimentoRegional"
2024-02-29,19:48,facebook+instagram,FEED,https://www.instagram.com/p/C38ZXJ8O8qy/,https://www.facebook.com/1394493682493867/posts/790706029539305,161,12,173,,,,,,18000259373242976,864936030306107_790706029539305,"O #tbt que a gente gosta: Família, Flusão e Emoção!🇮🇹"
2024-02-27,22:59,instagram,REELS,https://www.instagram.com/reel/C33lk3ZOl4Q/,,516,72,588,,,,,,18027752008915328,,"O JOAQUIM FALOU, Tá falado! 😉

A cartilha “Sou diferente, e daí?” Será um instrumento de inclusão e levanta a bandeira contra o Bullying. 

É o que apoiamos! Compartilhe se você também apoia! 👊"
2024-02-26,21:36,instagram,FEED,https://www.instagram.com/p/C303X7KuFpf/,,40,2,42,,,,,,17942448146791297,,"SUPERANDO TODAS AS EXPECTATIVAS! 🚚
 
Isso é mais do que uma festa; é a prova viva da nossa rica cultura e união, batendo recordes de público. Juntos, fazemos história!👊 Parabéns Balneário Arroio Silva! 👏"
2024-02-22,19:25,instagram,REELS,https://www.instagram.com/reel/C3qU9D3Or-n/,,184,29,213,,,,,,18018536546299460,,"Esse é só um pouquinho do meu trabalho!😜 

#deputadoestadual #pepecollaço #trabalho #comunicacao"
2024-02-21,16:39,facebook+instagram,FEED,https://www.instagram.com/p/C3ndbsBOwbI/,https://www.facebook.com/1394493682493867/posts/786650203278221,18,3,21,10,,,,,17999988722409153,864936030306107_786650203278221,"DIA NACIONAL DO IMIGRANTE ITALIANO 🇮🇹

1 - A Gaita! O instrumento que dá o charme da nossa musica tradicional, marca o compaso e as danças típicas do nosso sul. 

2 - A Bocha! O Jogo que aparece nos nossos hotéis da região também vieram da Italia e trazem diversão para as famílias catarinenses. 

3 - Polenta! Feita com farinha de milho é tradição de comida que herdamos dos italianos. 

Qual deles você não sabia que era uma herança da imigração italiana? 👀"
2024-02-20,19:39,instagram,REELS,https://www.instagram.com/reel/C3lNLU1uaD3/,,108,16,124,,,,,,17991405008354384,,"A capital da Baleia-Franca chegou por aqui! 🐋
 
400 mil reais em investimentos para a nossa querida Imbituba. 
📍Reforma na Escola Basileu José da Silva, onde R$200 mil vão transformar a educação dos nossos jovens. 📚

📍 Pavimentação a Rua Aristides Coelho, onde mais R$200 mil vão revitalizar o bairro Campestre, dizendo adeus aos buracos e à lama. 🚧

Imbituba, estamos juntos nessa desenvolvendo nossa região! 💖👏 

#Imbituba #InvestimentoEmEducação #InfraestruturaParaTodos #ZimbaRenovada #pepecollaco #trabalho"
2024-02-17,18:46,instagram,REELS,https://www.instagram.com/reel/C3dYcWAuAHY/,,971,134,1105,,,,,,17944149749784128,,"JOAQUIM SUA IDEIA CHEGOU AQUI! ⬇️

Você está convidado a ir no meu gabinete pra gente conversar sobre a cartilha e ver como podemos fazer a implementação dessa sua ideia! 💡🧩

Conto com sua visita @joaquimejoana.tea 🙌

#autismo #inclusao #pepecollaco"
2024-02-17,14:11,facebook+instagram,FEED,https://www.instagram.com/p/C3c5P7jCtuR/,https://www.facebook.com/1394493682493867/posts/784529946823580,112,13,125,,,,,,18001155233456291,864936030306107_784529946823580,"🛣 JAGUARUNA, GAROPABA E IMBITUBA PRECISAM DE ATENÇÃO! 👀

Melhorando os acessos, teremos mais conforto para os moradores, mais turismo e mais infraestrutura. É um jogo de ganha-ganha! Precisamos disso! 

 #Garopaba #jaguaruna #jaguarunasc #jaguarunabeach #imbituba #imbitubasc #imbitubabeach #garopabasc #garopababeach #obras #estrada #politica #política"
2024-02-15,19:45,instagram,REELS,https://www.instagram.com/reel/C3YUCfTui0Z/,,434,68,502,,,,,,18047555221535096,,"3 MILHÕES! 🌽🌽🌽

O Centro de Educação infantil Prof. Joelma de Bona ficou caprichado, com salas de integração, parquinhos, brinquedoteca, pra divertir toda a criançada. 👦🧒

Esse recurso consegui quando ainda era suplente, com o governo Moisés, e foi direto pra educação das crianças de Paulo Lopes. 📚
 
Parabéns pelo trabalho e a execução da obra prefeito, sua equipe é nota 11!✅

#educacao #paulolopes #creche #emenda #deputadoestadual #pepecollaco #pepe #deputado"
2024-02-14,16:17,instagram,REELS,https://www.instagram.com/reel/C3VZO9BuTtn/,,112,49,161,,,,,,18013706162167050,,"🗣️LAGUNA MERECE RESPEITO! 

Tem muita gente que curtiu o carnaval de laguna com a família, de forma sadia e aproveitando a tradição. 

É um absurdo quem vem pra vandalizar um carnaval tão bonito como esse. Último dia do carnaval de Laguna e pessoas indo pra brigar e fazer arruaça. 

Laguna tem um carnaval tão bonito que não merece! 

Fonte: @jornalrazao

#laguna #briga #santacatarina"
2024-02-12,18:21,instagram,FEED,https://www.instagram.com/p/C3Qd5ChOsQ0/,,225,4,229,,,,,,18417622435062741,,Mais um carnaval cheio de histórias pra contar! 🎉 Até no Trio do Bloco da Pracinha em Laguna estivemos. Obrigado pela parceria da vida @brubrunelcollaco ❤️
2024-02-09,22:24,instagram,REELS,https://www.instagram.com/reel/C3JJqGEuenO/,,78,10,88,,,,,,18249194839240508,,"“NÃO TEM BURACO, NÃO TEM LAMA E NEM POEIRA” - Roseli Camilo, moradora de Armazém. 

São esses momentos que nós fazem saber que estamos no lugar certo. Armazém merece esse investimento na Rua Manoel Antônio Cardoso, no bairro Olaria. E fomos lá conferir essa inauguração, ver as pessoas realmente felizes por terem estrutura na frente de suas casas. 

Contem comigo!🙏

#pavimentacao #obra #santacatarina #depoimento #armazem"
2024-02-06,21:20,facebook+instagram,FEED,https://www.instagram.com/p/C3BVsT9urWF/,https://www.facebook.com/1394493682493867/posts/778440217432553,419,14,433,10,,,,,18026794687925759,864936030306107_778440217432553,"Vem pro Gabinete 34! 🚀 

Aqui tá faltando algumas pessoas que fazem parte desse time, mas esse sorriso no rosto de todos mostra a sintonia da equipe e o quanto (a gente se atura, ops) estamos prontos pra mais um ano! 😜

#Gabinete34 #EquipeUnida #AturaouSurta #PepeCollaço"
2024-02-03,15:26,instagram,REELS,https://www.instagram.com/reel/C24-ojculcV/,,650,103,753,,,,,,18312960340192285,,"A PESCARIA FOI BOA! 🎣

Mais de 3 milhões de reais foram entregues em recursos para o município de Pescaria Brava: 
🐟➡️ Asfalto entre o Sertão e o Siqueiro. 
🐟➡️ Portal da cidade. 
🐟➡️ Zerar a fila da Ressonância magnética. 
🐟➡️ Pavimentação nas  Laranjeiras
🐟➡️ 11 novos abrigos de passageiros. 

E o trabalho continua! Acompanhe nossas redes sociais. 😜"
2024-01-30,19:24,facebook+instagram,FEED,https://www.instagram.com/p/C2vGw5yOg5m/,https://www.facebook.com/1394493682493867/posts/774526191157289,28,5,33,,,,,,17845006137153191,864936030306107_774526191157289,"EXAMES CLÍNICOS EM FARMÁCIA! 🙌

Compartilhando esse projeto que vai facilitar seus exames na farmácia. 🏥💉 

Aprovado na Comissão de Constituição e Justiça, ele promete facilitar o acesso à saúde para todos. Deslize para o lado e confira todos os detalhes dessa transformação! ➡️ 

#SaúdeSC #InovaçãoEmSaúde #cuidadoacessível"
2024-01-26,22:06,facebook+instagram,FEED,https://www.instagram.com/p/C2lGNUWuywS/,https://www.facebook.com/1394493682493867/posts/772310394712202,188,12,200,,,,,,17984358686457131,864936030306107_772310394712202,"Ano eleitoral o assunto não poderia ser outro: política e eleições! 😉

Janeiro começou com o pé direito. Pra cima! 🚀👊

 #CompromissoComOPovo #AnoDeMudanças"
2024-01-24,21:18,facebook+instagram,FEED,https://www.instagram.com/p/C2f3Gnsu3Bi/,https://www.facebook.com/1394493682493867/posts/771154641494444,89,12,101,39,,,,,17984909192427526,864936030306107_771154641494444,"PALAVRA CUMPRIDA! 🤝

Capivari de Baixo vai receber R$ 2 milhões para o enrocamento do Rio Capivari e pavimentação de várias ruas da cidade. Essa é uma forma de reconhecimento da importância que a cidade tem pro meu mandato, demonstrando o comprometimento que tenho com nossa região! 😉✅

#pepecollaco #collaco #tubarão #capivari #capivaridebaixo #riocapivari #politico #prefeitura"
2024-01-23,17:02,instagram,REELS,https://www.instagram.com/reel/C2cz8InukK1/,,183,12,195,,,,,,17987102942384190,,"PRONTA PRA SALVAR VIDAS! 🩸

A nova sede do Hemosc inaugurada em Tubarão está com equipamentos novos, reformada pra deixar você mais confortável quando for doar. 
Sua doação pode salvar várias vidas, seja um herói e faça a diferença! ❤️

DOE SANGUE! 💉

#doesangue #salvavidas #hemosc"
2024-01-11,14:11,facebook+instagram,FEED,https://www.instagram.com/p/C19n2GTK55o/,https://www.facebook.com/1394493682493867/posts/763719072238001,104,1,105,,,,,,17962303685696046,864936030306107_763719072238001,"PRA COMEÇAR O ANO INSPIRADO! 🌸💪

Elas que apoiam umas as outras em momentos tão difíceis, um trabalho de comprometimento. 

Um  #TBT de verdade, dedicado as mulheres que servem como inspiração, para iniciar o ano com determinação e compaixão.  

 #RedeFemininaSC #InspirandoJuntos"
2024-01-09,22:06,facebook,post,https://www.facebook.com/1394493682493867/posts/762808345662407,,,,,,,,,,,864936030306107_762808345662407,"Fomentar o turismo é celebrar as riquezas da nossa terra! 🌍✨ 

Descubra as maravilhas escondidas de Santa Catarina, explorando seu encanto único e acolhedor, nosso projeto valoriza isso. Juntos, como catarinenses, construímos políticas voltadas para o crescimento sustentável do turismo local. 💼🏞️ 

Vamos juntos impulsionar nosso turismo, valorizando nossa cultura e promovendo experiências inesquecíveis! 🙌🌟

 #Turismo #TurismoLocal #SantaCatarina #Catarinenses #PolíticasC #PepeCollaço"
2024-01-09,22:06,instagram,FEED,https://www.instagram.com/p/C15Urjmunp7/,,10,0,10,,,,,,17984650457392512,,ROTA TURÍSTICA DAS ÁGUAS TERMAIS! 👏🩵
2024-01-07,13:48,facebook,post,https://www.facebook.com/1394493682493867/posts/761535809122994,,,,,,,,,,,864936030306107_761535809122994,"Um ano de trabalho árduo se passou! 🚀💼 

A dedicação trouxe conquistas, mas também faz com que ficamos longe da família, uma ausência de um tempo que não volta, distante das minhas meninas, elas sentem falta e eu mais ainda. Agora foi o momento de recarregar as energias ao lado da família. 👨‍👩‍👧‍👦❤️ 

Estou pronto para novos desafios e conquistas em 2024! 🔋💪 #Recarregando #NovosDesafio"
2024-01-07,13:48,instagram,FEED,https://www.instagram.com/p/C1zSD1Eul7H/,,182,8,190,,,,,,18088649824404023,,"Um ano de trabalho intenso se passou! 🚀💼 

A dedicação trouxe muitas conquistas, mas também faz com que ficamos longe da família, uma ausência de um tempo que não volta, distante das minhas meninas, elas sentem falta e eu mais ainda. Agora foi o momento de recarregar as energias ao lado da família. 👨‍👩‍👧‍👦❤️ 

Estou pronto para novos desafios e conquistas em 2024! 🔋💪 #Recarregando #NovosDesafio
#2024promete"
2023-12-31,20:00,facebook,post,https://www.facebook.com/1394493682493867/posts/757985612811347,,,,,,,,,,,864936030306107_757985612811347,FELIZ ANO NOVO! 🤩
2023-12-31,20:00,instagram,FEED,https://www.instagram.com/p/C1h7FNIMgQ6/,,18,0,18,,,,,,17965022861549418,,FELIZ ANO NOVO! 🤩
2023-12-31,15:17,instagram,REELS,https://www.instagram.com/reel/C1hZ_9KuSii/,,40,6,46,,,,,,18013725581091710,,"Obrigado 2023! 🎉

Estes são apenas alguns momentos de muitas lembranças que tivemos neste ano. Agradeço a todas as lideranças, vereadores, prefeitos, vice-prefeitos, deputados e, principalmente, à minha família por este ano de realizações. Nosso primeiro ano de mandato será lembrado por muito trabalho, dedicação e aprendizado. 2023 foi incrível, e espero que 2024 venha com a mesma intensidade e seja ainda melhor. 

#2023 #moments #aprendizado #anonovo"
2023-12-25,11:08,facebook,post,https://www.facebook.com/1394493682493867/posts/754372889839286,,,,,,,,,,,864936030306107_754372889839286,"FELIZ NATAL!🎄 

Que as luzes do natal iluminem seu coração com o nascimento de Jesus. Nada melhor que a família pra celebrar esse momento tão especial. 🥰"
2023-12-25,11:08,instagram,FEED,https://www.instagram.com/p/C1RhX-7tPeH/,,54,1,55,,,,,,17919533846835460,,"FELIZ NATAL!🎄 

Que as luzes do natal iluminem seu coração com o nascimento de Jesus. 🥰"
2023-12-24,14:52,instagram,REELS,https://www.instagram.com/reel/C1PVmDxO5RZ/,,233,26,259,,,,,,18029688214662379,,"FELIZ NATAL A TODOS OS CATARINENSES!🎄🎅❤️

#natal #feliznatal #catarinenses"
2023-12-22,15:07,instagram,REELS,https://www.instagram.com/reel/C1KLn8ZOj-J/,,148,31,179,,,,,,17992633802447037,,"BALANÇO DO ANO! ✅

Primeiro ano de mandato de muito aprendizado e trabalho. Defendendo a nossa região, nossas bandeiras já levantadas na campanha. 🙌
Um gabinete lotado, prefeitos e vereadores sendo bem atendidos. Termino um ano com o sentimento de dever cumprido.😎

#politico #deputadoestadual #2023 #balançodoano #santacatarina #catarinense"
2023-12-17,14:35,instagram,REELS,https://www.instagram.com/reel/C09SH1fOt7w/,,124,21,145,,,,,,18396121729065075,,"TUBARÃO MERECE! 🦈

No primeiro ano de mandato, conquistamos R$ 10 milhões em investimentos para nossa cidade! 💰💙 
Desde a revitalização de ruas até apoio à educação, cada recurso conta. 🏗️📚 

É uma honra representar nossa região! 👊

#TubarãoMaisFortalecida #InvestimentoRegional #TrabalhoDedicado #CompromissoComACidade #DeputadoRegionalista"
2023-12-12,22:08,facebook+instagram,FEED,https://www.instagram.com/p/C0xOm8fO2OT/,https://www.facebook.com/1394493682493867/posts/747314683878440,78,7,85,,,,,,17981572571618701,864936030306107_747314683878440,"📍 A Comissão de Constituição e Justiça na Assembleia Legislativa de Santa Catarina é como o “cérebro jurídico” dos projetos🧠💼 
Ela analisa se os projetos de lei estão de acordo com a constituição. 🔍✅  você sabia disso? 

#AlescSC #ComissaoCJ"
2023-12-11,21:43,instagram,REELS,https://www.instagram.com/reel/C0ulgFfu95l/,,170,15,185,,,,,,17887757756898175,,"QUE TRABALHO LINDO! 🌻
Orgulho de ver de perto esse trabalho que impacta na vida de tantas crianças e famílias aqui de Içara. 
Fico feliz em anunciar que destinamos 100 mil reais para a aquisição de um veículo novo para a Apae, que colaborará com um atendimento ainda melhor. 

Compromisso e ação para promover inclusão e acessibilidade. 🚗 #CompromissoComACausa #apae #Içara"
2023-12-11,11:31,instagram,REELS,https://www.instagram.com/reel/C0tg4UiunFW/,,40,2,42,,,,,,17957263631588105,,"Começamos bem a semana, acompanhe nossa entrevista para a @radiolitoral90.9 🙌

#Entrevista #Tubarao #Radio"
2023-12-08,23:57,facebook+instagram,FEED,https://www.instagram.com/p/C0nH6LpuTTQ/,https://www.facebook.com/1394493682493867/posts/745346757408566,133,0,133,,,,,,18370127020075490,864936030306107_745346757408566,"Papai Noel encanta e Tubarão tá encantando mais ainda! 
Com uma caravana mágica, iluminando as noites e mostrando a beleza do Natal.  A alegria contagiou as famílias, e as crianças que já estavam ansiosas receberam o Bom Velhinho no palco natalino. Foi lindo!🎅🌟 #natalemtubarão"
2023-12-07,21:12,instagram,REELS,https://www.instagram.com/reel/C0kQMkpObIq/,,234,19,253,,,,,,18029445748704070,,"NOTÍCIA IMPORTANTE! 🏥✨ 

O Hospital Nossa Senhora da Conceição, em Tubarão, inaugurou a fase dois da reforma na UTI neonatal e pediátrica. Agora, com 20 leitos (15 neonatais e 5 pediátricos), beneficiando mais de 5,8 mil pequenos pacientes e suas famílias anualmente. Parabéns pela iniciativa! 🎉👏

 #Saúde #HospitalConceição #InvestimentoNo"
2023-12-07,13:48,instagram,REELS,https://www.instagram.com/reel/C0jX2iwumC4/,,85,2,87,,,,,,17993719979197271,,"🚨Atenção, organizações da sociedade civil!

O Governo está com inscrições abertas para o Fundo da Infância e Adolescência (FIA), com o valor total de R$ 22 milhões.

Este programa tem como objetivo apoiar ações voltadas à prevenção, promoção, defesa ou garantia dos direitos de crianças e adolescentes no Estado.

Cada OSC poderá apresentar até dois (2) planos de trabalho/propostas, que estejam dentro das temáticas propostas no edital.

O prazo para inscrição é de 60 (sessenta) dias corridos contados da data da publicação do Edital, que foi publicado no dia 01 de dezembro de 2023.

Organizações, agora é a hora de vocês se inscreverem!

Compartilhe e faça parte dessa ação!

#FIA #FundodaInfânciaeAdolescência #DireitosdeCriançaseAdolescentes #SantaCatarina"
2023-12-04,23:18,facebook+instagram,FEED,https://www.instagram.com/p/C0cwUJru-Vj/,https://www.facebook.com/1394493682493867/posts/743190444290864,116,4,120,,,,,,17892785843942233,864936030306107_743190444290864,Parabéns a Luciana Ceretta por receber o título de cidadã catarinense ! Sua dedicação e contribuição na educação catarinense merecem essa honraria. 👏
2023-12-04,17:14,facebook+instagram,FEED,https://www.instagram.com/p/C0cGj5vux22/,https://www.facebook.com/1394493682493867/posts/743082667634975,78,10,88,,,,,,18286904938154043,864936030306107_743082667634975,Notícia Boa a gente compartilha! ✌🏼😉
2023-12-01,11:35,instagram,REELS,https://www.instagram.com/reel/C0Txc2gOd4R/,,50,3,53,,,,,,18067923316415692,,"Semana movimentada com muito trabalho e dedicação. Atendimento, comissões, plenário e várias reuniões preencheram os dias. Cada esforço, um passo em direção ao sucesso, em breve teremos novidades. Seguimos em frente! 💪📊

#DeputadoSC #CompromissoComSC #AçõesParaSC #RepresentandoSC #TrabalhoEstadual"
2023-11-29,20:31,instagram,REELS,https://www.instagram.com/reel/C0Pkd3Ru59A/,,73,8,81,,,,,,17875185552004565,,"🌽 R$ 150 MILHÕES 🌽

Para reconstruir a infraestrutura afetada pelas intensas chuvas em todos os municípios de Santa Catarina, a Alesc, o Governo, o Tribunal de Contas, o Tribunal de Justiça e o Ministério Público uniram-se para este grandioso ato de colaboração na reconstrução de nossas cidades.

Estamos unidos para superar esses desastres naturais.
🌧️🚧💙

#SCFortalecida #Reconstrução #JuntosPorSC #Progressistas #PepeCollaço #DeputadoEstadual #santacatarinabr"
2023-11-27,20:57,instagram,REELS,https://www.instagram.com/reel/C0KegwPOc6m/,,37,2,39,,,,,,18028414708737415,,"Em uma conversa com a Magda e o Ramon da Rádio Tuba, falamos da importância da liberação de 400 mil reais para o Hospital Nossa Senhora da Conceição! 🏥✨ 

Um investimento para cuidar da saúde da nossa comunidade. Juntos, construindo um futuro com mais saúde pra nossa região! 💙🤝 

#ApoioÀSaúde #ComunidadeFortalecida #HospitalConceição #RádioTubaEntrevista"
2023-11-26,21:54,instagram,REELS,https://www.instagram.com/reel/C0H_qt3uP64/,,150,4,154,,,,,,17936811494666442,,"Lelê adora a época do Natal, e há um motivo especial! Sabemos que parte desse encanto é por estar próxima do seu aniversário, mas são nesses momentos mágicos que fortalecemos a fé no futuro. 🙏
Manu também ama o Natal, pois compreende que o amor de Cristo se renova com a celebração do nascimento de Jesus. Em meio a esse clima natalino que ilumina casas e corações, vivenciamos um momento único de renovação. 

Vamos todos juntos buscar fortalecer nossa fé e iluminar nossos lares com gestos e esperança!✨🎄 

#NatalMágico #FéRenovada #AmorCristão #MomentosEspeciais #IluminandoLares”"
2023-11-22,20:04,facebook+instagram,FEED,https://www.instagram.com/p/Cz9ghZ7OEJn/,https://www.facebook.com/1394493682493867/posts/737153591561216,123,11,134,1,,,,,18400683538045004,864936030306107_737153591561216,Essa é a felicidade de trabalhar com o que se gosta! 👊🏼
2023-11-21,22:38,instagram,REELS,https://www.instagram.com/reel/Cz7Lra1ueic/,,178,12,190,,,,,,17989295723256266,,"💸Hospital de Tubarão recebe R$ 400 mil para a emergência 

🏥O Hospital Nossa Senhora da Conceição atende a população de Tubarão e de toda a região sul do estado. É reconhecido nacionalmente por procedimentos inéditos na área de neurocirurgia e é referência em alta complexidade nos serviços de Cirurgia Oncológica e Oncologia Clínica, Neurocirurgia, Ortopedia/Traumatologia e Cardiovascular, além de atender gestantes de alto risco. 

Sempre vou lutar por esse hospital que ajuda tantas famílias nos momentos mais difíceis. 🤝
#HospitalNossaSen #Saude #alesc #deputadoestadual #pepecollaco"
2023-11-21,00:07,instagram,REELS,https://www.instagram.com/reel/Cz4yTFAOvKV/,,159,21,180,,,,,,17912213246839639,,"COMENDA DO LEGISLATIVO🏅

Parabéns ao Arilton Barreiros de Souza! 🎉 Com mais de 55 anos na comunicação, ele é um ícone da imprensa catarinense. 👏 Merecida homenagem a esse profissional dedicado que fez e ainda faz história! 🎙️

 #ComendaLegislativa #OrgulhoCatarinense"
2023-11-18,16:51,facebook+instagram,FEED,https://www.instagram.com/p/Czy3NjauFlt/,https://www.facebook.com/1394493682493867/posts/735131708430071,75,1,76,,,,,,17974913411624924,864936030306107_735131708430071,"Sucesso total na Confraternização do Progressista em Morro da Fumaça! 🎉👏

 #ProgressoUnido #MomentosFelizes #Confraternização"
2023-11-18,11:41,facebook+instagram,FEED,https://www.instagram.com/p/CzyT1UAud1U/,https://www.facebook.com/1394493682493867/posts/734995668443675,20,0,20,,,,,,18009280637300004,864936030306107_734995668443675,"Você já sabia disso? 👀 O Conselheiro Tutelar desempenha um papel fundamental, garantindo o bem-estar das crianças e adolescentes em nossa comunidade. Sua dedicação constrói um caminho seguro para o futuro. 😉🤝

 #ProteçãoInfantil #CuidadoComAmor #ConselheiroTutelar"
2023-11-17,18:23,facebook+instagram,FEED,https://www.instagram.com/p/CzwdDVQOMGm/,https://www.facebook.com/1394493682493867/posts/734670641809511,53,3,56,,,,,,18017970547754839,864936030306107_734670641809511,"Mesmo com chuva aqui não tem parada! 💪🌧️ 

Agenda intensa em Braço do Norte com o prefeito Ronaldo e vereadores, alinhando estratégias para impulsionar o desenvolvimento da cidade e da nossa região. 🏙️🤝 

#TrabalhoPersistente #DesenvolvimentoLocal #BraçoDoNorte #SantaCatarina #CompromissoComAFuturaGeração"
2023-11-17,01:16,instagram,REELS,https://www.instagram.com/reel/CzunVEiIuHQ/,,104,5,109,,,,,,17885436431959767,,"DEFENDO E ME EMOCIONO EM DEFESA DA PESSOA COM ESPECTRO AUTISTA! 🧩🤝 

Agradeço a todos que fazem parte do movimento em defesa da pessoa com espectro autista, o trabalho e a dedicação é algo contagiante e que inspira a trabalhar ainda mais! 

Queremos leis inclusivas! 🙌

📍 Conversa de Botequim 

#tubarao #autismo #conversadebotequim #santacatarina #podcast"
2023-11-16,19:49,facebook+instagram,FEED,https://www.instagram.com/p/CzuCGWUuI7i/,https://www.facebook.com/1394493682493867/posts/734185695191339,70,5,75,10,,,,,18025068091763938,864936030306107_734185695191339,"Construindo pontes, quebrando barreiras: juntos pela inclusão social! 🧩

#AutismoAceito #MundoAzul #ConsciênciaAutista #inclusaosocial #pepecollaco #catarinenses #santacatarina"
2023-11-15,18:17,instagram,FEED,https://www.instagram.com/p/CzrSti_u3RO/,,117,2,119,,,,,,18308146261191103,,"INCENTIVAR CRIANÇAS AO ESPORTE! ⚽️🥎🏃

É isso que aprendi com meus anos praticando vários esportes de maneira amadora. Mais de 300 campeonatos pra história, porque é assim que a gente aprende sobre disciplina, treino e a importância de querer ser um pouco melhor 🙌

Lá fizemos amizades e saímos da correria do dia a dia, são ensinamentos que quero passar pra minhas filhas e todas as crianças catarinenses. ✅

Me diz sua experiencia com esporte amador? ⬇️

 #EsporteParaTodos #CrescendoComDisciplina #EsporteAmador #TBT"
2023-11-14,20:14,facebook+instagram,FEED,https://www.instagram.com/p/Czo7RenJben/,https://www.facebook.com/1394493682493867/posts/733230721953503,60,3,63,9,,,,,17903082200869186,864936030306107_733230721953503,"DIA INTENSO! 🏃‍♂️

Entre comissões, votações, plenário e atendimentos a prefeitos e vereadores. Na correria, me dedicando ao máximo para construirmos juntos o caminho para um futuro melhor. 🙏🏽

 #Dedicação #ServiçoPúblico #politica #santacatarina #catarinenses"
2023-11-10,19:17,instagram,REELS,https://www.instagram.com/reel/CzehgwXu44Z/,,66,1,67,,,,,,18109768864341807,,"LEVANTANDO NOSSAS BANDEIRAS!👊🏼

👀Veja o comentário do @andersonsilvajor sobre o nosso Sul e as obras que nossa região ainda precisa para ter suporte para o crescimento que temos potencial. 🛣️"
2023-11-07,15:18,instagram,REELS,https://www.instagram.com/reel/CzWXvGfOi3b/,,111,5,116,,,,,,17994068918366129,,"2️⃣OBRAS IMPORTANTES!⬇️

🛣️ Repasse para revitalização do acesso Sul de Imbituba, pavimentação da estrada central da Praia do Rosa. 

✈️ Lançamento do edital de concessão do Aeroporto de Jaguaruna. 

Assinamos isso hoje e fiz questão de defender outras obras do Sul que estavam esquecidas! Defendendo nosso Sul. 🙌"
2023-11-06,20:44,facebook+instagram,FEED,https://www.instagram.com/p/CzUYYKVuIgt/,https://www.facebook.com/1394493682493867/posts/729440478999194,59,1,60,1,,,,,18006033203116105,864936030306107_729440478999194,"Juntos, fazendo a diferença em Capivari de Baixo! 💪 

Emenda de 1,5 milhões para pavimentação e 500 mil para enrocamento do rio Capivari. 

Uma parceria  com Deputado Júlio Garcia pra entregar o melhor para Capivari! 

#CapivariDeBaixo #SantaCatarina #TransformaçãoLocal #catarinense #deputadoestadual #pepecollaco"
2023-11-04,23:23,facebook,post,https://www.facebook.com/1394493682493867/posts/728585122418063,,,,,3,,,,,,864936030306107_728585122418063,Sem palavras! ❤️💚
2023-11-04,23:23,instagram,FEED,https://www.instagram.com/p/CzPg8RqOSv2/,,430,26,456,,,,,,18011808277987184,,Sem palavras! ❤️💚
2023-11-02,13:30,instagram,REELS,https://www.instagram.com/reel/CzJS-_7Oc6i/,,346,127,473,,,,,,17963733500647497,,"🚨PRECISO DA AJUDA DE VOCÊS 👇🏼 

Manuzinha quer que esse vídeo chegue no @germancano14 ou no @fluminensefc porque realmente é apaixonada pelo nossos Flusão. E pra realizar sonho de filha a gente faz tudo! 

Quero pedir pra todo mundo comentar mencionando eles, dizendo pra ver esse vídeo, pra ver se a gente consegue realizar esse sonho dela! 🥹

#Fluminense #Cano #Germano #Flusão #ManunoJogo #libertadores"
2023-11-01,20:40,instagram,REELS,https://www.instagram.com/reel/CzHftoEuECa/,,152,22,174,,,,,,18097839826332353,,"PRAZOS DEFINIDOS PRA ATUALIZAÇÃO DO PROJETO DA REDRAGAGEM DO RIO TUBARÃO! ✅

Após o “ok” do Governador, a previsão da equipe de infraestrutura é que o processo licitatório e a ordem de serviço possam levar de 90 a 100 dias, e a atualização do documento aproximadamente 240 dias.

Agradeço a todos que participaram da reunião e à Bancada do Sul, por ter mostrado sua força defendendo essa luta pra que a redragagem seja finalmente executada! 🙌"
2023-10-31,21:11,instagram,REELS,https://www.instagram.com/reel/CzE-N6muqkX/,,82,4,86,,,,,,17993806316110425,,"ALEGRANDO MEU DIA! ☺️

Os vereadores mirins de Treze de Maio estiveram no nosso gabinete e mostraram que estão afiados pra se tornar bons legisladores no futuro. Educação e cidadania andam juntas e é isso que gostamos de ver! 🥹"
2023-10-31,16:21,instagram,REELS,https://www.instagram.com/reel/CzEcm3pOOqk/,,148,11,159,,,,,,18000566306485489,,"FIQUE ATENTO! 🚨

Em defesa da Redragagem do Rio Tubarão, estaremos amanhã recebendo representantes do Governo para debater como podemos colocar esse projeto em ação. 🙌 

Acompanhe!"
2023-10-26,20:23,instagram,REELS,https://www.instagram.com/reel/Cy4BLR7Oi1u/,,108,6,114,,,,,,17952193286695055,,"EM DEFESA DOS CATARINENSES! 🫡

No debate sobre os fenômenos climáticos como o “El Niño” e os desastres naturais cada vez mais frequentes no país, defendi nossa região, a importância da redragagem do Rio Tubarão. 

#clima #desastresnaturais #santacatarina #catarinenses"
2023-10-25,16:10,instagram,REELS,https://www.instagram.com/reel/Cy0_gWsuSvq/,,296,45,341,,,,,,17999487377500480,,"ENTREGANDO UM PRESENTE! 🎁 

Nós desejamos o melhor para Pescaria Brava, por isso estamos enviando 180 mil para ZERAR a fila de ressonância Magnética. Investir na saúde é valorizar o povo Bravense. 
Que continuemos escrevendo essa história com determinação, respeito e solidariedade. Feliz aniversário, Pescaria! Que venham mais anos de crescimento e orgulho juntos! 🎉🌟"
2023-10-24,20:51,instagram,REELS,https://www.instagram.com/reel/Cyy5afMut5P/,,61,1,62,,,,,,18214766770255831,,"Parabéns Rotary e Lions!💗 Vocês merecem nossas palmas por toda dedicação aos catarinenses, trabalhando sempre pra um futuro melhor. 

#feminino #rotary #lions #tubarao"
2023-10-21,14:17,instagram,REELS,https://www.instagram.com/reel/Cyqe4gVOyzp/,,58,5,63,,,,,,18069351001429530,,"➡️ No Programa Balanço Geral em Criciúma, falando um pouquinho sobre a Bancada do Sul e algumas das suas principais pautas.🫡

Confira na íntegra, e deixa nos comentários sua opinião! 🗣️

#BalançoGeral #Entrevista #Bancadadosul #Criciuma #Tubarão #SantaCatarina"
2023-10-20,22:24,instagram,REELS,https://www.instagram.com/reel/CyoyHq7OHUL/,,99,7,106,,,,,,17973538007439734,,"ARREGAÇANDO AS MANGAS EM CRICIÚMA! 👊🏼

Um dia lotado de agendas por Criciúma com nosso vereador Miri, na certeza de estar se dedicando e trabalhando pro desenvolvimento da nossa região. 🤝

Abrindo portas pra construir um futuro ainda melhor!😉

#criciuma #ndtv #soubemcriciuma #politica"
2023-10-20,13:07,facebook+instagram,FEED,https://www.instagram.com/p/CynylxbO1aO/,https://www.facebook.com/1394493682493867/posts/720888553187720,175,6,181,,,,,,17963743421640971,864936030306107_720888553187720,"➡️AS ANDANÇAS COMEÇARAM! 

É muito bom começar nossas visitas regionais e já encontrar felicidade nas pessoas, entregando uma resposta efetiva do nosso mandato, porque queremos um mandato assim: muito trabalho e dedicação por Santa Catarina. 🤝

Esse é o momento da representatividade efetiva! Onde queremos desenvolver nossas cidades como um todo e buscar, de todas as formas, colaborar com melhorar a vida de cada catarinense. 

Esses foram os primeiros, mas não serão os últimos 😉"
2023-10-18,22:11,instagram,REELS,https://www.instagram.com/reel/CyjmaP_OoWG/,,91,2,93,,,,,,17894954570908117,,"EMOCIONANTE 🌸🎗️ 
Mulheres incríveis soltaram a voz em aplausos às redes femininas de combate ao Câncer de Santa Catarina. Mulheres das redes de diversos municípios mostraram a importância da prevenção do câncer. Parabéns a todas as mulheres vocês merecem! 
Unidos pelo Outubro Rosa! 💕 #OutubroRosa #PrevençãoECura”"
2023-10-17,14:06,facebook+instagram,FEED,https://www.instagram.com/p/CygK-LpOvo5/,https://www.facebook.com/1394493682493867/posts/719328020010440,382,54,436,1,,,,,17942419910712543,864936030306107_719328020010440,"Hoje é o dia dela, minha morena, que está cada dia mais linda. Ela é o alicerce da minha família, que me deu os melhores presentes que eu poderia ter na vida: nossas filhas. Ela é uma ótima mãe, melhor ainda, uma super mãe, esposa e confidente.

Você se aperfeiçoa, cresce como ser humano e me dá mais certeza de que escolhi a pessoa certa para estar ao meu lado. Que Deus continue guiando nossa vida, te abençoando. Te desejo tudo de bom. Te amo!"
2023-10-16,20:13,facebook+instagram,FEED,https://www.instagram.com/p/CyeQMg6uVAC/,https://www.facebook.com/1394493682493867/posts/718962336713675,44,2,46,2,,,,,18005924858021550,864936030306107_718962336713675,"👉🏽 FAÇA A SUA INSCRIÇÃO!

O programa Universidade Gratuita está com as inscrições abertas. Aproveite! 📚✅

Faça sua parte: Envie para pessoas que estão fazendo ou desejam fazer uma faculdade gratuita! 😉"
2023-10-11,21:28,instagram,REELS,https://www.instagram.com/reel/CyRgl_hOgK4/,,118,19,137,,,,,,17893385039910966,,"OUTUBRO ROSA É PREVENÇÃO! 💗

Mulheres, façam seus exames!🙌"
2023-10-10,22:09,instagram,REELS,https://www.instagram.com/reel/CyO_0HlObf5/,,273,31,304,,,,,,17994087407258677,,"POVO DE TUBARÃO! 🗣️

A redragagem do Rio Tubarão é fundamental para amenizar o medo da população com as chuvas, para que não haja enchentes na nossa Cidade Azul. Esse projeto tem que ser atualizado e iniciado o quanto antes! 🙌"
2023-10-09,21:14,facebook+instagram,FEED,https://www.instagram.com/p/CyMVmEFuEqu/,https://www.facebook.com/1394493682493867/posts/715099260433316,22,1,23,,,,,,17994882998209778,864936030306107_715099260433316,"UNIÃO E EMPATIA, é o que precisamos nesse momento tão difícil pra Santa Catarina! 💚

#tubarao #doação #enchentes #santacatarina #chuvas"
2023-10-07,20:39,instagram,REELS,https://www.instagram.com/reel/CyHHPFIOydT/,,224,7,231,,,,,,17985698432215165,,"🚨ATUALIZAÇÕES! 

A previsão continua a ser de muita chuva amanhã aqui em Tubarão e em toda a região. Por isso, todos precisamos ter muita atenção para tomar as precauções necessárias para evitar tragédias maiores.

#chuvas #santacatarina #tubarao #capivaridebaixo"
2023-10-07,16:31,instagram,REELS,https://www.instagram.com/reel/CyGrD0YOwKY/,,1170,14,1184,,,,,,17852546892058513,,"RIO TUBARÃO ESTÁ EM NÍVEL DE ATENÇÃO! 🚨

A previsão ainda é muita chuva e nossa preocupação só aumenta com todos. Cuide-se! 🙏

➡️Se precisar ligue: 
☎️Bombeiros 193 
☎️Defesa Civil 199 
☎️Polícia Militar 190"
2023-10-07,12:12,instagram,REELS,https://www.instagram.com/reel/CyGNC9GOl4y/,,107,6,113,,,,,,17983514900399480,,"CUIDE-SE! ☔️As chuvas estão se agravando em todo o estado. Estou em contato com os prefeitos, e no que precisarem estou a disposição! 

Se algo acontecer, ligue: 
Bombeiros ☎️ 193
Defesa Civil ☎️ 199
Polícia Militar ☎️ 190 

Se possível fique em casa!❤️"
2023-10-06,21:56,instagram,REELS,https://www.instagram.com/reel/CyEqqN-O_6g/,,98,5,103,,,,,,17969281775480698,,"SALVAR VIDAS NÃO É PRA QUALQUER UM! 🚒👩‍🚒

Ver de perto a dedicação, história e trabalho dos Bombeiros de Tubarão foi um aprendizado. Agradeço pela recepção, lutarei para que a população sempre tenha esse serviço de excelência a disposição."
2023-10-05,12:45,facebook+instagram,FEED,https://www.instagram.com/p/CyBIL5mOasb/,https://www.facebook.com/1394493682493867/posts/712829777326931,216,9,225,,,,,,18017951224799899,864936030306107_712829777326931,"O #TBT de hoje não poderia ser diferente! ❤️💚 

Pra cima Flusão! 

#fluminense #futebol"
2023-10-04,22:37,instagram,REELS,https://www.instagram.com/reel/Cx_mSwHun_W/,,71,1,72,,,,,,18009102586832978,,"TA TODO MUNDO CONVIDADO! 🌎
A festa do Colono pelo capricho da criançada será um sucesso, com muita comida e música boa! 
Já salva a data 😉
📆 16 a 22 de outubro 
📍Anitápolis 

#festa #colono #anitapolis #passeiossc #santacatarina #turismo"
2023-10-03,21:27,instagram,REELS,https://www.instagram.com/reel/Cx85QdiOm4m/,,87,1,88,,,,,,17973900398555091,,"Um dia repleto de desafios e conquistas, onde o esforço e a dedicação se encontram. 💼✨ 
A certeza do caminho certo! 

#TrabalhoÁrduo #ConquistasDiárias #pepecollaco #trabalho"
2023-10-02,19:28,facebook+instagram,FEED,https://www.instagram.com/p/Cx6H5v6OEfK/,https://www.facebook.com/1394493682493867/posts/711638084112767,188,10,198,,,,,,17878573433957265,864936030306107_711638084112767,"Um ano se passou desde a eleição. Foi um dia inesquecível. Me lembro do calor daquele dia, do sorriso daqueles que mais amo, do apoio de muita gente que arregaçou as mangas e trabalhou para que tudo desse certo, e deu! 🙏

Hoje, ao olhar para trás, vejo não apenas uma vitória, mas uma jornada de união e muito trabalho. Cada desafio superado, cada batalha vencida moldou não só meu trabalho como deputado, como também minha visão de um futuro melhor. E, quem acompanha o trabalho percebe que estou sendo fiel as bandeiras que defendemos, pois foi pra isso que fui eleito. 👊🏼

Agradeço a todos que acreditaram e celebramos juntos esse ano de realizações, com os olhos brilhando de esperança pelo que ainda está por vir. 

Juntos, continuaremos a construir um caminho de prosperidade, regionalismo e mudança, porque é com a força da união que transformamos sonhos em realidade! 🚀

Agradeço a vocês por terem acreditado no meu sonho e transformado ele em realidade.❤️"
2023-10-01,12:14,instagram,REELS,https://www.instagram.com/reel/Cx2xTk6uK69/,,92,7,99,,,,,,18003089000101150,,"➡️VEREADOR, esse post é pra você!😜

Gratidão pelo seu compromisso em transformar nossas cidades, por toda a dedicação em promover mudanças em cada bairro, sabendo ouvir a população. Vocês representam o povo! 

Nem todos couberam no vídeo, mas essa é uma singela homenagem a todos que fazem parte desse timaço. 

Parabéns pelo Dia do Vereador! 🌟 

#CompromissoComACidade #TransformandoComunidades #PepeCollaço #Vereador #Vereadores #cidades"
2023-09-28,21:12,instagram,REELS,https://www.instagram.com/reel/CxwAer4uI_q/,,105,6,111,,,,,,18035675533564914,,"🗣️PREFEITOS E VICES! 
Nosso mandato tem que ter a participação de nossas lideranças. Por isso, ouvimos seus conselhos, pedidos e construímos um futuro melhor pra cada cidade. 
Agradeço a todos que compareceram, nosso gabinete 34 está de portas abertas pra te receber! 😉"
2023-09-27,21:44,instagram,REELS,https://www.instagram.com/reel/CxtfajxucWO/,,131,8,139,,,,,,18385126168036465,,"➡️ Você sabia que um doador de órgãos e tecidos pode salvar até dez vidas? O transplante pode ser a única esperança para milhares de pessoas que precisam de doação e aguardam na fila por um recomeço.

Participe desse movimento. 💚
SALVE VIDAS!"
2023-09-23,20:37,facebook+instagram,FEED,https://www.instagram.com/p/CxjElHsO_NX/,https://www.facebook.com/1394493682493867/posts/707249517884957,126,7,133,2,,,,,17882406455882375,864936030306107_707249517884957,"Foto para eternizar o fusca e a infância das meninas ❤️ 

#fusca #latavelha #apaixonadosporcarros"
2023-09-21,12:59,facebook+instagram,FEED,https://www.instagram.com/p/CxdGn7DOUpT/,https://www.facebook.com/1394493682493867/posts/706055408004368,65,4,69,1,,,,,17914695362802317,864936030306107_706055408004368,"Lembrando disso todos os dias! A inclusão é indispensável para uma sociedade democrática. 
 
21 de Setembro 💛"
2023-09-19,17:34,facebook+instagram,FEED,https://www.instagram.com/p/CxYcdnhuH9E/,https://www.facebook.com/1394493682493867/posts/705217744754801,65,4,69,3,,,,,18000058193302995,864936030306107_705217744754801,"🔉 UNIVERSITÁRIO! 
Essa é uma oportunidade de vivenciar o legislativo estadual. Participe! 
Encaminhe um whats para o número (48) 99941-2599."
2023-09-17,21:12,instagram,REELS,https://www.instagram.com/reel/CxTrmYuOKMD/,,71,2,73,,,,,,17993016020065201,,"REDRAGAGEM DO RIO TUBARÃO! ✅
Uma obra de mais de 500 milhões de reais irá precisar de apoio nacional e internacional para ser feita, já estamos conhecendo o passo a passo no Banco Mundial para buscar esse recurso de uma obra fundamental pra região da Amurel."
2023-09-16,21:16,instagram,REELS,https://www.instagram.com/reel/CxRHTJfO2Wx/,,120,4,124,,,,,,17982698354236356,,"➡️ Acessar o site da biblioteca Oliveira Lima e conheça esse acervo incrível da história do Brasil. 🇧🇷
A universidade gratuita é um tema que estamos em construção para futuras parcerias.🤝"
2023-09-15,21:39,instagram,REELS,https://www.instagram.com/reel/CxOlOj_uiUd/,,100,4,104,,,,,,17898461054854258,,➡️As políticas públicas são fundamentais para alcançar os melhores resultados possíveis nas mais variadas áreas. E se espelhar no que dá certo pode fazer toda a diferença. O possível intercâmbio com iniciativas da Organização dos Estados Americanos pode trazer muitos benefícios para Santa Catarina. 🤝
2023-09-15,11:11,facebook+instagram,FEED,https://www.instagram.com/p/CxNdgNvOU2F/,https://www.facebook.com/1394493682493867/posts/702946618315247,44,2,46,1,,,,,18065158459426380,864936030306107_702946618315247,"Que nossa padroeira nos abençoe e sempre interceda por nós 🙏

#tubarao #padroeira"
2023-09-14,19:49,facebook+instagram,FEED,https://www.instagram.com/p/CxLz_J6OIlz/,https://www.facebook.com/1394493682493867/posts/702644385012137,122,4,126,3,,,,,18051633685480368,864936030306107_702644385012137,"Visita na Embaixada Brasileira! 🇧🇷
Muito bem recebido pelo Ministro Bernardo em conversas sobre as questões econômicas de SC, possíveis incentivos, e as questões das produções alimentícias em que somos grandes produtores e os Estados Unidos, grandes consumidores dessa indústria.🤝"
2023-09-13,21:03,instagram,REELS,https://www.instagram.com/reel/CxJXlVvOkaL/,,237,15,252,,,,,,17889019757909789,,"Uma universidade cheia de história que faz parte da luta por igualdade nos Estados Unidos e que poderá receber alunos do programa catarinense Universidade Gratuita. 
São parcerias como essa que fazem nossos catarinenses terem novas possibilidades de futuro. 🤝"
2023-09-12,18:59,facebook+instagram,FEED,https://www.instagram.com/p/CxGkm7wu7i-/,https://www.facebook.com/1394493682493867/posts/701645761778666,63,4,67,,,,,,17902125158783108,864936030306107_701645761778666,"🚨Posicionamento claro e direto! ✅
Precisamos de investimentos no aeroporto para que haja impacto no desenvolvimento da região por meio da disponibilidade de novos modais de transporte. É urgente! 🛫"
2023-09-07,19:40,instagram,REELS,https://www.instagram.com/reel/Cw5xQZ_u_9d/,,145,5,150,,,,,,18039922606524313,,"Um dia marcante que ecoa na história. Celebre a independência com orgulho e liberdade. 🇧🇷
📍 Tubarão 
📍 Capivari de Baixo 
 #7deSetembro #BrasilIndependente"
2023-09-06,21:31,instagram,REELS,https://www.instagram.com/reel/Cw3YpYauqbE/,,216,19,235,,,,,,18233207974209745,,"5️⃣PAUTAS QUE A BANCADA DO SUL VAI DEFENDER! ✅
Essas são algumas das pautas que a Bancada do Sul instaurada essa semana vai defender em busca do desenvolvimento regional. 🤝

#bancadadosul #santacatarina #sc #deputados"
2023-09-04,20:13,facebook+instagram,FEED,https://www.instagram.com/p/CwyGw_iulOK/,https://www.facebook.com/1394493682493867/posts/697856692157573,49,4,53,12,,,,,18036955342537020,864936030306107_697856692157573,"A bancada dos Progressistas de Santa Catarina, trabalhando juntos para um futuro mais próspero e inclusivo para nosso estado. 💪🏛️🌟 #ProgressistasSC #TrabalhoeFuturo"
2023-09-01,22:31,instagram,REELS,https://www.instagram.com/reel/CwqiPpaOxLJ/,,109,3,112,,,,,,17998037021107241,,"CONEXÃO ENTRE POLÍTICOS E EMPREENDEDORES! 🤝
Os modais auxiliam o desenvolvimento das nossas regiões, pelas quais tanto lutamos. 
Esse foi um trecho da entrevista que concedi à rádio Araranguá, sobre as associações de municípios e seus impactos. ✅"
