ig_media_id,data,tipo,tema,status,motivo,alvo,engajamento,curtidas,comentarios,legenda,permalink
18075219283763864,2025-04-07,FEED,Obras e Entregas,removido,pontual do momento (quem paga a conta),,10718,9868,850,"QUEM PAGA ESSA CONTA SOMOS NÓS!🚨 Precisamos da BR-101 para trabalhar,",https://www.instagram.com/p/DIJkklxuONz/
18141990559370077,2025-01-23,REELS,Cultura e Tradição,aprovado,"2º mais curtido, Tubarão",Tubarão,1302,1209,93,"JUNTOS, FAZENDO HISTÓRIA 🚀👊 Hoje é um dia histórico para a comunidad",https://www.instagram.com/reel/DFL8Pc3OCle/
18000978434934061,2026-04-30,REELS,Obras e Entregas,aprovado,obra/entrega (direcionar p/ cidade),Ituporanga,1228,1201,27,INVESTIMENTO QUE TRANSFORMA 🌟 Uma obra que vai mudar a cara de Itupor,https://www.instagram.com/reel/DXxPuwKhZLj/
17852546892058513,2023-10-07,REELS,Institucional / Agenda,removido,fora de 2025-2026,,1187,1173,14,RIO TUBARÃO ESTÁ EM NÍVEL DE ATENÇÃO! 🚨 A previsão ainda é muita chuv,https://www.instagram.com/reel/CyGrD0YOwKY/
18138537610359356,2024-10-05,REELS,Institucional / Agenda,removido,fora de 2025-2026,,1148,949,199,QUEM É 1️⃣1️⃣ COMENTA SUA CIDADE! ⬇️✅,https://www.instagram.com/reel/DAvw2DXOI4b/
17944149749784128,2024-02-17,REELS,Institucional / Agenda,removido,fora de 2025-2026,,1106,972,134,JOAQUIM SUA IDEIA CHEGOU AQUI! ⬇️ Você está convidado a ir no meu gabi,https://www.instagram.com/reel/C3dYcWAuAHY/
18078836737801140,2025-05-28,REELS,Institucional / Agenda,avaliar,sem regra (revisar),Tubarão,1052,983,69,VIVA TUBARÃO! 🦈 Quem ama nossa cidade compartilha! 🫶,https://www.instagram.com/reel/DKLWa5BIV8r/
18075091364539833,2026-03-29,REELS,Institucional / Agenda,aprovado,o pau que rola (será),Tubarão,1037,872,165,O pau que rola nas redes é que vale a pena ter deputado na região… ser,https://www.instagram.com/reel/DWemlKZkQn7/
18591510112014083,2026-05-28,REELS,Institucional / Agenda,avaliar,sem regra (revisar),Tubarão,1010,989,21,"Feliz aniversário, Tubarão! 💙 São 156 anos de uma cidade cheia de his",https://www.instagram.com/reel/DY3I1OGMHrm/
17952646697270137,2023-02-01,REELS,Institucional / Agenda,removido,fora de 2025-2026,,1008,906,102,Que dia Especial!✨Hoje inicia o nosso mandato de deputado estadual. So,https://www.instagram.com/reel/CoIA_r9DD59/
18067300955362165,2026-05-15,REELS,Institucional / Agenda,aprovado,Morro da Fumaça,Morro da Fumaça,965,946,19,"🏗️ MORRO DA FUMAÇA AVANÇANDO O que hoje é projeto, amanhã será realid",https://www.instagram.com/reel/DYX79IHOOxS/
18111345607678272,2026-02-28,REELS,Atualidades,removido,senador catarinense,,945,918,27,Meu senador é CATARINENSE “DA GEMA!” O melhor senador do Brasil é noss,https://www.instagram.com/reel/DVTrSTMDfG_/
18116672923445457,2025-03-24,FEED,Institucional / Agenda,avaliar,sem regra (revisar),Tubarão,929,909,20,"Há 51 anos, Tubarão enfrentava uma das maiores tragédias da sua histór",https://www.instagram.com/p/DHl9vFapcFw/
17884580595143184,2025-03-31,REELS,Obras e Entregas,aprovado,obra/entrega (direcionar p/ cidade),Tubarão,830,739,91,Sanga do Lageado o asfalto tá chegando! 🛣️ A obra tá ficando capricha,https://www.instagram.com/reel/DH3mbWsOCEL/
17895087366481685,2026-06-28,REELS,Institucional / Agenda,avaliar,sem regra (revisar),,796,764,32,A BARRA DO CAMACHO PRECISA DE SOLUÇÃO! 🌊 O problema da Barra do Camac,https://www.instagram.com/reel/DaIYzmCga4k/
18312960340192285,2024-02-03,REELS,Institucional / Agenda,removido,fora de 2025-2026,,753,650,103,A PESCARIA FOI BOA! 🎣 Mais de 3 milhões de reais foram entregues em r,https://www.instagram.com/reel/C24-ojculcV/
17964107435238392,2023-02-01,FEED,Institucional / Agenda,removido,fora de 2025-2026,,748,704,44,Começamos com o pé direito! 🚀 Nosso time veio em peso prestigiar a po,https://www.instagram.com/p/CoIoqmPPLuP/
18102572197455060,2024-10-29,REELS,Saúde,removido,fora de 2025-2026,,688,539,149,EXAMES RÁPIDOS EM FARMÁCIAS! ✅ Nossa lei já está em vigor e facilita a,https://www.instagram.com/reel/DBuCrSKJaHK/
17888076150485997,2026-05-09,FEED,Atualidades,removido,base de atualidades cai,,652,620,32,AQUI É O BRASIL QUE QUEREMOS! 🇧🇷 #flaviobolsonaro #brasil #santacata,https://www.instagram.com/p/DYGWgb8jdi7/
18042989213318910,2024-10-16,REELS,Institucional / Agenda,removido,fora de 2025-2026,,650,569,81,Garopaba merece sempre mais! 🚀 Mais de 2 milhões foram destinados a d,https://www.instagram.com/reel/DBMi8USSS8w/
17952351299306054,2023-02-10,REELS,Educação,removido,fora de 2025-2026,,644,572,72,UNIVERSIDADE GRATUITA ✅ Luto pelos jovens que sonham em ter uma univer,https://www.instagram.com/reel/Cof7aFQjAC3/
17909652429322575,2026-01-28,REELS,Esporte,removido,esporte sem realização,,642,624,18,⚽️ Investir no esporte é investir no futuro. São R$ 500 mil para o gra,https://www.instagram.com/reel/DUDKUDBDeAN/
17898516051305004,2026-06-01,REELS,Atualidades,removido,base de atualidades cai,,632,595,37,🇧🇷 O BRASIL PRECISA VOLTAR A ENSINAR VALORES Estamos formando geraçõ,https://www.instagram.com/reel/DZDNYkdgMZL/
18379089121125071,2025-08-17,REELS,Obras e Entregas,removido,curadoria manual (linha 6),cidade da obra,621,599,22,OBRA CONCLUÍDA E VEM MAIS POR AÍ! 🚀 Cheirinho de asfalto novo na estr,https://www.instagram.com/reel/DNdrGY-OXzj/
18083835709674126,2025-05-27,FEED,Institucional / Agenda,removido,reunião com Jorginho,,602,583,19,Reunião produtiva com o Governador @jorginhomello e a bancada do Progr,https://www.instagram.com/p/DKKRzJlujpZ/
18027752008915328,2024-02-27,REELS,Institucional / Agenda,removido,fora de 2025-2026,,589,517,72,"O JOAQUIM FALOU, Tá falado! 😉 A cartilha “Sou diferente, e daí?” Será",https://www.instagram.com/reel/C33lk3ZOl4Q/
17974795391796244,2024-12-20,REELS,Obras e Entregas,removido,fora de 2025-2026,,573,541,32,🚒🧑‍🚒 ENTREGAMOS! Um carro novinho pra essa instituição que tanto co,https://www.instagram.com/reel/DD0LmJ7yzp_/
17981802974649158,2024-04-20,REELS,Institucional / Agenda,removido,fora de 2025-2026,,573,469,104,A SELEÇÃO DA BOA POLÍTICA 🇧🇷 Essa taça a gente ergue com orgulho. 🏆,https://www.instagram.com/reel/C5_QOxJOrIU/
17973793952817437,2025-02-11,REELS,Institucional / Agenda,avaliar,sem regra (revisar),,569,518,51,🚨 É UM ABSURDO ESSAS FILAS! 💥 A @ccr_oficial tem que nos ouvir! Fila,https://www.instagram.com/reel/DF7j45MunnM/
17920489784962480,2025-04-04,REELS,Obras e Entregas,removido,curadoria manual (linha 7),cidade da obra,562,506,56,"🚧 Promessa feita, promessa cumprida! 💪 Hoje entregamos mais uma obra",https://www.instagram.com/reel/DICkD46J_M5/
18122907250620732,2026-04-20,REELS,Cultura e Tradição,avaliar,sem regra (revisar),,559,549,10,TRADIÇÃO QUE SEGUE VIVA 🤠 Não é só um galpão. É história. É identidad,https://www.instagram.com/reel/DXXfaTDgYUU/
17953865129794752,2025-03-23,REELS,Institucional / Agenda,aprovado,mandato chegando na cidade,Tubarão,550,507,43,Nosso mandato tá chegando aí na sua cidade! 😉 Trabalhando por quem ma,https://www.instagram.com/reel/DHi-0aZOu9b/
18092004025920056,2026-04-17,REELS,Institucional / Agenda,removido,não foi sorte foi trabalho,,546,487,59,NÃO FOI SORTE. FOI TRABALHO 💪 Falar que Santa Catarina “ganhou tudo” ,https://www.instagram.com/reel/DXP619fAG0C/
18035991391477628,2023-05-16,REELS,Cultura e Tradição,removido,fora de 2025-2026,,539,508,31,Uma festa que aquece corações! 🎉 Recebi um convite especial para a 33,https://www.instagram.com/reel/CsUbRVQO5YG/
18038960183257874,2024-11-22,FEED,Segurança,removido,fora de 2025-2026,,534,522,12,MEDALHA🎖️ Agradecemos ao Corpo de Bombeiros Militar de Santa Catarina,https://www.instagram.com/p/DCr44fWy2FJ/
18159003913286904,2023-01-25,FEED,Institucional / Agenda,removido,fora de 2025-2026,,531,471,60,Chegou o dia! Convido você para a cerimônia de posse como deputado est,https://www.instagram.com/p/Cn2poIzuTFH/
17910507897141496,2025-06-08,FEED,Cultura e Tradição,avaliar,sem regra (revisar),,518,509,9,"🎉 FESTA JUNINA NA PASSAGEM! 🌽🔥 De 5 a 12 de junho, a Praça da Igrej",https://www.instagram.com/p/DKn6MsxIn3g/
18092249629773348,2025-09-27,REELS,Institucional / Agenda,avaliar,sem regra (revisar),,515,491,24,PROJETO ASSINADO! 📑🌊 Assinamos o contrato para elaboração do projeto,https://www.instagram.com/reel/DPHWKnsgF2k/
17899687746225672,2026-01-29,REELS,Obras e Entregas,aprovado,obra/entrega (direcionar p/ cidade),Nova Veneza,507,489,18,ENTREGA QUE VALORIZA QUEM CUIDA DE TODOS 💙🚐 Mais do que uma van: é u,https://www.instagram.com/reel/DUG-karAWrd/
18279707899264318,2025-05-28,REELS,Cultura e Tradição,avaliar,sem regra (revisar),,502,467,35,É FESTA!🎉A apresentação da @camerataflorianopolis foi maravilhosa fec,https://www.instagram.com/reel/DKNTQcNJw4m/
18047555221535096,2024-02-15,REELS,Educação,removido,fora de 2025-2026,,502,434,68,3 MILHÕES! 🌽🌽🌽 O Centro de Educação infantil Prof. Joelma de Bona f,https://www.instagram.com/reel/C3YUCfTui0Z/
17856955958913461,2023-02-28,REELS,Institucional / Agenda,removido,fora de 2025-2026,,480,445,35,Dias corridos nos fazem agradecer por estarmos vivos e trabalhando! 🚀,https://www.instagram.com/reel/CpOV8l_DwtA/
18057291323452552,2025-09-03,REELS,Segurança,removido,segurança (todos fora),,474,462,12,PROERD PARABÉNS! 👏 Ver a minha Manuzinha nesse programa enche meu cor,https://www.instagram.com/reel/DOJa3OigOz0/
17963733500647497,2023-11-02,REELS,Institucional / Agenda,removido,fora de 2025-2026,,474,347,127,🚨PRECISO DA AJUDA DE VOCÊS 👇🏼 Manuzinha quer que esse vídeo chegue ,https://www.instagram.com/reel/CzJS-_7Oc6i/
17895362267711503,2023-03-27,REELS,Institucional / Agenda,removido,fora de 2025-2026,,469,445,24,🤓Fique atento: O lançamento da Frente Parlamentar em Defesa da Pessoa,https://www.instagram.com/reel/CqTlN0FD2gE/
18004257872426892,2024-04-16,REELS,Institucional / Agenda,removido,fora de 2025-2026,,467,416,51,🕕6 HORAS! Um absurdo que conhecemos muito bem! Enquanto o sul ficou i,https://www.instagram.com/reel/C51xVloO02U/
17942793968824663,2025-02-04,REELS,Institucional / Agenda,avaliar,sem regra (revisar),,460,419,41,"📢 INICIATIVA NOSSA, GANHANDO DESTAQUE 💙 O projeto do censo será entr",https://www.instagram.com/reel/DFqcsXuyMWC/
18011808277987184,2023-11-04,FEED,Institucional / Agenda,removido,fora de 2025-2026,,458,432,26,Sem palavras! ❤️💚,https://www.instagram.com/p/CzPg8RqOSv2/
17850730155349432,2025-01-30,REELS,Institucional / Agenda,avaliar,sem regra (revisar),,457,422,35,🚧 Mobilidade e segurança no Sul de SC! 🚧 Seguimos firmes na luta pel,https://www.instagram.com/reel/DFdRxhHpQbp/
18063154037225782,2025-07-16,REELS,Educação,removido,universidade gratuita,,456,422,34,🎓 UNIVERSIDADE GRATUITA! 💥 Tem gente se endividando por acreditar em,https://www.instagram.com/reel/DML5pjEp1Mk/
18065668043088437,2025-05-07,REELS,Institucional / Agenda,avaliar,sem regra (revisar),,454,430,24,🌎 Uma ferrovia pode mudar tudo. 🚂 Santa Catarina no centro de uma ro,https://www.instagram.com/reel/DJXjc4SpTRz/
18052194983469967,2026-02-08,REELS,Saúde,avaliar,saúde (avaliar),Sul-SC,450,425,25,"ESPORTES COM ESTRUTURA ⚽️🏟️ Mais que futebol: é convivência, saúde e ",https://www.instagram.com/reel/DUgBjIcgMSH/
18069643852793040,2025-05-24,FEED,Institucional / Agenda,avaliar,sem regra (revisar),,448,432,16,Que Jesus esteja sempre contigo. Te amamos filha! ❤️ Um dia especial e,https://www.instagram.com/p/DKDUZW8RZHc/
18043101259470213,2023-07-13,REELS,Institucional / Agenda,removido,fora de 2025-2026,,448,372,76,"PARABÉNS, PEPÊ! 🎊 Hoje, nós confiscamos o Instagram do Pepê pra que e",https://www.instagram.com/reel/CuotbjGO-kY/
18163008562362698,2026-01-04,REELS,Institucional / Agenda,avaliar,sem regra (revisar),,444,436,8,"🛢️ DITADURA, OURO E INTERESSES ESCONDIDOS 💰 Sim, Maduro é um ditador",https://www.instagram.com/reel/DTG0zjyDUvf/
17942419910712543,2023-10-17,FEED,Institucional / Agenda,removido,fora de 2025-2026,,437,383,54,"Hoje é o dia dela, minha morena, que está cada dia mais linda. Ela é o",https://www.instagram.com/p/CygK-LpOvo5/
18026794687925759,2024-02-06,FEED,Institucional / Agenda,removido,fora de 2025-2026,,433,419,14,Vem pro Gabinete 34! 🚀 Aqui tá faltando algumas pessoas que fazem par,https://www.instagram.com/p/C3BVsT9urWF/
17988282413654369,2025-04-27,REELS,Cultura e Tradição,avaliar,sem regra (revisar),,432,410,22,TRADIÇÃO EM AÇÃO 🇮🇹🔥🐎 Celebrando os 148 anos da imigração italiana,https://www.instagram.com/reel/DI9sgr3pCy7/
18363198670147210,2025-06-24,REELS,Educação,removido,universidade gratuita,,431,362,69,📚 MAIS INCLUSÃO NO UNIVERSIDADE GRATUITA! Defendi a inclusão dos alun,https://www.instagram.com/reel/DLTFQc_JAxJ/
18043431944046837,2024-10-15,FEED,Institucional / Agenda,removido,fora de 2025-2026,,426,392,34,Feliz Bodas de Linho pra gente! Que esses nossos 13 anos sejam sempre ,https://www.instagram.com/p/DBKUjAOStSy/
17991138830064574,2023-06-04,FEED,Institucional / Agenda,removido,fora de 2025-2026,,422,380,42,"Meu querido pai, o Galo velho da família, tá comemorando mais um ano d",https://www.instagram.com/p/CtEsvXruOhF/
18019194146324900,2024-11-08,REELS,Atualidades,removido,fora de 2025-2026,,417,393,24,MEDIDAS PROVISÓRIAS NO CONGRESSO DE 35 ANOS DA CONSTITUIÇÃO DE SC! ✅ U,https://www.instagram.com/reel/DCIHCUdyYYL/
18042722450017649,2024-10-07,FEED,Institucional / Agenda,removido,fora de 2025-2026,,411,378,33,"O SUL ACORDOU MAIS AZUL HOJE! 💙💙💙💙 Quem ganhou ai também, comenta!",https://www.instagram.com/p/DA0vsl5OLB1/
17977299791000487,2023-02-09,FEED,Institucional / Agenda,removido,fora de 2025-2026,,405,375,30,☕️Começando o dia com uma boa conversa com o Governador @jorginhomello,https://www.instagram.com/p/CoccME5us7a/
17862952227346721,2025-02-19,REELS,Rural e Agro,removido,agro sem realização,,401,346,55,🚀 MADE IN LAGUNA PRO MUNDO! 🌍🔋 A maior produtora de baterias de lít,https://www.instagram.com/reel/DGRB6APJ08Q/
17961195320744795,2025-01-31,REELS,Institucional / Agenda,avaliar,sem regra (revisar),,401,339,62,JANEIRO INTENSO!🔥🚀 O que podemos ter certeza é que trabalhamos MUITO,https://www.instagram.com/reel/DFgJHybyrQr/
17881364808282124,2025-10-06,REELS,Obras e Entregas,removido,Pescaria Brava (todos fora),,396,361,35,"🌦️ Faça chuva, faça sol, tem obra em Pescaria Brava! Hoje foi dia de ",https://www.instagram.com/reel/DPey-4XkS4x/
17912743094696505,2023-07-13,REELS,Institucional / Agenda,removido,fora de 2025-2026,,396,346,50,"SURPRESA! 🎉 Entre lideranças, amigos, família e equipe percebo o quan",https://www.instagram.com/reel/CupieS9sHkG/
18050980193640332,2025-09-25,REELS,Cultura e Tradição,avaliar,sem regra (revisar),,393,370,23,"👘✨ Hoje viemos de YUKATA, a roupa tradicional japonesa de verão, para",https://www.instagram.com/reel/DPCouFjjb2r/
18461491570079882,2025-04-25,REELS,Obras e Entregas,removido,curadoria manual (linha 10),cidade da obra,393,312,81,SEXTOUU COM CHEIRINHO DE ASFALTO NOVO! 🎉 Essa é a revitalização da SC,https://www.instagram.com/reel/DI4JyZ2pTro/
17958507701253372,2023-01-01,FEED,Institucional / Agenda,removido,fora de 2025-2026,,393,380,13,Que ano pra ficar na memoria! Só tenho que agradecer esse maravilhoso ,https://www.instagram.com/p/Cm4YLcNOzXr/
17913346503105622,2025-06-02,REELS,Obras e Entregas,aprovado,mandato chegando na cidade,Imbituba,391,315,76,VAI TER CANTEIRO DE OBRA NOSSA EM IMBITUBA!🚧 O mandato tá chegando em,https://www.instagram.com/reel/DKaMajDpBO1/
17947013960391346,2023-03-01,REELS,Institucional / Agenda,removido,fora de 2025-2026,,388,350,38,3️⃣ coisas que aprendi em um mês como deputado estadual! ✅ #santacatar,https://www.instagram.com/reel/CpQ1XDTD0fP/
18030967090917910,2024-03-13,REELS,Autismo / TEA,removido,fora de 2025-2026,,387,358,29,🧩SEMINÁRIO DE AUTISMO! Anote as datas: 📍Tubarão (22/03) 📍Fraiburgo ,https://www.instagram.com/reel/C4d4SiKue_n/
17948556185882897,2024-12-04,FEED,Institucional / Agenda,removido,fora de 2025-2026,,384,363,21,“Hoje é dia da nossa pequena Lelê brilhar! 🌟 Ela está se formando no ,https://www.instagram.com/p/DDIwZ0_upbc/
18053230045866457,2025-01-16,REELS,Institucional / Agenda,avaliar,sem regra (revisar),,383,322,61,📍 Cocal do Sul 🚀 Prefeito e toda a equipe farão um excelente mandato,https://www.instagram.com/reel/DE5UF6ZJC2k/
18026356957558651,2023-06-24,REELS,Institucional / Agenda,removido,fora de 2025-2026,,378,370,8,"SC NO GLOBO REPÓRTER! 😎 Foi lindo ver nossas ondas, nossos vinhos, no",https://www.instagram.com/reel/Ct4s2gds_T3/
18010413140118092,2024-04-08,REELS,Institucional / Agenda,removido,fora de 2025-2026,,370,325,45,ABSURDO NO BAIRRO SÃO CRISTÓVÃO! 👊 A CCR tem que repensar a mobilidad,https://www.instagram.com/reel/C5hBdN1uhP6/
18044346224513220,2024-12-22,REELS,Institucional / Agenda,removido,fora de 2025-2026,,369,342,27,Desejamos a vocês um Natal repleto de amor e união!♥️🎁,https://www.instagram.com/reel/DD5SH-4SQ7z/
18092955907708305,2025-09-05,REELS,Rural e Agro,aprovado,agro com realização,Braço do Norte,368,346,22,AGRO MAIS FORTE EM BRAÇO DO NORTE 🚜🌱 Renovamos a frota de tratores n,https://www.instagram.com/reel/DOOeN2DDeiD/
18188862379306266,2024-11-19,REELS,Institucional / Agenda,removido,fora de 2025-2026,,364,330,34,MAIOR HONRARIA DO LEGISLATIVO! 🏅 Um verdadeiro empreendedor visionári,https://www.instagram.com/reel/DCiDxXxOrtd/
17957399348589448,2023-05-06,REELS,Institucional / Agenda,removido,fora de 2025-2026,,362,330,32,Bora aprender a fazer Mac & Cheese com a Manu e a Lelê! 🧀,https://www.instagram.com/reel/Cr6oQWYMbXY/
18388624579111762,2025-02-07,REELS,Institucional / Agenda,avaliar,sem regra (revisar),,358,307,51,MAIS UM DESAFIO ACEITO ✅ A Comissão de Constituição e Justiça é a mais,https://www.instagram.com/reel/DFxxCy-OlM_/
18031645546560194,2023-08-23,FEED,Atualidades,removido,fora de 2025-2026,,358,344,14,"Entre Senadores, Deputados Federais, audiências públicas, ANTT, o dia ",https://www.instagram.com/p/CwTfDDXO7Ws/
18035806756465302,2023-05-04,REELS,Institucional / Agenda,removido,fora de 2025-2026,,352,124,228,PORTO DE IMBITUBA 🚢 O porto recebeu a Licença Ambiental de Instalação,https://www.instagram.com/reel/Cr1cSntuekS/
18093782258073617,2026-02-16,FEED,Institucional / Agenda,avaliar,sem regra (revisar),,351,321,30,"CARNAVAL OU CAMPANHA? 🎭 O que aconteceu neste domingo foi inédito e, ",https://www.instagram.com/p/DU04ub-AJr2/
17942478560821679,2024-06-14,FEED,Institucional / Agenda,removido,fora de 2025-2026,,348,323,25,"É US GURI! 💥 A caminhada começa agora e vai até outubro, rumo a uma g",https://www.instagram.com/p/C8M5mmOu8G4/
17999487377500480,2023-10-25,REELS,Obras e Entregas,removido,fora de 2025-2026,,341,296,45,"ENTREGANDO UM PRESENTE! 🎁 Nós desejamos o melhor para Pescaria Brava,",https://www.instagram.com/reel/Cy0_gWsuSvq/
17882554086023506,2024-03-18,FEED,Institucional / Agenda,removido,fora de 2025-2026,,338,330,8,Que emocionante presenciar a alegria de um universitário se formando e,https://www.instagram.com/p/C4rMDaKOqW5/
17942062581052834,2025-09-15,FEED,Institucional / Agenda,avaliar,sem regra (revisar),,337,321,16,REGULARIZAÇÃO NA BALEIA FRANCA 🏠✅ A Advocacia-Geral da União autorizo,https://www.instagram.com/p/DOo5XkVDb2T/
18067954132572541,2024-08-13,REELS,Institucional / Agenda,removido,fora de 2025-2026,,337,285,52,O SEGREDO DA LONGEVIDADE! 😅 A Manu e a Lelê deixaram tudo pronto pra ,https://www.instagram.com/reel/C-nRc4IO5Yl/
17972073752166586,2023-05-27,REELS,Institucional / Agenda,removido,fora de 2025-2026,,337,290,47,"Parabéns, Tubarão! 🦈🎉 Hoje comemoramos 153 anos da Cidade Azul. Minh",https://www.instagram.com/reel/Csv9QHONFjb/
18105413911608047,2025-10-15,FEED,Institucional / Agenda,avaliar,sem regra (revisar),,330,310,20,"Que Deus continue abençoando o nosso casamento, fortalecendo o amor e ",https://www.instagram.com/p/DP12XdKgZcn/
18039625277407811,2025-02-28,REELS,Institucional / Agenda,avaliar,sem regra (revisar),,329,312,17,🎶🪩PLAYLIST DO GABINETE 34 💃🕺 Ouça com a gente os Hits escolhidos p,https://www.instagram.com/reel/DGoauz3pbAl/
18032154944216008,2025-01-10,REELS,Obras e Entregas,aprovado,obra/entrega (direcionar p/ cidade),Paulo Lopes,329,301,28,📍PAULO LOPES! Fui conferir de perto os recursos que conseguimos pra e,https://www.instagram.com/reel/DEpxifCpts_/
17913149570943005,2024-11-29,FEED,Institucional / Agenda,removido,fora de 2025-2026,,327,302,25,2024 Que ano! 🎯 Entrando na #Trend e vendo que foi um ano cheio de de,https://www.instagram.com/p/DC-KQH5ypfD/
18380122087135090,2025-07-11,FEED,Institucional / Agenda,avaliar,sem regra (revisar),,325,204,121,QUEM PAGA O PREÇO DESSA IRRESPONSABILIDADE SOMOS NÓS! 😒 Deixe sua opi,https://www.instagram.com/p/DL-Un1QOTCl/
17917087256910051,2024-04-22,REELS,Obras e Entregas,removido,fora de 2025-2026,,325,273,52,Redragagem do Rio Tubarão! 👀 É crucial atualizar o projeto para evita,https://www.instagram.com/reel/C6E_4F0OiNx/
18083640998403325,2026-06-18,REELS,Institucional / Agenda,avaliar,sem regra (revisar),,320,270,50,🔥 FORÇA. UNIÃO. RESULTADOS. Que noite especial! Mais de 400 liderança,https://www.instagram.com/reel/DZtNrd1tou9/
18089607424813083,2025-08-29,REELS,Institucional / Agenda,avaliar,sem regra (revisar),Tubarão,320,308,12,🤝✨ Hoje é um dia especial para Tubarão! Destinamos R$100 mil para o C,https://www.instagram.com/reel/DN86PPCAb4u/
18313234696166393,2024-11-19,REELS,Institucional / Agenda,removido,fora de 2025-2026,,319,291,28,PROGRESSISTAS! 💙 Nosso partido cada vez mais unido e pronto pros desa,https://www.instagram.com/reel/DCkgmnmOeYs/
18089584849980708,2025-12-09,REELS,Institucional / Agenda,avaliar,sem regra (revisar),,318,310,8,🏅 Reconhecimento a quem faz a diferença em Santa Catarina Na noite de,https://www.instagram.com/reel/DSBkZbqDSpV/
17938283348489864,2023-02-07,FEED,Institucional / Agenda,removido,fora de 2025-2026,,314,292,22,Que honra ser LÍDER DA BANCADA PROGRESSISTA! 👏 Agradeço a confiança d,https://www.instagram.com/p/CoXT_4aOaJL/
18070311961516168,2024-06-02,FEED,Institucional / Agenda,removido,fora de 2025-2026,,311,297,14,Quem aí aceita uma tainha na telha? 🤤🐟 Pode ir pra Quermesse em Garo,https://www.instagram.com/p/C7t60OYuaW9/
18004803532779758,2023-08-08,FEED,Institucional / Agenda,removido,fora de 2025-2026,,311,287,24,Manuzinha aprovou vários projetos hoje na Comissão de Constituição e J,https://www.instagram.com/p/CvsFioeOAfm/
18171636766335912,2025-05-17,REELS,Cultura e Tradição,avaliar,sem regra (revisar),,308,290,18,"TOMBO DA POLENTA: TRADIÇÃO QUE NOS UNE!🇮🇹 Uma panela gigante, muita ",https://www.instagram.com/reel/DJwkgU0OWtF/
17993413679075746,2023-07-10,REELS,Educação,removido,fora de 2025-2026,,307,169,138,UNIVERSIDADE GRATUITA É APROVADA NAS COMISSÕES! ✅ As Comissões de Cons,https://www.instagram.com/reel/CuhrFV3Rtik/
18076342364419956,2026-03-12,REELS,Autismo / TEA,aprovado,TEA/autismo (fica todos),Público autismo / SC,306,269,37,VÍNCULO TAMBÉM ENSINA 💙 Uma criança com autismo não precisa recomeçar,https://www.instagram.com/reel/DVzNyB_gEee/
17994087407258677,2023-10-10,REELS,Obras e Entregas,removido,fora de 2025-2026,,304,273,31,POVO DE TUBARÃO! 🗣️ A redragagem do Rio Tubarão é fundamental para am,https://www.instagram.com/reel/CyO_0HlObf5/
18096879533276749,2026-04-18,REELS,Esporte,removido,esporte sem realização,,303,268,35,Um jogo de tênis com o mestre @esperidiaoamin! 🎾,https://www.instagram.com/reel/DXSpzuzDbPb/
17940545738551674,2023-02-02,REELS,Institucional / Agenda,removido,fora de 2025-2026,,303,266,37,Hoje é dia de #TBT e já podemos relembrar da posse de ontem?🫣 Ficamos,https://www.instagram.com/reel/CoLL2rgjy4V/
17918997879041497,2025-01-11,REELS,Institucional / Agenda,avaliar,sem regra (revisar),Laguna,301,276,25,"📍LAGUNA +1 milhão pra nossa linda cidade de Anita. Laguna, você merec",https://www.instagram.com/reel/DEsaz5DpX9A/
18075823358669442,2026-06-04,REELS,Cultura e Tradição,aprovado,La bella polenta,Região,300,279,21,🍝🇮🇹 LA BELLA POLENTA! 🇮🇹🍝 Tem sabores que alimentam muito mais d,https://www.instagram.com/reel/DZK3rAIAXMM/
17875035204092327,2024-06-01,REELS,Institucional / Agenda,removido,fora de 2025-2026,,300,252,48,"CHEIRINHO DE SUCESSO! 💥 Destinamos 1,5 milhão para reperfilagem de ru",https://www.instagram.com/reel/C7rX3n5u-gz/
17973490448421447,2023-07-05,FEED,Institucional / Agenda,removido,fora de 2025-2026,,300,277,23,Tô super moderninho! 😂 Até que a Inteligência Artificial foi boazinha,https://www.instagram.com/p/CuUkWf6OZrn/
18064463291059195,2025-04-16,REELS,Institucional / Agenda,avaliar,sem regra (revisar),Tubarão,297,263,34,VITÓRIA PARA O RIO TUBARÃO! ✅ O GOVERNO DO ESTADO VAI INCLUIR A REDRAG,https://www.instagram.com/reel/DIhbyUfJ64i/
18066389407408354,2023-07-27,REELS,Cultura e Tradição,removido,fora de 2025-2026,,297,289,8,Você já foi nessa igreja? 🙏 📍 Igreja Matriz Santo Antônio dos Anjos ,https://www.instagram.com/reel/CvNEIa8Lx0j/
17952983864958171,2025-05-19,REELS,Cultura e Tradição,avaliar,sem regra (revisar),,296,268,28,100 anos de Santa Teresinha Hoje a Igreja celebra 100 anos da canoniza,https://www.instagram.com/reel/DJ1L0SfuSBB/
18132719599509427,2026-02-14,FEED,Institucional / Agenda,avaliar,sem regra (revisar),,292,280,12,LINDA DEMAIS! 🎉 Ontem a passarela Negro Querido estava simplesmente e,https://www.instagram.com/p/DUvzqesgOox/
18166739050347631,2025-07-04,FEED,Esporte,removido,esporte sem realização,,292,270,22,VAMO PRA SEMIFINAL!❤️🤍💚 Só quem é tricolor sabe o que foi esse jogo!,https://www.instagram.com/p/DLtAP-qJHN1/
17866189028910191,2023-04-19,REELS,Educação,removido,fora de 2025-2026,,291,276,15,MAIS SEGURANÇA NAS ESCOLAS! 👮‍♂️ Aprovamos o projeto que coloca os CT,https://www.instagram.com/reel/CrPBBR6NIm4/
17951704328334723,2023-03-04,FEED,Obras e Entregas,removido,fora de 2025-2026,,291,278,13,"Pra obras que mudam a vida das pessoas, nós batemos palmas! 👏 A ponte",https://www.instagram.com/p/CpYg9eXu_Cj/
17919435150095663,2025-06-05,REELS,Autismo / TEA,aprovado,TEA/autismo (fica todos),Público autismo / SC,286,257,29,📊 DADOS DOS AUTISTAS EM SC! 🧩 A apresentação do @ibgeoficial foi um ,https://www.instagram.com/reel/DKh0aG-RXU5/
17855307231369949,2025-02-05,REELS,Institucional / Agenda,avaliar,sem regra (revisar),,285,254,31,"CCJ EM BOAS MÃOS! 🫶 Minhas meninas obrigado, papai tá muito feliz! 🥰",https://www.instagram.com/reel/DFtAc6tyuxf/
17863830918633197,2026-06-15,REELS,Obras e Entregas,aprovado,obra/entrega (direcionar p/ cidade),Tubarão,284,256,28,ABRINDO CAMINHO! 🚧 Uma obra que representa muito mais do que asfalto.,https://www.instagram.com/reel/DZnWAjJhOVa/
17948042933347679,2023-02-21,FEED,Institucional / Agenda,removido,fora de 2025-2026,,283,280,3,"🎉O carnaval foi em família, entre amigos, prestigiando os eventos de ",https://www.instagram.com/p/Co8HN9juYpO/
18303098686281511,2025-12-01,REELS,Institucional / Agenda,avaliar,sem regra (revisar),Capivari de Baixo,282,263,19,🚨🚐 Você viu isso? Capivari de Baixo acaba de ganhar um reforço que m,https://www.instagram.com/reel/DRuuj4sAAG3/
18030129536613173,2024-12-29,REELS,Institucional / Agenda,removido,fora de 2025-2026,,280,252,28,2025 tá chegando com tudo!!! 🚀,https://www.instagram.com/reel/DELPSTiSwrq/
17988664111711316,2023-02-14,FEED,Educação,removido,fora de 2025-2026,,279,210,69,Universidade para Todos é o assunto da nossa tribuna hoje! ✅ Ficamos f,https://www.instagram.com/tv/Cop2GjToxSh/
18081055358041453,2026-03-02,REELS,Institucional / Agenda,avaliar,sem regra (revisar),,278,254,24,"ASSISTA ATÉ O FINAL, é tudo que eu peço! 😉 Começamos a semana com uma",https://www.instagram.com/reel/DVY9JopAHO2/
17849816700657322,2026-01-16,REELS,Obras e Entregas,aprovado,obra/entrega (direcionar p/ cidade),Tubarão,277,241,36,AQUI NÃO PARA e o ASFALTO CHEGOU! 🚧🔥 O cheirinho de asfalto novo que,https://www.instagram.com/reel/DTleyCLgepb/
18056753047784742,2025-01-02,FEED,Institucional / Agenda,avaliar,sem regra (revisar),,277,269,8,"Parabéns, meu irmão @henriquecastropp11! 🎉 Você merece todo esse suce",https://www.instagram.com/p/DEUr-rrOQqG/
18026979665380794,2025-03-10,REELS,Autismo / TEA,aprovado,TEA/autismo (fica todos),Público autismo / SC,276,226,50,MANDE SUA IDEIA EM DEFESA DO AUTISMO! 🧩 Conheça nossas ações: Censo d,https://www.instagram.com/reel/DHBrCX9OzTu/
17967141944218806,2023-02-23,REELS,Institucional / Agenda,removido,fora de 2025-2026,,275,261,14,"O dia é corrido e a gente gosta! 👊🏼 Começou cedo, plenário, atendime",https://www.instagram.com/reel/CpBdcYNDu_I/
17977673156825554,2026-03-08,FEED,Institucional / Agenda,avaliar,sem regra (revisar),,274,263,11,FELIZ DIA DAS MULHERES 🌷 Hoje é dia de celebrar todas as mulheres. E ,https://www.instagram.com/p/DVn6sU8gL36/
18073340579277890,2025-09-09,REELS,Institucional / Agenda,avaliar,sem regra (revisar),,274,258,16,"🎶 PATRIMÔNIO VIVO, ORGULHO CATARINENSE! Você sabia que a Banda União ",https://www.instagram.com/reel/DOZY3xQgKiq/
17895206726714853,2023-03-24,REELS,Institucional / Agenda,removido,fora de 2025-2026,,272,240,32,É sobre a força do Povo de Tubarão! 👊🏼 Só quem já passou por enchent,https://www.instagram.com/reel/CqLx07xDEbE/
17865452462887330,2023-03-10,REELS,Institucional / Agenda,removido,fora de 2025-2026,,272,235,37,"Já que vocês comentaram, fiz a parte 2! E, quero saber o que acha de u",https://www.instagram.com/reel/CpnWl4vDCco/
18063255239177068,2025-06-27,REELS,Obras e Entregas,aprovado,obra/entrega (direcionar p/ cidade),Braço do Norte,271,255,16,"PARCERIA QUE GERA DESENVOLVIMENTO! 💪 A nova ponte no bairro Represa, ",https://www.instagram.com/reel/DLarROQJIpa/
17994212822746835,2025-01-13,FEED,Institucional / Agenda,avaliar,sem regra (revisar),,270,260,10,"PLAY 2025! ✅ Visitei os prefeitos eleitos da região sul, reforçando no",https://www.instagram.com/p/DEx_Bm5SAJv/
17930958552101291,2026-06-18,FEED,Institucional / Agenda,avaliar,sem regra (revisar),,269,243,26,Hoje é um dia de gratidão e orgulho. Receber o Título Honorário de Cid,https://www.instagram.com/p/DZvq12pAzO1/
18105659794484976,2025-02-23,FEED,Institucional / Agenda,avaliar,sem regra (revisar),,266,262,4,Momentos especiais ao pôr do sol em família! ❤️,https://www.instagram.com/p/DGbAzIVJZcT/
18048176957331413,2025-01-20,REELS,Saúde,avaliar,saúde (avaliar),Orleans,266,256,10,📍 ORLEANS Investir em saúde é investir na qualidade de vida das pesso,https://www.instagram.com/reel/DFDAZr2OzDO/
17958213626313340,2023-04-04,REELS,Institucional / Agenda,removido,fora de 2025-2026,,266,245,21,Um SUCESSO! 🚀 O lançamento da Frente Parlamentar em Defesa da Pessoa ,https://www.instagram.com/reel/CqoVSfhsuzO/
18060897467288007,2025-04-06,REELS,Institucional / Agenda,avaliar,sem regra (revisar),,264,248,16,Que tristeza! 😱 Acidentes como este são frequentes no Morro dos Caval,https://www.instagram.com/reel/DIHZyEYJWM-/
17960943935801222,2024-09-17,REELS,Institucional / Agenda,removido,fora de 2025-2026,,264,212,52,🤣ERROS DE GRAVAÇÃO! 🎬 Foram várias horas trabalhando e gravando para,https://www.instagram.com/reel/DACKtO2uU9a/
17865444420089962,2024-03-06,FEED,Institucional / Agenda,removido,fora de 2025-2026,,264,239,25,😁Alegria em trazer alguém que é uma referência dentro e fora das quad,https://www.instagram.com/p/C4Lf3IPuV-d/
18029688214662379,2023-12-24,REELS,Institucional / Agenda,removido,fora de 2025-2026,,260,234,26,FELIZ NATAL A TODOS OS CATARINENSES!🎄🎅❤️ #natal #feliznatal #catarin,https://www.instagram.com/reel/C1PVmDxO5RZ/
18376767322181812,2025-09-24,FEED,Obras e Entregas,removido,retirar redragagem,cidade da obra,259,257,2,MAIS UM PASSO DADO PARA A REDRAGAGEM 📑✅ Hoje foi assinada a contrataç,https://www.instagram.com/p/DPADbfNDbvZ/
17902329611970319,2024-04-20,REELS,Obras e Entregas,removido,fora de 2025-2026,,259,244,15,SERRA DO CORVO BRANCO 🚧 OBRA RETOMADA! ✨ A retomada dessa obra é um p,https://www.instagram.com/reel/C59mUcCOFtL/
17953133066844723,2024-11-04,FEED,Obras e Entregas,removido,fora de 2025-2026,,258,226,32,📢 Notícia Boa! 📢 As emendas já estão nas contas das prefeituras! 🎉 ,https://www.instagram.com/p/DB9nd2ty-jm/
17900063484017991,2024-08-06,REELS,Institucional / Agenda,removido,fora de 2025-2026,,256,237,19,VITÓRIA DO PADEL! 🎾 🏓 A Associação de Padelistas Brasileiros foi apr,https://www.instagram.com/reel/C-V972uJGgz/
17878025456786116,2023-03-07,REELS,Institucional / Agenda,removido,fora de 2025-2026,,256,230,26,Aproveitando o fim do expediente pra responder alguns comentários! 🙌 ,https://www.instagram.com/reel/CpgHD1BDa2x/
18199337572328012,2026-01-14,REELS,Institucional / Agenda,avaliar,sem regra (revisar),Gravatal,254,242,12,Começando o ano com o pé direito! 🙌 Gravatal avança com a inauguração,https://www.instagram.com/reel/DTgihs4CSe_/
17918819336873002,2024-04-02,REELS,Autismo / TEA,removido,fora de 2025-2026,,254,228,26,"EU DEFENDO O AUTISMO E VOCÊ? 🧩 Essa pauta é uma das minhas bandeiras,",https://www.instagram.com/reel/C5Q9xM6uj11/
17851466925603965,2025-12-18,FEED,Institucional / Agenda,avaliar,sem regra (revisar),,253,246,7,Formatura do 5º ano da nossa Manu 🎓 Um passo importante nessa caminha,https://www.instagram.com/p/DSYtcYyjQAo/
18029445748704070,2023-12-07,REELS,Saúde,removido,fora de 2025-2026,,253,234,19,"NOTÍCIA IMPORTANTE! 🏥✨ O Hospital Nossa Senhora da Conceição, em Tuba",https://www.instagram.com/reel/C0kQMkpObIq/
17859225378405498,2025-04-23,REELS,Institucional / Agenda,avaliar,sem regra (revisar),,252,239,13,🕊️ Um ciclo se encerra no Vaticano! A transição no papado é mais que ,https://www.instagram.com/reel/DIyxPUip-91/
17889019757909789,2023-09-13,REELS,Educação,removido,fora de 2025-2026,,252,237,15,Uma universidade cheia de história que faz parte da luta por igualdade,https://www.instagram.com/reel/CxJXlVvOkaL/
17996169982711181,2023-02-14,REELS,Institucional / Agenda,removido,fora de 2025-2026,,252,222,30,QUEREMOS A INCLUSÃO! ✅ Trabalhando diariamente para representar todos ,https://www.instagram.com/reel/CoqIzqjjGbj/
18193775347325367,2025-10-17,FEED,Institucional / Agenda,avaliar,sem regra (revisar),,250,228,22,"Parabéns, meu amor, Bruna! 😍 Muitos anos de vida. Você é uma mulher i",https://www.instagram.com/p/DP6dZgvjYL-/
17868826248225202,2025-02-08,FEED,Institucional / Agenda,avaliar,sem regra (revisar),,250,232,18,Arrasta pro lado e vê as notícias da semana! ➡️😉,https://www.instagram.com/p/DF0VIDnuM0g/
18035334172507654,2023-07-07,FEED,Institucional / Agenda,removido,fora de 2025-2026,,250,226,24,"Parabéns, minha doce Manuzinha! 🎉Que seu dia seja recheado de sorriso",https://www.instagram.com/p/CuZVYghueLt/
18032388968678549,2025-07-14,REELS,Institucional / Agenda,avaliar,sem regra (revisar),Garopaba,249,238,11,"✨ O que era sonho, agora é realidade! Garopaba acaba de ganhar uma nov",https://www.instagram.com/reel/DMF8t68OUya/
17869467144376527,2025-05-26,REELS,Obras e Entregas,removido,curadoria manual V6 (linha 18),cidade da obra,249,223,26,QUE APRESENTAÇÃO! 👏 Hoje entregamos uma Moção de Aplausos à Sociedade,https://www.instagram.com/reel/DKIfuBhovJ-/
18409151743141967,2025-11-04,FEED,Institucional / Agenda,avaliar,sem regra (revisar),,248,219,29,Que honra imensa! Receber o Título de Cidadão Honorário de Antônio Car,https://www.instagram.com/p/DQp1Q7KDQhT/
18011285881856412,2023-08-25,REELS,Obras e Entregas,removido,fora de 2025-2026,,248,221,27,LUTANDO PELOS ACESSOS DAS MARGINAIS! ✅ Estivemos na ANTT para reivindi,https://www.instagram.com/reel/CwV17iDoSLB/
17968139189335651,2023-04-02,REELS,Autismo / TEA,removido,fora de 2025-2026,,247,238,9,➡️Hoje é o Dia Mundial da Conscientização sobre o Autismo e nada melho,https://www.instagram.com/reel/Cqi37UjDa8D/
17874414273528951,2026-07-05,FEED,Institucional / Agenda,avaliar,sem regra (revisar),,246,232,14,"NOSSA MANU, 12 ANOS! 🎉💙 Gratidão por celebrar a tua vida minha filha",https://www.instagram.com/p/Daa_GhDJKyY/
18240292147286708,2024-09-21,FEED,Cultura e Tradição,removido,fora de 2025-2026,,246,238,8,DIA DE CURTIR A FAMÍLIA! 💕 O colégio @saojosetubarao fez essa festa d,https://www.instagram.com/p/DAMQKyQyj5C/
17850216630163460,2024-04-29,REELS,Institucional / Agenda,removido,fora de 2025-2026,,246,224,22,"Balneário Camboriú foi um sucesso!✨ Com 600 participantes, o evento so",https://www.instagram.com/reel/C6XMVwauqLg/
18084553258939897,2025-10-13,REELS,Institucional / Agenda,avaliar,sem regra (revisar),,244,231,13,🌸 FORÇA E DEDICAÇÃO QUE INSPIRAM! O Clube de Mães é um exemplo de com,https://www.instagram.com/reel/DPwvErmAQxZ/
17947965824881815,2025-08-04,REELS,Institucional / Agenda,avaliar,sem regra (revisar),,244,234,10,"🏗️ O Clube do Idoso será ampliado! Mais qualidade de vida, mais respe",https://www.instagram.com/reel/DM8Y7FopI7w/
18055592761672722,2024-07-21,REELS,Institucional / Agenda,removido,fora de 2025-2026,,244,233,11,Tirar um tempinho para viajar com a família é fundamental para renovar,https://www.instagram.com/reel/C9sWS5SOOMn/
17936743805837431,2024-06-04,FEED,Institucional / Agenda,removido,fora de 2025-2026,,244,213,31,"Querido Pai, hoje é dia de te lembrar o quanto você me inspira, o quan",https://www.instagram.com/p/C7y5BnaOGGR/
18059687240197714,2025-07-12,REELS,Atualidades,removido,base de atualidades cai,,241,196,45,📉 Quem paga a conta dos novos impostos? Sempre o povo. Enquanto dever,https://www.instagram.com/reel/DMAhFwpOzVW/
18079324729994807,2025-10-01,REELS,Institucional / Agenda,avaliar,sem regra (revisar),,240,211,29,Qual a sua opinião sobre COTAS pra outros estados? 👀 #UDESC #COTAS,https://www.instagram.com/reel/DPSGfrrjTXm/
17890598652389235,2025-12-07,REELS,Rural e Agro,removido,aumento do leite em pó,,239,222,17,Você sabia que o aumento do uso de leite em pó importado tem preocupad,https://www.instagram.com/reel/DR9dQfvgPj0/
17903830161168660,2025-05-09,REELS,Obras e Entregas,aprovado,obra/entrega (direcionar p/ cidade),Lages,238,224,14,"REGIÃO SERRANA, obrigado! É na estrada ouvindo a população, conversand",https://www.instagram.com/reel/DJcYcGlJzlY/
17864492127312613,2025-01-14,REELS,Institucional / Agenda,avaliar,sem regra (revisar),Nova Veneza,238,225,13,1 Milhão pra nossa amada Nova Veneza! 🚀 @angelaghislandi vai começar ,https://www.instagram.com/reel/DE0qKbJOmnH/
18108905053813827,2026-03-10,REELS,Institucional / Agenda,avaliar,sem regra (revisar),Urupema,237,225,12,"BOA NOTÍCIA PRA URUPEMA ❄️🏙️ Mesmo com a noitinha chegando, não deixa",https://www.instagram.com/reel/DVt_YclDc1n/
17900553792103617,2025-02-27,FEED,Institucional / Agenda,removido,reunião com Jorginho,,236,229,7,"IMPULSIONANDO A AMREC! 🚀 Ao lado do Governador @jorginhomello, trabal",https://www.instagram.com/p/DGmFFH2pBYP/
18072758644457369,2024-05-29,REELS,Institucional / Agenda,removido,fora de 2025-2026,,236,211,25,CAMPEÕES DE JIU-JITSU DE PESCARIA BRAVA! 🥋🏆 Homenagem aos talentosos,https://www.instagram.com/reel/C7kT53uuIaY/
18054900461280197,2025-10-16,REELS,Saúde,avaliar,saúde (avaliar),Sul-SC,235,211,24,OUTUBRO ROSA É COISA SÉRIA 💗 O câncer de mama e do colo do útero prec,https://www.instagram.com/reel/DP4ovpeAD6x/
18233207974209745,2023-09-06,REELS,Institucional / Agenda,removido,fora de 2025-2026,,235,216,19,5️⃣PAUTAS QUE A BANCADA DO SUL VAI DEFENDER! ✅ Essas são algumas das p,https://www.instagram.com/reel/Cw3YpYauqbE/
18122543977431907,2025-04-07,REELS,Institucional / Agenda,avaliar,sem regra (revisar),,234,210,24,Precisamos ser ouvidos! Deixe aqui seu comentário!,https://www.instagram.com/reel/DIIC_kbJVqp/
17973520052027625,2023-02-09,REELS,Rural e Agro,removido,fora de 2025-2026,,234,226,8,🌾O ARROZ DA NOSSA MESA VEM DO CAMPO! ✅ A 5ª Abertura Oficial da Colhe,https://www.instagram.com/reel/CodFiIDJ180/
18349992982087301,2025-07-07,FEED,Atualidades,removido,base de atualidades cai,,233,214,19,"MILEI CORTA IMPOSTOS, LULA AUMENTA! 😒 O aumento de impostos só tira o",https://www.instagram.com/p/DL00C27pJLz/
17956842668910517,2025-02-14,REELS,Obras e Entregas,removido,curadoria manual (linha 24),cidade da obra,233,208,25,🚁 Prevenção antes da tragédia! O projeto da redragagem dos molhes da ,https://www.instagram.com/reel/DGEXkuMpZG6/
17985698432215165,2023-10-07,REELS,Institucional / Agenda,removido,fora de 2025-2026,,231,224,7,🚨ATUALIZAÇÕES! A previsão continua a ser de muita chuva amanhã aqui e,https://www.instagram.com/reel/CyHHPFIOydT/
18417622435062741,2024-02-12,FEED,Cultura e Tradição,removido,fora de 2025-2026,,230,226,4,Mais um carnaval cheio de histórias pra contar! 🎉 Até no Trio do Bloc,https://www.instagram.com/p/C3Qd5ChOsQ0/
18160296187304817,2023-04-20,REELS,Esporte,removido,fora de 2025-2026,,230,212,18,"A Reinauguração do Ginásio Osnizão é importante pro lazer, esporte e s",https://www.instagram.com/reel/CrRnxxlu8nT/
18356115520090894,2025-10-05,REELS,Rural e Agro,removido,agro sem realização,,229,215,14,BOLA DENTRO PELO ESPORTE! ⚽️ A revitalização do campo em Criciúma rece,https://www.instagram.com/reel/DPb3ExwgG7r/
18083847751936882,2025-09-30,FEED,Institucional / Agenda,avaliar,sem regra (revisar),,229,220,9,130 ANOS DE AMIZADE 🇧🇷🤝🇯🇵 Santa Catarina tem orgulho da contribui,https://www.instagram.com/p/DPNQzlcjZW2/
18085067798526167,2026-05-10,FEED,Institucional / Agenda,avaliar,sem regra (revisar),,227,219,8,Hoje é dia de homenagear quem é o alicerce da minha família. ❤️ @brubr,https://www.instagram.com/p/DYKMSKsgIiP/
18045961067317088,2024-10-30,FEED,Institucional / Agenda,removido,fora de 2025-2026,,227,221,6,"APOIO, COMPROMISSO E RESULTADO! 🤝✨ Estamos ao lado dos prefeitos e ve",https://www.instagram.com/p/DBw2fMByBaA/
17971395962987352,2026-01-15,REELS,Institucional / Agenda,avaliar,sem regra (revisar),,226,207,19,"SE EU PUDESSE, EU RESOLVIA TUDO! 💪🏼 Se fosse só pela vontade, tava t",https://www.instagram.com/reel/DTish1nAU9M/
18067510810386767,2023-06-15,REELS,Institucional / Agenda,removido,fora de 2025-2026,,226,201,25,Erros de gravação bons demais pra ficarem perdidos na galeria do celul,https://www.instagram.com/reel/CthtQLbtWyY/
18017951224799899,2023-10-05,FEED,Institucional / Agenda,removido,fora de 2025-2026,,225,216,9,O #TBT de hoje não poderia ser diferente! ❤️💚 Pra cima Flusão! #flumi,https://www.instagram.com/p/CyBIL5mOasb/
17989617422019506,2023-06-08,REELS,Cultura e Tradição,removido,fora de 2025-2026,,224,216,8,"Bem-vindo, Junho! 🔥 É tempo de celebrar a alegria das festas juninas,",https://www.instagram.com/reel/CtPllHfAhGq/
18046968611099018,2024-11-01,REELS,Autismo / TEA,removido,fora de 2025-2026,,222,194,28,UM CENSO DE AUTISMO 🧩 Um passo essencial para garantir políticas públ,https://www.instagram.com/reel/DB1-NSZyG0d/
17981250665030645,2023-04-13,REELS,Institucional / Agenda,removido,fora de 2025-2026,,222,213,9,Sabe como é a rotina de trabalho de um deputado na Assembleia Legislat,https://www.instagram.com/reel/Cq_Z1fiOSCS/
17869226667431954,2025-09-03,FEED,Segurança,removido,segurança (todos fora),,220,215,5,PROERD: LIÇÕES PARA A VIDA ✨👮‍♂️👧👦 O PROERD vai muito além da sala ,https://www.instagram.com/p/DOHulb0DVjZ/
18295538335172330,2025-03-28,REELS,Obras e Entregas,aprovado,obra/entrega (direcionar p/ cidade),Gravatal,220,204,16,NÓS CHEGAMOS EM GRAVATAL! 🚀 Nossos recursos estão sendo aplicados e f,https://www.instagram.com/reel/DHwakBvpDEZ/
17866333263275624,2024-12-23,REELS,Educação,removido,fora de 2025-2026,,219,200,19,MAIS ENTREGA! 🚙 Entregamos um veículo novo pra Apae de Içara que faz ,https://www.instagram.com/reel/DD7beoXptHK/
18016844888485746,2024-03-27,REELS,Institucional / Agenda,removido,fora de 2025-2026,,219,201,18,Um bombom pra alegrar a tarde de todo mundo que passa no Gabinete 34! ,https://www.instagram.com/reel/C5BwHPCuCXL/
18051761678329409,2025-10-25,FEED,Institucional / Agenda,removido,Pescaria Brava (todos fora),,218,210,8,"✨ Parabéns, Pescaria Brava! 🎉 A cidade mais jovem de Santa Catarina s",https://www.instagram.com/p/DQQCXWZDfXy/
17910546135064965,2025-01-08,REELS,Autismo / TEA,aprovado,TEA/autismo (fica todos),Público autismo / SC,218,193,25,AUTISMO: PROJETO DO CENSO É PIONEIRO! 🧩 Nossa iniciativa de parceria ,https://www.instagram.com/reel/DElL-s4pqc7/
18285013024269248,2025-07-20,REELS,Segurança,removido,segurança (todos fora),,217,208,9,"🚧 Obra aguardada, conquista confirmada! A ligação entre a Várzea e a ",https://www.instagram.com/reel/DMVbiB5uwiT/
18226559419259818,2024-03-25,REELS,Obras e Entregas,removido,fora de 2025-2026,,216,202,14,Junte-se a nós na busca pela redragagem do Rio Tubarão! A obra é nossa,https://www.instagram.com/reel/C48Wb8HuSvf/
18060792083136599,2025-09-30,REELS,Cultura e Tradição,avaliar,sem regra (revisar),,215,210,5,130 ANOS DE AMIZADE 🇧🇷🤝🇯🇵 Uma história de respeito e cooperação q,https://www.instagram.com/reel/DPPDM-MAP3K/
18230177509162501,2023-02-13,FEED,Autismo / TEA,removido,fora de 2025-2026,,215,194,21,📌Defender o direito das pessoas com Autismo é uma das nossas bandeira,https://www.instagram.com/p/ConwL3wOK5r/
17995812554923670,2026-03-20,FEED,Institucional / Agenda,avaliar,sem regra (revisar),,214,192,22,A última vai te surpreender! 👀🍍 Comenta aqui a que você achou mais c,https://www.instagram.com/p/DWHzUh1gdmZ/
18016073249357569,2024-06-09,FEED,Institucional / Agenda,removido,fora de 2025-2026,,214,210,4,Momento de muita oração onde nos preenchemos de fé e amor. Recebendo a,https://www.instagram.com/p/C7-bx_axi_8/
18018536546299460,2024-02-22,REELS,Institucional / Agenda,removido,fora de 2025-2026,,213,184,29,Esse é só um pouquinho do meu trabalho!😜 #deputadoestadual #pepecolla,https://www.instagram.com/reel/C3qU9D3Or-n/
17979608036872429,2025-09-08,FEED,Institucional / Agenda,avaliar,sem regra (revisar),Tubarão,212,169,43,"TER DEPUTADO FAZ DIFERENÇA! 🚀 Tubarão pode contar comigo hoje, amanhã",https://www.instagram.com/p/DOWbHnHAB0-/
18098654588322981,2026-05-05,FEED,Institucional / Agenda,avaliar,sem regra (revisar),,210,189,21,Estamos escalados pra esse ano! 🇧🇷 🛡️Saíram as figurinhas do time q,https://www.instagram.com/p/DX-EPz4mQ3_/
18051624506003893,2024-12-16,REELS,Educação,removido,fora de 2025-2026,,210,178,32,🗳️ Educação que transforma o futuro!📚 Você sabia que a Educação Mora,https://www.instagram.com/reel/DDp0fN4yDFO/
17875608392780356,2023-02-08,FEED,Institucional / Agenda,removido,fora de 2025-2026,,210,189,21,Ao vivo da tribuna falando diretamente com os jovens que sonham com um,https://www.instagram.com/tv/CoaYDqSog6-/
17940237614938408,2025-09-12,REELS,Autismo / TEA,aprovado,TEA/autismo (fica todos),Público autismo / SC,209,192,17,INCLUSÃO QUE FAZ A DIFERENÇA! 🧩 Uma sala sensorial transforma a exper,https://www.instagram.com/reel/DOgD7NZgMO6/
17872836675189081,2024-10-03,REELS,Esporte,removido,fora de 2025-2026,,208,195,13,Nossa Judoca trocou de faixa hoje! 💕✨ Esportes e artes marciais ensin,https://www.instagram.com/reel/DArPMs8SPS0/
17917467359905832,2024-04-03,REELS,Obras e Entregas,removido,fora de 2025-2026,,207,186,21,A CCR TEM QUE NOS OUVIR! 🗣️ Nossas marginais da BR-101 estão sendo al,https://www.instagram.com/reel/C5UOUSnOC9b/
17862008265649774,2026-06-23,REELS,Institucional / Agenda,avaliar,sem regra (revisar),,206,195,11,"FIM DA ESPERA! 🌉✅ Depois de mais de 20 anos de espera, a comunidade d",https://www.instagram.com/reel/DZ7sV1TgI_m/
17968506308331792,2023-03-02,FEED,Institucional / Agenda,removido,fora de 2025-2026,,206,196,10,"O #TBT é delas. Papai tá com saudade, amo vocês! ❤️ #santacatarina #fa",https://www.instagram.com/p/CpSoBOnOyMl/
18440615629041985,2024-05-27,REELS,Cultura e Tradição,removido,fora de 2025-2026,,205,192,13,"🎉🎂 Parabéns, Tubarão! Hoje você completa 154 anos de história e forç",https://www.instagram.com/reel/C7eNCUoOtLs/
17892233547126676,2025-05-21,FEED,Institucional / Agenda,avaliar,sem regra (revisar),,204,198,6,Como é bom receber vocês! 💕 @redefemininatubarao contem comigo nessa ,https://www.instagram.com/p/DJ7eqtLJ_x6/
17979427448110453,2023-06-29,REELS,Cultura e Tradição,removido,fora de 2025-2026,,204,189,15,"ROTA TURÍSTICA DAS ÁGUAS TERMAIS! 💦 O turismo, a cultura e a terra da",https://www.instagram.com/reel/CuFa3NVOwA6/
18116830186649172,2026-03-26,FEED,Institucional / Agenda,avaliar,sem regra (revisar),,202,187,15,ORGULHO PROGRESSISTA! 💙,https://www.instagram.com/p/DWVFbCkjZde/
18082040732319718,2025-11-22,REELS,Cultura e Tradição,avaliar,sem regra (revisar),,202,186,16,"A tilápia é mais que um peixe: é renda, tradição e o sustento de cente",https://www.instagram.com/reel/DRXsHungVDy/
18065949050191374,2025-08-29,REELS,Institucional / Agenda,avaliar,sem regra (revisar),Içara,202,179,23,✨ Gratidão imensa a toda a cidade de Içara pelo título de Cidadão de I,https://www.instagram.com/reel/DN61HFmDW1i/
17984358686457131,2024-01-26,FEED,Institucional / Agenda,removido,fora de 2025-2026,,201,189,12,Ano eleitoral o assunto não poderia ser outro: política e eleições! 😉,https://www.instagram.com/p/C2lGNUWuywS/
18078062003399096,2026-06-07,FEED,Cultura e Tradição,avaliar,sem regra (revisar),,199,190,9,"🎉🌽 TEMPO DE FESTA JUNINA! Chegou uma das épocas mais bonitas do ano,",https://www.instagram.com/p/DZSpoECPRhN/
17989997887992788,2023-07-24,FEED,Autismo / TEA,removido,fora de 2025-2026,,199,183,16,🧩É fazendo grupos de trabalho da Frente Parlamentar do Autismo que ag,https://www.instagram.com/p/CvF_QyZuHok/
17973700472514434,2023-06-12,REELS,Obras e Entregas,removido,fora de 2025-2026,,199,173,26,"+ de R$ 13 milhões em investimentos de equipamentos e veículos, 🚒 🧑‍",https://www.instagram.com/reel/CtZEX7iuU3T/
17983638451793262,2023-02-24,FEED,Institucional / Agenda,removido,fora de 2025-2026,,199,185,14,O movimento Pepê por Elas foi fundamental durante a campanha e reconhe,https://www.instagram.com/p/CpDwOa7up1M/
18037922189275127,2024-10-21,REELS,Educação,removido,fora de 2025-2026,,198,176,22,Estágio Visita! 📚 Um programa que faz a diferença na formação polític,https://www.instagram.com/reel/DBZdUUwyYCD/
17878573433957265,2023-10-02,FEED,Institucional / Agenda,removido,fora de 2025-2026,,198,188,10,Um ano se passou desde a eleição. Foi um dia inesquecível. Me lembro d,https://www.instagram.com/p/Cx6H5v6OEfK/
18328477348071968,2023-02-03,FEED,Institucional / Agenda,removido,fora de 2025-2026,,198,182,16,"📰Essas são algumas das nossas bandeiras, ideias e compromissos e faze",https://www.instagram.com/p/CoNyCukOrYQ/
18079745014519465,2024-12-03,REELS,Obras e Entregas,removido,fora de 2025-2026,,197,175,22,MATO NAS RODOVIAS! 🌱🛣️🌿 Questionei o estado por esse abandono das r,https://www.instagram.com/reel/DDIAOxppH4L/
17984267759082130,2023-07-21,REELS,Institucional / Agenda,removido,fora de 2025-2026,,197,188,9,GAROPABA E PAULO LOPES BEM REPRESENTADAS! 👏 Hoje o dia foi de muito t,https://www.instagram.com/reel/Cu-XlbusbR7/
18094195078789798,2026-02-15,REELS,Institucional / Agenda,avaliar,sem regra (revisar),,196,185,11,"NÃO É MILAGRE. É MECANISMO. 🧠🔬 Quando a ciência entende a causa, ela",https://www.instagram.com/reel/DUyJsSoAIz2/
18200522245217118,2023-03-08,REELS,Institucional / Agenda,removido,fora de 2025-2026,,196,188,8,"As mulheres são exemplos de força, coragem e amor. Mães, avós, filhas,",https://www.instagram.com/reel/Cph93DRDHda/
18103664563847547,2026-06-29,REELS,Institucional / Agenda,avaliar,sem regra (revisar),,195,172,23,SANTA CATARINA MERECE RESPEITO! 👊🇧🇷 Santa Catarina é terra de gente,https://www.instagram.com/reel/DaK_pNiAD9b/
17987102942384190,2024-01-23,REELS,Institucional / Agenda,removido,fora de 2025-2026,,195,183,12,PRONTA PRA SALVAR VIDAS! 🩸 A nova sede do Hemosc inaugurada em Tubarã,https://www.instagram.com/reel/C2cz8InukK1/
18140189095472938,2026-05-30,FEED,Esporte,removido,esporte sem realização,,194,178,16,JUDÔ E VALORES 🥋❤️ O esporte ensina muito mais do que técnica. Ensina,https://www.instagram.com/p/DY946lRgCGN/
17922807051089857,2025-05-31,FEED,Rural e Agro,removido,agro sem realização,,194,187,7,"📍 **ESTAR PERTO FAZ TODA A DIFERENÇA!** 🚗✨ Passamos por Agronômica, ",https://www.instagram.com/p/DKTKuzxI2Rm/
18012689960689564,2025-01-21,REELS,Institucional / Agenda,avaliar,sem regra (revisar),Pedras Grandes,194,186,8,📍PEDRAS GRANDES! 👏 A visão do prefeito @agnaldofilippi para o turism,https://www.instagram.com/reel/DFGnE2TyanV/
18028550494913523,2024-03-03,REELS,Obras e Entregas,removido,fora de 2025-2026,,194,184,10,"DE OLHO NAS ESTRADAS! 👀 A Serra do Corvo Branco necessita de atenção,",https://www.instagram.com/reel/C4Df724uaji/
18078590954676013,2026-07-14,REELS,Obras e Entregas,aprovado,obra/entrega (direcionar p/ cidade),cidade da obra,193,165,28,"INFRAESTRUTURA É PRIORIDADE! 🚧 Santa Catarina cresce, produz e gera o",https://www.instagram.com/reel/DayZRJateKd/
17911834062071300,2025-02-03,FEED,Institucional / Agenda,avaliar,sem regra (revisar),,193,186,7,CONCLUÍDO COM SUCESSO ✅ Janeiro foi um mês de muito diálogo e compromi,https://www.instagram.com/p/DFnmcuIJzBC/
18094428545344007,2026-06-30,REELS,Esporte,removido,curadoria manual (linha 29),,190,182,8,EM CLIMA DE COPA O ESPORTE MERECE ESTRUTURA! ⚽🔥 Quem vê um placar ele,https://www.instagram.com/reel/DaOGeN9pl4L/
18088649824404023,2024-01-07,FEED,Institucional / Agenda,removido,fora de 2025-2026,,190,182,8,Um ano de trabalho intenso se passou! 🚀💼 A dedicação trouxe muitas c,https://www.instagram.com/p/C1zSD1Eul7H/
17989295723256266,2023-11-21,REELS,Saúde,removido,fora de 2025-2026,,190,178,12,💸Hospital de Tubarão recebe R$ 400 mil para a emergência 🏥O Hospital,https://www.instagram.com/reel/Cz7Lra1ueic/
18511153846003636,2025-06-08,REELS,Institucional / Agenda,avaliar,sem regra (revisar),Gravatal,189,184,5,"Um bolinho arrematado em Gravatal 😋 Gosto de estar assim, junto da co",https://www.instagram.com/reel/DKpjMYMpDBy/
17943495918054730,2025-09-26,REELS,Obras e Entregas,aprovado,obra/entrega (direcionar p/ cidade),Tubarão,188,182,6,"MAIS UMA OBRA PRA VALER 🚧 A rua 12 de Outubro, em Tubarão, está saind",https://www.instagram.com/reel/DPEqxayjGmo/
18016066384589710,2023-05-12,REELS,Rural e Agro,removido,fora de 2025-2026,,188,184,4,"A segunda edição da Agropolo tá acontecendo hoje, sábado e domingo, no",https://www.instagram.com/reel/CsKRzstLAHn/
18393800704152928,2026-04-29,REELS,Atualidades,removido,base de atualidades cai,,186,172,14,IMPOSTO QUE FICA NA CIDADE 💰 Você sabia que pode destinar parte do se,https://www.instagram.com/reel/DXuTuKagIZM/
18042009116167436,2025-04-08,REELS,Institucional / Agenda,avaliar,sem regra (revisar),,186,176,10,TRAGÉDIA ANUNCIADA! ❌ 🚨 O acidente do final de semana escancarou o de,https://www.instagram.com/reel/DIM6vKTJ0X7/
18073041133620917,2024-12-02,REELS,Autismo / TEA,removido,fora de 2025-2026,,185,169,16,"AUTISMO, eu defendo! 🧩💙 🚨 Conquistas que transformam vidas: 📽️ Lei",https://www.instagram.com/reel/DDFTmWEpgM_/
17887757756898175,2023-12-11,REELS,Institucional / Agenda,removido,fora de 2025-2026,,185,170,15,QUE TRABALHO LINDO! 🌻 Orgulho de ver de perto esse trabalho que impac,https://www.instagram.com/reel/C0ulgFfu95l/
18021850415523904,2024-09-11,REELS,Institucional / Agenda,removido,fora de 2025-2026,,184,164,20,Essa é nossa mini Deputada Helena dominando a Assembleia! Quem aguenta,https://www.instagram.com/reel/C_yhiW3ySLT/
18427807819058183,2024-03-25,FEED,Institucional / Agenda,removido,fora de 2025-2026,,184,168,16,Um passo importante para o futuro de Tubarão! 👊😉 Dia de filiar o dr.,https://www.instagram.com/p/C49MnWbOOYx/
17992034386830684,2023-03-14,FEED,Institucional / Agenda,removido,fora de 2025-2026,,184,172,12,Mais um dia cheio! 🙌 Começamos cedo com entrevista no caminho para Fl,https://www.instagram.com/p/CpyQIybOD1p/
18599032210057653,2026-07-05,REELS,Esporte,removido,curadoria manual V6 (linha 25),Morro da Fumaça,183,162,21,"É GOLAÇO PARA MORRO DA FUMAÇA! ⚽🇧🇷 Em dia de jogo da Seleção, quem t",https://www.instagram.com/reel/DaaZdM-AVlQ/
18113246866764507,2026-04-17,REELS,Obras e Entregas,aprovado,obra/entrega (direcionar p/ cidade),Ituporanga,183,168,15,RESULTADO QUE APARECE 👷‍♂️ Aqui não é promessa. É investimento que sa,https://www.instagram.com/reel/DXPmqjdkRsv/
18456018196075876,2025-04-19,REELS,Institucional / Agenda,avaliar,sem regra (revisar),,183,167,16,"TENSÃO ENTRE GIGANTES 🇨🇳🇺🇸 China x EUA… e no meio disso tudo, o Br",https://www.instagram.com/reel/DIpA9Kap7c7/
17923176591006150,2025-01-22,REELS,Obras e Entregas,aprovado,obra/entrega (direcionar p/ cidade),cidade da obra,183,167,16,E O SUL DE SANTA CATARINA? 🧐 Precisamos de investimentos em contençõe,https://www.instagram.com/reel/DFJKJr-yElg/
18260594938180714,2023-03-30,REELS,Institucional / Agenda,removido,fora de 2025-2026,,182,174,8,"Como diz meu sogro Brunel, NOSSO CAPIVARI está de parabéns pelos 31 an",https://www.instagram.com/reel/CqbXlV1jKDy/
18053715775887327,2025-02-01,FEED,Institucional / Agenda,avaliar,sem regra (revisar),,181,177,4,Parabéns amigo @juliogarciasc que seu novo biênio como presidente da A,https://www.instagram.com/p/DFi19ESS6ND/
18060190183903932,2025-01-04,REELS,Institucional / Agenda,avaliar,sem regra (revisar),,181,172,9,Isso é o que desejo a você em 2025! 👏 Alguém que te apoie e ajude a c,https://www.instagram.com/reel/DEZzUZaR98X/
17868448596238091,2024-11-16,REELS,Obras e Entregas,removido,fora de 2025-2026,,181,166,15,Amor aos animais exige responsabilidade! 🐾❤️ Com uma emenda de R$ 150,https://www.instagram.com/reel/DCcl5pXSh3j/
17912213246839639,2023-11-21,REELS,Institucional / Agenda,removido,fora de 2025-2026,,181,160,21,COMENDA DO LEGISLATIVO🏅 Parabéns ao Arilton Barreiros de Souza! 🎉 Co,https://www.instagram.com/reel/Cz4yTFAOvKV/
17963743421640971,2023-10-20,FEED,Institucional / Agenda,removido,fora de 2025-2026,,181,175,6,➡️AS ANDANÇAS COMEÇARAM! É muito bom começar nossas visitas regionais ,https://www.instagram.com/p/CynylxbO1aO/
18013958872642735,2023-06-26,FEED,Institucional / Agenda,removido,fora de 2025-2026,,180,165,15,Qual desses você não sabia? 😅 🍍A roça de abacaxi foi o que mais surp,https://www.instagram.com/p/Ct9vfzXOZeH/
17992633802447037,2023-12-22,REELS,Institucional / Agenda,removido,fora de 2025-2026,,179,148,31,BALANÇO DO ANO! ✅ Primeiro ano de mandato de muito aprendizado e traba,https://www.instagram.com/reel/C1KLn8ZOj-J/
17982580960924935,2023-04-24,REELS,Institucional / Agenda,removido,fora de 2025-2026,,179,168,11,✈️ Estive em Jaguaruna hoje para me colocar à disposição e buscar as m,https://www.instagram.com/reel/CrbpKwvLGaV/
18039129281428278,2025-09-06,FEED,Institucional / Agenda,avaliar,sem regra (revisar),,178,123,55,Deixe sua opinião nos comentários! 👀,https://www.instagram.com/p/DORag_fgBkt/
18044912045492981,2024-11-14,REELS,Institucional / Agenda,removido,fora de 2025-2026,,176,158,18,"Que trabalho lindo! 🧩 Dedicação, união e perseverança pela causa auti",https://www.instagram.com/reel/DCXRElYysgo/
17912917602140877,2025-06-29,FEED,Institucional / Agenda,avaliar,sem regra (revisar),,175,146,29,🗞️Confere as notícias da semana! ➡️,https://www.instagram.com/p/DLfiKpxO5i2/
18074181136912513,2025-06-04,REELS,Institucional / Agenda,avaliar,sem regra (revisar),,175,166,9,"Parabéns pelos 130 anos, Colégio São José! 🎉 Tive a honra de estudar ",https://www.instagram.com/reel/DKfKnJ1ObYy/
17996450351605700,2024-03-16,REELS,Saúde,removido,fora de 2025-2026,,175,147,28,NOVIDADES PARA HOSPITAL DE LAGUNA! 🏥 Orgulhosos de anunciar as melhor,https://www.instagram.com/reel/C4lNs85O2fh/
17970682007328315,2023-03-20,REELS,Institucional / Agenda,removido,fora de 2025-2026,,175,164,11,Vem me conhecer um pouquinho melhor! 🙌🚀 #politico #santacatarina #de,https://www.instagram.com/reel/CqBlsWPj7Dj/
18044851532787271,2026-06-21,FEED,Institucional / Agenda,avaliar,sem regra (revisar),,174,149,25,FOI LINDO! ✨🚀 Mais de 400 lideranças de todas as regiões de Santa Cat,https://www.instagram.com/p/DZ2lzp1ADtR/
18318467422300041,2025-07-10,FEED,Institucional / Agenda,avaliar,sem regra (revisar),,174,169,5,"👏Parabéns Sr. Lindomar Cardoso Tournier, exemplo de vitalidade, talen",https://www.instagram.com/p/DL8GKwdpdqJ/
18046499393069092,2024-10-17,REELS,Institucional / Agenda,removido,fora de 2025-2026,,174,151,23,"Hoje é o dia dela. 💕 Do meu amor, aquela que está sempre ao meu lado.",https://www.instagram.com/reel/DBPOme6y-1j/
18060009598552658,2024-07-10,REELS,Institucional / Agenda,removido,fora de 2025-2026,,174,143,31,FOFOCA BOA! 💥 R$ 5 Milhões serão anunciados amanhã pela Bancada do su,https://www.instagram.com/reel/C9QXYQPpHE6/
18097839826332353,2023-11-01,REELS,Obras e Entregas,removido,fora de 2025-2026,,174,152,22,PRAZOS DEFINIDOS PRA ATUALIZAÇÃO DO PROJETO DA REDRAGAGEM DO RIO TUBAR,https://www.instagram.com/reel/CzHftoEuECa/
18073214578668233,2025-04-01,FEED,Autismo / TEA,aprovado,TEA/autismo (fica todos),Público autismo / SC,173,151,22,AUTISMO DEFENDIDO COM AÇÕES! 🧩👊 Cada pessoa autista trilha uma jorna,https://www.instagram.com/p/DH5-3xUOghS/
18000259373242976,2024-02-29,FEED,Institucional / Agenda,removido,fora de 2025-2026,,173,161,12,"O #tbt que a gente gosta: Família, Flusão e Emoção!🇮🇹",https://www.instagram.com/p/C38ZXJ8O8qy/
18349447771164825,2025-10-25,FEED,Esporte,removido,esporte sem realização,,172,166,6,ORGULHO E DISCIPLINA 🥋💙 O esporte é um dos caminhos mais bonitos pra,https://www.instagram.com/p/DQPAXW6ACEL/
17962663766396911,2023-07-06,REELS,Institucional / Agenda,removido,fora de 2025-2026,,172,158,14,Respondendo alguns comentários! Aqui o debate é sério e gostamos de sa,https://www.instagram.com/reel/CuXsvuoN2Jw/
18084291196848335,2025-08-10,FEED,Institucional / Agenda,avaliar,sem regra (revisar),,169,164,5,Feliz dia dos pais para todos 💙,https://www.instagram.com/p/DNL08XhpN1o/
18388216648190849,2025-06-20,FEED,Educação,avaliar,sem regra (revisar),,169,149,20,"Não é sobre obediência, É SOBRE EDUCAÇÃO! 📚 Nosso projeto de Educação",https://www.instagram.com/p/DLIILZJuBNA/
18028646986480285,2023-03-13,REELS,Obras e Entregas,removido,fora de 2025-2026,,169,156,13,A redragagem é uma obra que temos que debater! 🗣️ Vai impactar na vid,https://www.instagram.com/reel/Cpv4BANjp3F/
18066972350364107,2026-05-18,REELS,Institucional / Agenda,avaliar,sem regra (revisar),,168,160,8,"“Made in China” AQUI É MADE IN BRASIL!!!🇧🇷⚡ A EIKTO, instalada em La",https://www.instagram.com/reel/DYewg67grRe/
17984635001331316,2023-07-18,FEED,Institucional / Agenda,removido,fora de 2025-2026,,168,162,6,Bastidores são massa! 🎬 É aqui que o @luizprrudencio me segura pra qu,https://www.instagram.com/p/Cu2bMiYJIBm/
17953143926841025,2025-07-12,REELS,Cultura e Tradição,avaliar,sem regra (revisar),,167,164,3,Festa junina do Colégio São José! 🌽🎉 Aproveitando esse tempinho pra ,https://www.instagram.com/reel/DMBQQcwJdlX/
17871109868856905,2023-03-16,FEED,Institucional / Agenda,removido,fora de 2025-2026,,167,158,9,#tbt do alicerce da minha vida no dia de Corpus Cristi! ❤️,https://www.instagram.com/p/Cp3YTvFO4zG/
18022440161175873,2024-05-17,REELS,Institucional / Agenda,removido,fora de 2025-2026,,166,145,21,MIGRAÇÃO DO RIO GRANDE DO SUL PARA SANTA CATARINA! 🙏 Vamos pensar e e,https://www.instagram.com/reel/C7Fd8RIOqXM/
17928193791026673,2025-10-04,REELS,Institucional / Agenda,avaliar,sem regra (revisar),,165,158,7,MAIS CUIDADO COM A NOSSA GENTE 🚐💙 Praia Grande ganhou mais do que um,https://www.instagram.com/reel/DPZvCR3kagJ/
18291242593283714,2025-10-03,REELS,Obras e Entregas,aprovado,obra/entrega (direcionar p/ cidade),Garopaba,164,151,13,GAROPABA NO ASFALTO! 🛣️🚧 Mais investimentos para melhorar a mobilida,https://www.instagram.com/reel/DPWo86PDZA6/
18191464510280324,2023-08-02,REELS,Institucional / Agenda,removido,fora de 2025-2026,,164,141,23,"PRESTAR CONTAS 🎯 Muito trabalho, aprendizado e dedicação. Espero que ",https://www.instagram.com/reel/CvdSWzAMf40/
18092490871665886,2025-09-13,REELS,Institucional / Agenda,avaliar,sem regra (revisar),,163,149,14,Faz o café que eu to chegando! ☕️🚀,https://www.instagram.com/reel/DOjBG9xDRyZ/
17915584965318386,2026-03-18,FEED,Institucional / Agenda,avaliar,sem regra (revisar),,162,144,18,"MENOS CUSTO, MAIS CUIDADO COM OS HOSPITAIS☀️🏥 Aprovamos na Alesc um p",https://www.instagram.com/p/DWCkUfKgRkT/
18046241630204994,2025-06-18,REELS,Autismo / TEA,aprovado,TEA/autismo (fica todos),Público autismo / SC,162,137,25,"AUTISMO É PRIORIDADE! 💙 O autismo não tem cara, mas tem realidade e e",https://www.instagram.com/reel/DLDi5nQJRd6/
18013706162167050,2024-02-14,REELS,Institucional / Agenda,removido,fora de 2025-2026,,162,113,49,🗣️LAGUNA MERECE RESPEITO! Tem muita gente que curtiu o carnaval de la,https://www.instagram.com/reel/C3VZO9BuTtn/
18275936479117093,2023-03-23,FEED,Institucional / Agenda,removido,fora de 2025-2026,,161,144,17,🔊O projeto do reajuste do salário mínimo regional foi aprovado por un,https://www.instagram.com/p/CqJWBW6uLF1/
18065478617342975,2026-04-27,REELS,Autismo / TEA,aprovado,TEA/autismo (fica todos),Público autismo / SC,160,138,22,AUTISMO E IPVA: UM DIREITO QUE MUITA GENTE AINDA NÃO SABE 🚗💙 Muita g,https://www.instagram.com/reel/DXpg2Nqgewx/
18002738894740546,2025-03-19,REELS,Institucional / Agenda,avaliar,sem regra (revisar),,160,146,14,APRENDENDO MANDARIM E IMPULSIONANDO EMPREGOS! 🤝 🇨🇳 Explorando oport,https://www.instagram.com/reel/DHY0Az-Ocus/
18085262056487679,2024-12-17,REELS,Institucional / Agenda,removido,fora de 2025-2026,,160,140,20,ASSINADO! ✍️ Nosso termo de cooperação para o desenvolvimento do censo,https://www.instagram.com/reel/DDsp7yuOKZO/
18190491874289953,2024-06-30,FEED,Cultura e Tradição,removido,fora de 2025-2026,,160,157,3,Com esse friozinho aquela deliciosa sopa na 114ª Festa de São Pedro em,https://www.instagram.com/p/C82GVW5uPx0/
17842709952027723,2023-07-16,FEED,Institucional / Agenda,removido,fora de 2025-2026,,160,157,3,Quem não gosta de uma tainha assada em um domingo de sol? 🐟 Essa aqui,https://www.instagram.com/p/CuxSCuUuxAu/
17990197426972384,2023-05-17,REELS,Institucional / Agenda,removido,fora de 2025-2026,,160,152,8,Uma verdadeira maratona! 💪💼 Hoje participei da Comissão de Tecnologi,https://www.instagram.com/reel/CsXF28wO8BP/
18084878312067666,2025-11-01,FEED,Institucional / Agenda,avaliar,sem regra (revisar),Armazém,159,154,5,💙 Casa cheia em Armazém! Que energia incrível estar com tantas lidera,https://www.instagram.com/p/DQfn7HVjeDs/
18000566306485489,2023-10-31,REELS,Obras e Entregas,removido,fora de 2025-2026,,159,148,11,"FIQUE ATENTO! 🚨 Em defesa da Redragagem do Rio Tubarão, estaremos ama",https://www.instagram.com/reel/CzEcm3pOOqk/
18088439765520125,2026-04-10,REELS,Obras e Entregas,aprovado,obra/entrega (direcionar p/ cidade),cidade da obra,158,146,12,"MAIS PAVIMENTAÇÃO, MAIS QUALIDADE DE VIDA 🛣️ Uma máquina que vai acel",https://www.instagram.com/reel/DW9LIjfgFbP/
18423288346040571,2024-03-08,FEED,Institucional / Agenda,removido,fora de 2025-2026,,158,153,5,"Elas são tudo pra mim! minha razão de viver, minha alegria, meu mundo.",https://www.instagram.com/p/C4QGcnSukd6/
18144976942459473,2025-12-30,REELS,Institucional / Agenda,avaliar,sem regra (revisar),,157,136,21,"Ano corrido de muito trabalho, confere aí o que a Siri trouxe pra gent",https://www.instagram.com/reel/DS5ziPvga64/
18412059511117355,2025-10-11,REELS,Atualidades,removido,base de atualidades cai,,157,157,0,CORAGEM PELA DEMOCRACIA A perseguição de um regime autoritário que tra,https://www.instagram.com/reel/DPrrpj0AQyz/
18173849383320485,2025-03-12,REELS,Institucional / Agenda,avaliar,sem regra (revisar),,157,145,12,"Simplificando os convênios estaduais! 🎯 Agora, apenas a parte repassa",https://www.instagram.com/reel/DHHAvCyJOar/
17913731129970399,2024-07-25,REELS,Obras e Entregas,removido,fora de 2025-2026,,157,147,10,ORGULHO EM FAZER PARTE DESSA CONQUISTA 🚀 Olhar lá na frente e ver a c,https://www.instagram.com/reel/C922_EPJH29/
18080731637642171,2026-06-10,REELS,Obras e Entregas,aprovado,obra/entrega (direcionar p/ cidade),cidade da obra,156,149,7,🚒 SEGURANÇA QUE FICA PARA O FUTURO Mais uma importante entrega para o,https://www.instagram.com/reel/DZayE7cAE8M/
17845147938009539,2023-06-20,REELS,Institucional / Agenda,removido,fora de 2025-2026,,155,142,13,"Defender o meio ambiente sim, frear o desenvolvimento não! Impor medid",https://www.instagram.com/reel/CtuidD7JmgF/
18174590965259760,2023-02-16,REELS,Institucional / Agenda,removido,fora de 2025-2026,,155,142,13,"Na conversa com a @magdatuba e o @ramon._silveira na @radiotuba, falam",https://www.instagram.com/reel/Covau_UDwD_/
18320871625180042,2024-06-27,FEED,Institucional / Agenda,removido,fora de 2025-2026,,154,150,4,Saudade Delas! ❤ @brubrunelcollaco @manu_brunel_collaco,https://www.instagram.com/p/C8uGZxuIIrd/
17936811494666442,2023-11-26,REELS,Institucional / Agenda,removido,fora de 2025-2026,,154,150,4,"Lelê adora a época do Natal, e há um motivo especial! Sabemos que part",https://www.instagram.com/reel/C0H_qt3uP64/
17935486367606295,2023-07-08,REELS,Rural e Agro,removido,fora de 2025-2026,,154,152,2,"FEAGRO! 🐂 A maior feira do gado Jersey da América Latina, várias expo",https://www.instagram.com/reel/Cuc2PQQO6kd/
17843854712969134,2023-04-03,REELS,Autismo / TEA,removido,fora de 2025-2026,,154,143,11,🧩 Autismo é uma maneira diferente de ver o mundo. Venha participar do,https://www.instagram.com/reel/Cqlth_PDTYQ/
17976751514048628,2023-02-27,FEED,Institucional / Agenda,removido,fora de 2025-2026,,154,141,13,➡️ Conheça 5️⃣ projetos que farão a diferença no nosso Estado. Vamos b,https://www.instagram.com/p/CpLj8sguIWe/
18036447616791528,2024-06-11,REELS,Cultura e Tradição,removido,fora de 2025-2026,,153,127,26,APROVADO NA CCJ ✅ 🇮🇹🍽️ O Tombo da Polenta como patrimônio cultural ,https://www.instagram.com/reel/C8Fo5KeplQT/
18024897971416429,2025-03-15,REELS,Rural e Agro,removido,agro sem realização,,152,132,20,"🚜🌱 Agora, carne e leite de caprinos e ovinos estão garantidos na ali",https://www.instagram.com/reel/DHOglVhOoZk/
18059144938770026,2024-10-26,FEED,Cultura e Tradição,removido,fora de 2025-2026,,152,148,4,“Orgulho em cada movimento! Minhas meninas arrasaram no festival de ju,https://www.instagram.com/p/DBlwOjrOnef/
18344428951133733,2024-10-08,FEED,Institucional / Agenda,removido,fora de 2025-2026,,152,148,4,Voltamos com tudo! 🚀 CCJ e plenário a todo o vapor para fazer leis ef,https://www.instagram.com/p/DA4KOQ0SNOJ/
17890475370028233,2024-06-20,REELS,Institucional / Agenda,removido,fora de 2025-2026,,152,142,10,VISITE O FAROL DE LAGUNA! 🌅✨ ACERTOU QUEM PENSOU NO FAROL DE SANTA MA,https://www.instagram.com/reel/C8dAZbKOTQj/
18290582884080364,2024-03-02,FEED,Institucional / Agenda,removido,fora de 2025-2026,,152,149,3,"A serra catarinense é linda, e eu posso provar! 😉 📍 Serra do Corvo B",https://www.instagram.com/p/C4ByR4EOx8T/
17857977360474652,2025-08-19,FEED,Institucional / Agenda,avaliar,sem regra (revisar),,151,147,4,UNIÃO PROGRESSISTA: NOVO CAPÍTULO NA POLÍTICA 🇧🇷 Nossa convenção Pro,https://www.instagram.com/p/DNi8oy0O8Z3/
18326972980092549,2025-01-21,FEED,Institucional / Agenda,avaliar,sem regra (revisar),Tubarão,151,135,16,Alôô Tubarãoo! Hoje não esquece de tomar água e passar protetor solar.,https://www.instagram.com/p/DFFbjXLOJwj/
18168561904411390,2026-04-15,REELS,Autismo / TEA,aprovado,TEA/autismo (fica todos),Público autismo / SC,150,134,16,AUTISMO É PRIORIDADE 💙 Todo pai e toda mãe de uma criança com autismo,https://www.instagram.com/reel/DXKkyJECden/
18326845795161703,2025-05-02,REELS,Atualidades,removido,base de atualidades cai,,150,134,16,"💥 TRUMP QUER DERRUBAR O DÓLAR? 🤔 📉 Em 1985, os EUA desvalorizaram o",https://www.instagram.com/reel/DJKnBMKptDy/
18039922606524313,2023-09-07,REELS,Cultura e Tradição,removido,fora de 2025-2026,,150,145,5,Um dia marcante que ecoa na história. Celebre a independência com orgu,https://www.instagram.com/reel/Cw5xQZ_u_9d/
18179185780386402,2026-04-06,FEED,Institucional / Agenda,avaliar,sem regra (revisar),,149,129,20,RECONHECIMENTO QUE NOS MOTIVA 🙏✨ Receber essa homenagem da STAN (Asso,https://www.instagram.com/p/DWy6VG0APMa/
18004741538824226,2025-12-09,FEED,Saúde,avaliar,saúde (avaliar),Sul-SC,149,149,0,"SAÚDE MENTAL IMPORTA 🧠✨ Hoje, o deputado Felippe Collaço entregou uma",https://www.instagram.com/p/DSDt14cAY1N/
18247322857216977,2024-03-09,FEED,Institucional / Agenda,removido,fora de 2025-2026,,149,142,7,Unindo forças para o futuro das nossas cidades 🤝✨ Articulações e polí,https://www.instagram.com/p/C4Tsv4UOpUD/
17936072847211722,2026-04-19,REELS,Obras e Entregas,aprovado,obra/entrega (direcionar p/ cidade),Orleans,148,139,9,DESENVOLVIMENTO QUE CHEGA NA PONTA 🚧 Mais uma conquista para Orleans!,https://www.instagram.com/reel/DXU6Z_DAQ_z/
18057941180004744,2025-02-17,FEED,Institucional / Agenda,avaliar,sem regra (revisar),,148,143,5,Entrando pra Trend e percebendo que o tempo passa rápido e a gente se ,https://www.instagram.com/p/DGLk4UVpaX7/
18035585321285175,2024-08-11,FEED,Institucional / Agenda,removido,fora de 2025-2026,,148,136,12,Obrigado minhas meninas! 😍 Papai ama muito vocês e sinto muito orgulh,https://www.instagram.com/p/C-hycxuugLl/
17943949172571742,2023-07-29,REELS,Institucional / Agenda,removido,fora de 2025-2026,,148,135,13,"Parabéns, lagunense! 🎉🎂 Neste aniversário da cidade, vamos celebrar ",https://www.instagram.com/reel/CvR196JMYng/
18052898050392297,2023-03-28,REELS,Institucional / Agenda,removido,fora de 2025-2026,,148,143,5,"🙋‍♂️Diretamente da Marcha dos Prefeitos, represento você em pautas im",https://www.instagram.com/reel/CqWQw2RD41P/
18087247814091590,2025-12-22,REELS,Esporte,removido,esporte sem realização,,147,136,11,"🚐🚑 Mais mobilidade, mais cuidado e mais esporte para Capivari! Entre",https://www.instagram.com/reel/DSkih7EgAn7/
18034545241875273,2024-07-07,FEED,Institucional / Agenda,removido,fora de 2025-2026,,147,141,6,"Te amo Filha! Feliz aniversário, que Deus continue te guiando e abenço",https://www.instagram.com/p/C9H242nufKX/
18365618287224538,2026-06-08,REELS,Educação,avaliar,sem regra (revisar),,146,138,8,🏗️💙 MAIS ESPAÇO. MAIS INCLUSÃO. MAIS FUTURO. As novas salas da APAE ,https://www.instagram.com/reel/DZVXanCP3zk/
17905513992413205,2026-05-02,REELS,Rural e Agro,aprovado,agro com realização,,146,134,12,MAIS INVESTIMENTO NO CAMPO 🚜 Seguimos trabalhando e entregando result,https://www.instagram.com/reel/DX2bA8eBzyP/
18143876269390391,2025-10-31,FEED,Institucional / Agenda,avaliar,sem regra (revisar),,146,142,4,🤝 Encontro com as lideranças do Alto Vale Reunimos lideranças da regi,https://www.instagram.com/p/DQdBPJhDRIR/
18525174658050058,2025-08-16,FEED,Institucional / Agenda,avaliar,sem regra (revisar),,146,141,5,"✨ Nosso sábado é assim: sempre junto, sempre presente! Hoje marcando p",https://www.instagram.com/p/DNbX32JpTd9/
18187816510319195,2025-08-11,REELS,Institucional / Agenda,avaliar,sem regra (revisar),Tubarão,146,143,3,🚀O futuro da inovação já tem endereço em Tubarão: Sigma Park! 💡 🏙️ ,https://www.instagram.com/reel/DNOv9s7JGrx/
18236004316275952,2024-08-17,REELS,Institucional / Agenda,removido,fora de 2025-2026,,146,132,14,SC DE PERTO! 🗺️ Política é sobre se conectar verdadeiramente com cada,https://www.instagram.com/reel/C-yZL73pu2S/
18056475707329790,2025-12-18,REELS,Obras e Entregas,aprovado,obra/entrega (direcionar p/ cidade),Paulo Lopes,145,135,10,"PAULO LOPES FAZ E FAZ RÁPIDO! 🚜💥 Obra boa é obra entregue, e Paulo L",https://www.instagram.com/reel/DSazYTEgWin/
17868875046338716,2025-03-17,REELS,Institucional / Agenda,avaliar,sem regra (revisar),,145,121,24,"EUA ❌ CHINA, quem ganha com essa briga? 👀 Deixa sua opinião nos comen",https://www.instagram.com/reel/DHUNmaWpYYk/
18396121729065075,2023-12-17,REELS,Obras e Entregas,removido,fora de 2025-2026,,145,124,21,"TUBARÃO MERECE! 🦈 No primeiro ano de mandato, conquistamos R$ 10 milh",https://www.instagram.com/reel/C09SH1fOt7w/
17983229585796745,2025-02-21,REELS,Saúde,avaliar,saúde (avaliar),Jaguaruna,144,124,20,MAIS RECURSOS PARA A SAÚDE DE JAGUARUNA! 🏥✅ Estive no Hospital de Car,https://www.instagram.com/reel/DGWJwgHJOuB/
18057020800945551,2024-12-31,FEED,Institucional / Agenda,removido,fora de 2025-2026,,144,137,7,"Foram tantos momentos que não cabem em um só álbum, obrigado 2024! 🎉 ",https://www.instagram.com/p/DEQWIQDJQqi/
18043601692431605,2023-04-12,REELS,Cultura e Tradição,removido,fora de 2025-2026,,144,137,7,Um assunto difícil: o atentado em Blumenau marcou a história de SC e e,https://www.instagram.com/reel/Cq87AUHg-9Q/
17962883762968595,2025-09-17,REELS,Institucional / Agenda,avaliar,sem regra (revisar),Gaspar,143,139,4,🚨 Notícia boa pra Gaspar! 💙 R$ 150 mil já estão garantidos para fort,https://www.instagram.com/reel/DOtg4q-gACe/
17869342095117344,2024-06-26,REELS,Obras e Entregas,removido,fora de 2025-2026,,143,124,19,MAIS DE 5️⃣ MILHÕES! 🌽 TUBARÃO 📍Pavimentação da rua Adolfo José de S,https://www.instagram.com/reel/C8sNDohJJkW/
17876025393505372,2026-06-29,FEED,Institucional / Agenda,avaliar,sem regra (revisar),,142,139,3,Rumo às oitavas com a nossa seleção! Que venha mais uma vitória do nos,https://www.instagram.com/p/DaLk7GBJN1h/
17885194002550245,2026-05-12,REELS,Institucional / Agenda,avaliar,sem regra (revisar),Tubarão,142,125,17,TUBARÃO MERECE MAIS! Tenho muito orgulho de representar essa cidade qu,https://www.instagram.com/reel/DYPI4gPAXfs/
18085070561091263,2025-12-10,REELS,Institucional / Agenda,avaliar,sem regra (revisar),Capivari de Baixo,142,134,8,💥 Capivari de Baixo segue avançando — e o trabalho não para! Revitali,https://www.instagram.com/reel/DSFyT4-AMnE/
18054955535416618,2026-02-06,REELS,Obras e Entregas,aprovado,obra/entrega (direcionar p/ cidade),Capivari de Baixo,141,136,5,CARRO NOVO PARA CAPIVARI DE BAIXO 🚗💪 Mais uma conquista chegando par,https://www.instagram.com/reel/DUbUjoyiahu/
18045421519464382,2023-07-19,REELS,Institucional / Agenda,removido,fora de 2025-2026,,141,123,18,Lutando por Laguna e fortalecendo a região! Colaborando com o desenvol,https://www.instagram.com/reel/Cu5JJL9sZBv/
17998890439773254,2023-04-21,REELS,Saúde,removido,fora de 2025-2026,,141,136,5,Investir em saúde é investir na população! 🏥 Fazer parte desse moment,https://www.instagram.com/reel/CrUFtc1u9HJ/
18047650903870080,2024-08-05,REELS,Saúde,removido,fora de 2025-2026,,140,123,17,"EXAMES EM FARMÁCIAS SANCIONADO! ✅ 🔬📋 A Lei N° 19.011, que permite a ",https://www.instagram.com/reel/C-SynpCuRnO/
18385126168036465,2023-09-27,REELS,Institucional / Agenda,removido,fora de 2025-2026,,139,131,8,➡️ Você sabia que um doador de órgãos e tecidos pode salvar até dez vi,https://www.instagram.com/reel/CxtfajxucWO/
18008836565608326,2025-07-26,FEED,Institucional / Agenda,avaliar,sem regra (revisar),Gravatal,138,135,3,"O trabalho não para! 🚀 Reunião importante do partido em Gravatal, reu",https://www.instagram.com/p/DMln7PPJmeG/
18056056433036335,2025-06-06,FEED,Institucional / Agenda,avaliar,sem regra (revisar),,138,127,11,Trabalhando por SC porque nossas cidades merecem! 👊,https://www.instagram.com/p/DKkXSXCOWh7/
18423945031110492,2025-11-01,FEED,Institucional / Agenda,avaliar,sem regra (revisar),,137,135,2,"Quando temos apoio, a caminhada fica mais fácil. E o que falar desse t",https://www.instagram.com/p/DQhVkILAJkT/
18209123872306993,2025-05-23,REELS,Institucional / Agenda,avaliar,sem regra (revisar),,137,132,5,Boa notícia chegando pra Antônio Carlos! 🤭 R$350 mil garantidos para ,https://www.instagram.com/reel/DKALTQwO44g/
17893385039910966,2023-10-11,REELS,Saúde,removido,fora de 2025-2026,,137,118,19,"OUTUBRO ROSA É PREVENÇÃO! 💗 Mulheres, façam seus exames!🙌",https://www.instagram.com/reel/CyRgl_hOgK4/
18178191868254512,2023-02-15,FEED,Institucional / Agenda,removido,fora de 2025-2026,,137,123,14,COMISSÕES PERMANENTES DEFINIDAS ✅ Essas que expliquei um pouco serão a,https://www.instagram.com/p/CoszPUUOLdc/
18165286774346533,2025-06-12,FEED,Institucional / Agenda,avaliar,sem regra (revisar),,136,134,2,E hoje é dia dos namorados. Então lá vai uma fotinho com minha companh,https://www.instagram.com/p/DK0ESEEptCT/
18443010643037782,2024-07-11,REELS,Obras e Entregas,removido,fora de 2025-2026,,136,112,24,PROJETO DRAGAGEM ✅ 🌊🚢 Hoje damos um passo importante para a seguranç,https://www.instagram.com/reel/C9S8USuPyjo/
18049952635634855,2024-05-22,FEED,Saúde,removido,fora de 2025-2026,,136,131,5,UNIDOS PELO COMBATE AO CÂNCER🌸 Na Rede Feminina de Combate ao Câncer ,https://www.instagram.com/p/C7SNaN7JMPc/
17915272040727375,2023-05-03,REELS,Institucional / Agenda,removido,fora de 2025-2026,,136,126,10,"Uma homenagem simples, mas de coração ao Lar da Menina de Tubarão! 👏 ",https://www.instagram.com/reel/Cry81W5udwB/
18095148865659818,2025-09-14,REELS,Obras e Entregas,aprovado,obra/entrega (direcionar p/ cidade),cidade da obra,135,127,8,🚧 MAIS UMA RUA ASFALTADA! 🛣️ Hoje é dia de comemorar: a pavimentação,https://www.instagram.com/reel/DOluzWuAPl3/
18103987951915347,2026-04-03,FEED,Institucional / Agenda,avaliar,sem regra (revisar),,134,127,7,RECONHECIMENTO QUE NOS MOVE 💙 Recebi com muita gratidão uma moção de ,https://www.instagram.com/p/DWrzXfMAS8D/
18094544249017782,2026-04-01,REELS,Autismo / TEA,aprovado,TEA/autismo (fica todos),Público autismo / SC,134,105,29,"INVESTIMENTO QUE TRANSFORMA 🧩 No mês do Abril Azul, reforçamos uma pa",https://www.instagram.com/reel/DWlyjIAgJDv/
17985751028920583,2025-12-24,REELS,Institucional / Agenda,avaliar,sem regra (revisar),,134,123,11,"FELIZ NATAL 🎁 ✨🎄 O Natal é tempo de sentir, agradecer e estar junto.",https://www.instagram.com/reel/DSpdWgmgM_n/
18003425057335075,2024-06-08,FEED,Institucional / Agenda,removido,fora de 2025-2026,,134,130,4,"Nosso pré-candidato a prefeito de Gravatal, Clei, está mais do que pre",https://www.instagram.com/p/C79lDH1Rd-6/
18400683538045004,2023-11-22,FEED,Institucional / Agenda,removido,fora de 2025-2026,,134,123,11,Essa é a felicidade de trabalhar com o que se gosta! 👊🏼,https://www.instagram.com/p/Cz9ghZ7OEJn/
18059783533772608,2025-01-28,REELS,Institucional / Agenda,avaliar,sem regra (revisar),,133,130,3,Precisamos ser ouvidos! 🗣️ A bancada do sul já destinou 5 milhões pro,https://www.instagram.com/reel/DFYhVV-yXc1/
18370127020075490,2023-12-08,FEED,Institucional / Agenda,removido,fora de 2025-2026,,133,133,0,Papai Noel encanta e Tubarão tá encantando mais ainda! Com uma caravan,https://www.instagram.com/p/C0nH6LpuTTQ/
17882406455882375,2023-09-23,FEED,Institucional / Agenda,removido,fora de 2025-2026,,133,126,7,Foto para eternizar o fusca e a infância das meninas ❤️ #fusca #latave,https://www.instagram.com/p/CxjElHsO_NX/
18008485297639004,2023-05-10,REELS,Institucional / Agenda,removido,fora de 2025-2026,,133,132,1,TODOS CONTRA A DENGUE! 🦟 Ações simples como manter bem tampados caixa,https://www.instagram.com/reel/CsFA20iJleX/
18110499196678145,2026-05-04,REELS,Institucional / Agenda,avaliar,sem regra (revisar),,132,111,21,ENERGIA QUE MOVE SANTA CATARINA ⚡ Hoje foi dia de reconhecer uma histó,https://www.instagram.com/reel/DX71SHmtdk6/
18090647506664109,2025-07-31,REELS,Institucional / Agenda,avaliar,sem regra (revisar),,132,120,12,MAIS DE 2 MIL KM só essa semana!🚙💨 Precisamos estar nas cidades pra ,https://www.instagram.com/reel/DMx4WykOV8G/
17912372448156314,2025-07-29,REELS,Obras e Entregas,aprovado,obra/entrega (direcionar p/ cidade),Grão-Pará,132,126,6,"PÉ NA ESTRADA! 🚙🙅‍♂️ Aqui em Grão-Pará não foi diferente, emenda, in",https://www.instagram.com/reel/DMsg6UbuqM5/
18072381070551116,2024-08-15,FEED,Institucional / Agenda,removido,fora de 2025-2026,,132,128,4,ISSO É POLÍTICA! 👊 É fundamental visitar a região e olhar nos olhos d,https://www.instagram.com/p/C-tPndwO2Ik/
18025551596497631,2024-05-06,REELS,Autismo / TEA,removido,fora de 2025-2026,,132,122,10,"Casa dos Autistas de Agrolândia! 🧩 Um trabalho lindo e emocionante, o",https://www.instagram.com/reel/C6pQ6rXuwqz/
18112332415617894,2025-12-25,FEED,Institucional / Agenda,avaliar,sem regra (revisar),,131,120,11,"Que o Natal renove a fé, fortaleça a esperança e encha nossos lares de",https://www.instagram.com/p/DSr_dCWAJJG/
18022054244716881,2025-11-14,FEED,Institucional / Agenda,avaliar,sem regra (revisar),,131,128,3,🌻 Você já deve ter visto esses cordões coloridos. Muito mais que aces,https://www.instagram.com/p/DRC2GzcAB4b/
18035415400979752,2024-06-24,FEED,Institucional / Agenda,removido,fora de 2025-2026,,131,125,6,Precisamos de atenção ao desenvolvimento das nossas cidades! 👊,https://www.instagram.com/p/C8mRCRXPxig/
18002728943238998,2024-03-17,REELS,Institucional / Agenda,removido,fora de 2025-2026,,131,124,7,Um pouco de eleições nesse bate-papo com a @unitvsc 🙌,https://www.instagram.com/reel/C4oYWzsOsS8/
18089194139530978,2026-07-09,REELS,Obras e Entregas,aprovado,obra/entrega (direcionar p/ cidade),Tubarão,130,106,24,"TUBARÃO EM OBRAS 🚧 Trabalho duro, resultado aparecendo e obras saindo",https://www.instagram.com/reel/DallnYmORzx/
18104084869477816,2025-06-23,REELS,Obras e Entregas,aprovado,obra/entrega (direcionar p/ cidade),cidade da obra,130,122,8,"Falou em buscar mais recursos pra nossa região, eu já tô pronto! 🛵",https://www.instagram.com/reel/DLQp3AFJ65n/
18063779623906883,2025-02-18,FEED,Institucional / Agenda,avaliar,sem regra (revisar),,130,125,5,COMPROMISSO COM O DESENVOLVIMENTO 💪 Ao lado do governador @jorginhome,https://www.instagram.com/p/DGOkMhzp_9h/
18125078173343512,2024-04-16,REELS,Autismo / TEA,removido,fora de 2025-2026,,130,118,12,À DEDICAÇÃO DAS FEAMAS COM AS PESSOAS COM TEA! 👏 É isso que homenagea,https://www.instagram.com/reel/C5zVVn8OEuf/
17926093847853906,2024-04-07,FEED,Institucional / Agenda,removido,fora de 2025-2026,,130,120,10,Sabemos a censura e a arbitrariedade que estamos vivendo. Só não vê qu,https://www.instagram.com/p/C5eXn5fOhpw/
17997782018773670,2025-03-06,REELS,Institucional / Agenda,avaliar,sem regra (revisar),,129,113,16,Nosso gabinete está sempre de portas abertas para você! 🎯 Venha nos v,https://www.instagram.com/reel/DG3qT-JJBKV/
18003771740343892,2024-07-04,REELS,Atualidades,removido,fora de 2025-2026,,129,116,13,UM RECADO AO STF 💥 O congresso nacional deve legislar sobre esse tema,https://www.instagram.com/reel/C9A_bMtpnEr/
18061582867577468,2024-05-26,REELS,Institucional / Agenda,removido,fora de 2025-2026,,129,117,12,"MAIO LARANJA, CONSCIENTIZE-SE! 🧡 Precisamos nos unirmos contra o abus",https://www.instagram.com/reel/C7by435OOYU/
18013743733557868,2023-03-15,REELS,Obras e Entregas,removido,fora de 2025-2026,,128,120,8,🗣️ REDRAGAGEM DO RIO TUBARÃO! Lembrar da data de 24 de março é reaviv,https://www.instagram.com/reel/Cp1Bu_krsoT/
17946235716035830,2026-07-13,FEED,Institucional / Agenda,avaliar,sem regra (revisar),,127,108,19,O TRABALHO NÃO PARA NEM NO ANIVERSÁRIO! 🎉 Hoje é dia de comemorar mai,https://www.instagram.com/p/DawFfJXNj--/
18083199715607574,2025-02-10,REELS,Obras e Entregas,removido,retirar redragagem,cidade da obra,127,119,8,🗣️Estamos esperando ansiosos pelo projeto da Redragagem. É uma luta c,https://www.instagram.com/reel/DF6JMYIJGs2/
18443004073001088,2024-07-01,FEED,Institucional / Agenda,removido,fora de 2025-2026,,127,118,9,Sempre em defesa da INCLUSÃO! 🙌,https://www.instagram.com/p/C84SmSyNvrG/
18051633685480368,2023-09-14,FEED,Institucional / Agenda,removido,fora de 2025-2026,,126,122,4,Visita na Embaixada Brasileira! 🇧🇷 Muito bem recebido pelo Ministro ,https://www.instagram.com/p/CxLz_J6OIlz/
18057262370732085,2026-06-13,REELS,Rural e Agro,removido,meu palpite tá aí,,125,116,9,MEU PALPITE TÁ AÍ! 🇧🇷 O Brasil entra em campo… e aqui quem sai ganha,https://www.instagram.com/reel/DZiTR5cu6-s/
18071655232483426,2024-07-30,FEED,Institucional / Agenda,removido,fora de 2025-2026,,125,123,2,Qual time você está? 👀 Não é só a Manu que tá louca pra acompanhar to,https://www.instagram.com/p/C-DxJYnJ3Au/
18001155233456291,2024-02-17,FEED,Institucional / Agenda,removido,fora de 2025-2026,,125,112,13,"🛣 JAGUARUNA, GAROPABA E IMBITUBA PRECISAM DE ATENÇÃO! 👀 Melhorando o",https://www.instagram.com/p/C3c5P7jCtuR/
17982698354236356,2023-09-16,REELS,Educação,removido,fora de 2025-2026,,125,121,4,➡️ Acessar o site da biblioteca Oliveira Lima e conheça esse acervo in,https://www.instagram.com/reel/CxRHTJfO2Wx/
18072122804199977,2026-03-14,FEED,Institucional / Agenda,avaliar,sem regra (revisar),,124,100,24,JUSTIÇA PARA O CASO ORELHA! 🚨 Votei SIM pela federalização do Caso Or,https://www.instagram.com/p/DV3VpfeAM5g/
17912594229156081,2025-07-07,REELS,Institucional / Agenda,avaliar,sem regra (revisar),,124,117,7,E vamos pra mais uma semana abençoada! 🙏🚀,https://www.instagram.com/reel/DLztJZSOTro/
17991405008354384,2024-02-20,REELS,Institucional / Agenda,removido,fora de 2025-2026,,124,108,16,A capital da Baleia-Franca chegou por aqui! 🐋 400 mil reais em invest,https://www.instagram.com/reel/C3lNLU1uaD3/
17915058927061181,2025-01-27,REELS,Obras e Entregas,aprovado,obra/entrega (direcionar p/ cidade),Rio Fortuna,123,116,7,"📍RIO FORTUNA 👏 Recurso enviado, obra pronta e a gente fiscalizando d",https://www.instagram.com/reel/DFVcfQ7uRFI/
18128007958362070,2024-07-16,REELS,Institucional / Agenda,removido,fora de 2025-2026,,123,106,17,Político só dá as caras em época de eleição? 👀 AQUI NÃO TEM ESSA! 👊 ,https://www.instagram.com/reel/C9fepkju1dF/
17964170006615209,2023-08-11,REELS,Educação,removido,fora de 2025-2026,,123,113,10,"Sou advogado e já fui estudante por muito tempo.📚 Aliás, na vida públ",https://www.instagram.com/reel/CvzURY5ukfj/
17844439034957957,2023-03-15,FEED,Obras e Entregas,removido,fora de 2025-2026,,123,119,4,"O projeto da Redragagem do Rio Tubarão tem que sair do papel, já que e",https://www.instagram.com/tv/Cp0lJ8doMGC/
18082583467928391,2025-09-07,REELS,Institucional / Agenda,avaliar,sem regra (revisar),,122,112,10,🇧🇷 ORGULHO DE SER BRASILEIRO O 7 de Setembro é um momento de união e,https://www.instagram.com/reel/DOTpn9Wjdfb/
18344010274151684,2025-02-12,REELS,Institucional / Agenda,avaliar,sem regra (revisar),,122,116,6,"NOSSA LUTA CONTINUA: FILAS, NÃO! 💥 CCR precisa seguir o contrato e re",https://www.instagram.com/reel/DF-qmxtuyk-/
17995264138838975,2023-04-11,FEED,Educação,removido,fora de 2025-2026,,122,113,9,Hoje tivemos a reunião de líderes sobre a Segurança Pública nas escola,https://www.instagram.com/p/Cq6V9eQufSi/
18045077033616741,2025-05-15,FEED,Institucional / Agenda,removido,estágio / visita,,121,117,4,ESTÁGIO VISITA DA ALESC 🚀 Uma experiência única no coração do parlame,https://www.instagram.com/p/DJrxrB0p7S-/
17976352304290615,2023-04-09,FEED,Institucional / Agenda,removido,fora de 2025-2026,,121,117,4,É tempo de celebrar a vida! Feliz Páscoa! ✨,https://www.instagram.com/p/Cq0KQsXOnHT/
17892785843942233,2023-12-04,FEED,Institucional / Agenda,removido,fora de 2025-2026,,120,116,4,Parabéns a Luciana Ceretta por receber o título de cidadã catarinense ,https://www.instagram.com/p/C0cwUJru-Vj/
18365448976151131,2025-08-13,REELS,Institucional / Agenda,avaliar,sem regra (revisar),,119,114,5,Trabalhamos muito e com sorriso no rosto porque fazemos o que a gente ,https://www.instagram.com/reel/DNTwHkYJn4G/
18012777398535033,2025-05-13,FEED,Institucional / Agenda,avaliar,sem regra (revisar),,119,113,6,UNIÃO PROGRESSISTA! ⤴️ Deixe sua dúvida aqui🙌,https://www.instagram.com/p/DJmpZLWJKWU/
18026994659437276,2025-04-14,REELS,Institucional / Agenda,avaliar,sem regra (revisar),,119,111,8,"MORRO DOS CAVALOS VAI TRANCAR DE NOVO? 👀 Com as chuvas, o trecho volt",https://www.instagram.com/reel/DIbw60lO7Xl/
18308146261191103,2023-11-15,FEED,Esporte,removido,fora de 2025-2026,,119,117,2,INCENTIVAR CRIANÇAS AO ESPORTE! ⚽️🥎🏃 É isso que aprendi com meus ano,https://www.instagram.com/p/CzrSti_u3RO/
18070245856406831,2023-08-29,FEED,Institucional / Agenda,removido,fora de 2025-2026,,119,118,1,"+ um dia de trabalho, + um dia corrido, com a certeza de estar no cami",https://www.instagram.com/p/CwixX6LOY51/
17993396914819727,2023-05-17,FEED,Obras e Entregas,removido,fora de 2025-2026,,119,112,7,Uma obra tão importante quanto a Rodovia Ageu Medeiros deve ter sua de,https://www.instagram.com/tv/CsW2MW1oaca/
18088031320581318,2025-03-14,FEED,Institucional / Agenda,avaliar,sem regra (revisar),,118,110,8,TAVA TRABALHANDO POR SC 🫡🚀 Os catarinenses merecem nossa dedicação m,https://www.instagram.com/p/DHMPKNLp3yu/
17973933017824137,2025-02-26,FEED,Institucional / Agenda,avaliar,sem regra (revisar),,118,115,3,Bancada Progressistas sempre unida! 🚀🎯 📸 @brunocollaco,https://www.instagram.com/p/DGjWBgOpY4Z/
18029998100262850,2024-09-03,REELS,Institucional / Agenda,removido,fora de 2025-2026,,118,114,4,PROJETO DA REESTRUTURAÇÃO DO PORTO DE LAGUNA ✍️ Nossa Bancada do Sul s,https://www.instagram.com/reel/C_eGg3hy3Rp/
18163721599429965,2026-05-24,FEED,Cultura e Tradição,avaliar,sem regra (revisar),,117,115,2,FORTALECENDO NOSSAS RAÍZES 🌾✨ Que alegria participar dessa linda feir,https://www.instagram.com/p/DYvNMOEAP9N/
17858706549405553,2025-04-22,FEED,Autismo / TEA,removido,curadoria manual (linha 52 orig),Público autismo / SC,117,105,12,ABRIL AZUL 🩵 Defendendo o autismo por mais inclusão!,https://www.instagram.com/p/DIw7aPjJaLp/
18354301483138117,2024-09-25,FEED,Institucional / Agenda,removido,fora de 2025-2026,,117,108,9,APOIE NOSSO TIME! 1️⃣1️⃣✅,https://www.instagram.com/p/DAV7uqrulM0/
18079990603421130,2024-04-25,REELS,Institucional / Agenda,removido,fora de 2025-2026,,117,106,11,ATENÇÃO! 👀 O projeto do Morro dos Cavalos está recebendo atenção prio,https://www.instagram.com/reel/C6MxqZGu7nT/
17917262102902179,2024-03-26,FEED,Institucional / Agenda,removido,fora de 2025-2026,,117,110,7,"Progressistas, em frente! 🚀 #progressistas #progressistassc #pepecoll",https://www.instagram.com/p/C4_cUbsOppS/
17978664782065192,2023-05-23,FEED,Institucional / Agenda,removido,fora de 2025-2026,,117,114,3,"Quero desejar um feliz aniversário pro companheiro de partido, amigo e",https://www.instagram.com/p/CsmbkoluKXr/
18338110306164475,2025-08-03,FEED,Obras e Entregas,aprovado,obra/entrega (direcionar p/ cidade),cidade da obra,116,111,5,"NA ESTRADA! 🚙💨🙅‍♂️ Essa semana foi de estrada, encontros e escutand",https://www.instagram.com/p/DM5ykF-JsLf/
17970293516602549,2024-05-20,FEED,Autismo / TEA,removido,fora de 2025-2026,,116,106,10,INSCRIÇÕES ESTÃO ABERTAS! 💥🧩 Seminário Estadual de Autismo - diagnós,https://www.instagram.com/p/C7NMjd0uTPu/
17858313666113303,2024-03-22,REELS,Institucional / Agenda,removido,fora de 2025-2026,,116,109,7,MAIS DE 800 PESSOAS! ✨🧩 A cidade de Tubarão discutiu e aprendeu sobre,https://www.instagram.com/reel/C40464BO-Sg/
17994068918366129,2023-11-07,REELS,Obras e Entregas,removido,fora de 2025-2026,,116,111,5,2️⃣OBRAS IMPORTANTES!⬇️ 🛣️ Repasse para revitalização do acesso Sul d,https://www.instagram.com/reel/CzWXvGfOi3b/
17937541268680143,2023-06-30,FEED,Atualidades,removido,fora de 2025-2026,,116,64,52,Quero muito saber sua opinião sobre isso! Deixa aqui! ⬇️ #bolsonaro #l,https://www.instagram.com/p/CuH7dhQuME2/
18058266275395424,2026-03-05,FEED,Institucional / Agenda,avaliar,sem regra (revisar),,115,100,15,Por que todas as mensagens trocadas entre Moraes e Vorcaro eram apagad,https://www.instagram.com/p/DVhQoOWgP7x/
18068490251129438,2025-12-23,REELS,Institucional / Agenda,avaliar,sem regra (revisar),,115,114,1,Mais um importante equipamento entregue através do nosso mandato! 💪🚜,https://www.instagram.com/reel/DSnD0FWgOpD/
17855634507446603,2025-06-10,REELS,Institucional / Agenda,avaliar,sem regra (revisar),,115,105,10,APROVADO NA CCJ ✅ Agora nosso projeto irá pras próximas comissões. Seg,https://www.instagram.com/reel/DKvKD2wp8m6/
18051156997809687,2024-07-28,FEED,Institucional / Agenda,removido,fora de 2025-2026,,115,98,17,PRONTOS PARA FAZER A DIFERENÇA! 🚀 As convenções confirmam: a campanha,https://www.instagram.com/p/C9-uXNcJqWi/
17983734890686239,2024-07-08,REELS,Educação,removido,fora de 2025-2026,,115,98,17,TRANSFORMAÇÃO SOCIAL 👏 🌟 Hoje encerramos o ciclo de seminários sobre,https://www.instagram.com/reel/C9LBw85J9_n/
17872569948578753,2026-03-26,REELS,Institucional / Agenda,avaliar,sem regra (revisar),,114,106,8,#TBT QUE VIRA COMPROMISSO 🐾 Hoje é dia de lembrar… mas também de refo,https://www.instagram.com/reel/DWXZ9N9DTsn/
18034296971380057,2024-12-15,REELS,Institucional / Agenda,removido,fora de 2025-2026,,114,113,1,Making off da série Senna!!!,https://www.instagram.com/reel/DDmiJRKuvXL/
17965722428687710,2024-11-07,REELS,Institucional / Agenda,removido,fora de 2025-2026,,114,105,9,"Boas notícias para Santa Catarina! 📰🚀 A empresa argentina IMAP, espe",https://www.instagram.com/reel/DCFo83RuVwA/
17952193286695055,2023-10-26,REELS,Institucional / Agenda,removido,fora de 2025-2026,,114,108,6,EM DEFESA DOS CATARINENSES! 🫡 No debate sobre os fenômenos climáticos,https://www.instagram.com/reel/Cy4BLR7Oi1u/
18037902010463838,2023-05-18,REELS,Obras e Entregas,removido,fora de 2025-2026,,114,108,6,Defendo a pavimentação da Rodovia Ageu Medeiros com unhas e dentes! 💪,https://www.instagram.com/reel/CsZjeJqpjV1/
17907651342183719,2025-07-04,FEED,Institucional / Agenda,avaliar,sem regra (revisar),,113,102,11,PRA CIMA FLUMINENSE! Hoje o clima é esse e não tem jeito: EU VOU FICAR,https://www.instagram.com/p/DLsjV-AJyvL/
17983514900399480,2023-10-07,REELS,Institucional / Agenda,removido,fora de 2025-2026,,113,107,6,CUIDE-SE! ☔️As chuvas estão se agravando em todo o estado. Estou em co,https://www.instagram.com/reel/CyGNC9GOl4y/
17989094945082662,2023-06-12,FEED,Institucional / Agenda,removido,fora de 2025-2026,,113,105,8,Nós! ♥️ @brubrunelcollaco,https://www.instagram.com/p/CtZ92ktJi5B/
17973431757097511,2026-07-06,REELS,Educação,avaliar,sem regra (revisar),Painel,112,96,16,"UNIFORME É DIGNIDADE! 🧥📚 Em Painel, tivemos a alegria de participar ",https://www.instagram.com/reel/Dadyg4DpJ2-/
18118406194395961,2024-10-12,FEED,Institucional / Agenda,removido,fora de 2025-2026,,112,112,0,Feliz dia das crianças! 🫶,https://www.instagram.com/p/DBBruQ_OApq/
17998037021107241,2023-09-01,REELS,Institucional / Agenda,removido,fora de 2025-2026,,112,109,3,CONEXÃO ENTRE POLÍTICOS E EMPREENDEDORES! 🤝 Os modais auxiliam o dese,https://www.instagram.com/reel/CwqiPpaOxLJ/
17974284401142085,2023-05-30,FEED,Institucional / Agenda,removido,fora de 2025-2026,,112,110,2,"✨ Como regionalista comprometido, estou empenhado em transformar proje",https://www.instagram.com/p/Cs4lAGypeH1/
17994029038756371,2023-05-02,FEED,Institucional / Agenda,removido,fora de 2025-2026,,112,109,3,✈️AEROPORTO REGIONAL DE JAGUARUNA! ⬆️ Arrasta pro lado e confere. ✅ #a,https://www.instagram.com/p/CrwKNe1uVX9/
18249990328249093,2024-09-15,REELS,Institucional / Agenda,removido,fora de 2025-2026,,111,99,12,VALORIZAR A NOSSA REGIÃO!🌍✨ É sobre unir forças para o desenvolviment,https://www.instagram.com/reel/C_8RYnbuztJ/
17995660532380398,2024-04-18,REELS,Educação,removido,fora de 2025-2026,,111,101,10,🌟INVESTIMENTO EM INCLUSÃO! Apae de Capivari de Baixo está fazendo um ,https://www.instagram.com/reel/C56zooQOaA9/
18035675533564914,2023-09-28,REELS,Institucional / Agenda,removido,fora de 2025-2026,,111,105,6,🗣️PREFEITOS E VICES! Nosso mandato tem que ter a participação de noss,https://www.instagram.com/reel/CxwAer4uI_q/
17938319561667552,2023-06-01,REELS,Institucional / Agenda,removido,fora de 2025-2026,,111,101,10,O poder transformador da adoção! 💙✨ Debater sobre esse tema tão impor,https://www.instagram.com/reel/Cs9WZ6FNln_/
18049256462695352,2026-02-02,REELS,Institucional / Agenda,avaliar,sem regra (revisar),,110,103,7,TRABALHO SEM PAUSA 🚧✈️ Praia? Quase não se vê… Quando o compromisso é,https://www.instagram.com/reel/DURbC3cAEh2/
18111238474581475,2025-11-01,REELS,Institucional / Agenda,avaliar,sem regra (revisar),,110,103,7,💬 Uma das melhores partes de ser deputado é poder lutar pelos municíp,https://www.instagram.com/reel/DQhyniJAWtr/
18150438484361562,2025-02-20,FEED,Institucional / Agenda,avaliar,sem regra (revisar),,110,106,4,📌 É nas comissões que analisamos os projetos! Antes de uma lei ser ap,https://www.instagram.com/p/DGTxoQOyDgf/
18079520242882866,2025-10-31,REELS,Institucional / Agenda,avaliar,sem regra (revisar),Gaspar,109,102,7,Prestando contas em Gaspar! Seguimos com o compromisso de estar perto ,https://www.instagram.com/reel/DQeB7ucgDU8/
18052103236577090,2024-05-13,FEED,Institucional / Agenda,removido,fora de 2025-2026,,109,99,10,Sofremos com medidas unilaterais que não levam em consideração as comu,https://www.instagram.com/p/C667RYJu3Jj/
17885436431959767,2023-11-17,REELS,Autismo / TEA,removido,fora de 2025-2026,,109,104,5,DEFENDO E ME EMOCIONO EM DEFESA DA PESSOA COM ESPECTRO AUTISTA! 🧩🤝 A,https://www.instagram.com/reel/CzunVEiIuHQ/
17905623456185498,2026-02-04,REELS,Obras e Entregas,aprovado,obra/entrega (direcionar p/ cidade),Içara,108,104,4,"OBRA QUE TRANSFORMA VIDAS EM IÇARA 🚧 A Rua 17 de Dezembro, no Loteame",https://www.instagram.com/reel/DUVuUh_gCd0/
17916737262131464,2025-07-15,REELS,Institucional / Agenda,avaliar,sem regra (revisar),Capivari de Baixo,108,97,11,📍 Capivari de Baixo precisa de reforço no Judiciário! Hoje levamos ao,https://www.instagram.com/reel/DMIzO3PucMt/
18019162729601083,2023-06-02,REELS,Cultura e Tradição,removido,fora de 2025-2026,,108,98,10,A ADOÇÃO DESPERTA SORRISOS! 👏😃 O seminário de adoção foi um sucesso ,https://www.instagram.com/reel/CtATc55semj/
17864449188629223,2026-05-29,REELS,Obras e Entregas,aprovado,obra/entrega (direcionar p/ cidade),cidade da obra,107,102,5,"ONDE A DONA ALZA FALOU, TÁ FALADO! 🚜🛣️ Mais uma conquista importante",https://www.instagram.com/reel/DY72zyzOl2L/
17994435353430689,2024-04-30,REELS,Institucional / Agenda,removido,fora de 2025-2026,,107,90,17,GAFE COMETIDA! 👀 Mas 100 mil foram destinados a rede feminina! 💖 Nos,https://www.instagram.com/reel/C6Y1LUIuRhS/
18190302202314986,2026-03-06,REELS,Institucional / Agenda,avaliar,sem regra (revisar),,106,90,16,COMUNIDADE UNIDA 🤝 Foi uma alegria participar da inauguração do Centr,https://www.instagram.com/reel/DVi7hANjcWN/
18061967650981168,2025-03-20,FEED,Institucional / Agenda,avaliar,sem regra (revisar),,106,103,3,SAUDADES MINHAS MENINAS 💕 Papai já tá chegando e com novidades pra to,https://www.instagram.com/p/DHb-0KUO2Xk/
18041457665033379,2024-12-25,FEED,Institucional / Agenda,removido,fora de 2025-2026,,106,100,6,FELIZ NATAL! 🎁🎄,https://www.instagram.com/p/DEAL9DjOPVD/
17860258446146821,2024-07-15,FEED,Institucional / Agenda,removido,fora de 2025-2026,,106,91,15,DESENVOLVIMENTO LOCAL 🚧 É fundamental que nossas comunidades sejam es,https://www.instagram.com/p/C9cjsT3JAxX/
18087066406435724,2024-04-26,REELS,Saúde,removido,fora de 2025-2026,,106,96,10,🏥A defesa do Hospital Nossa Senhora da Conceição é crucial diante das,https://www.instagram.com/reel/C6PDviFOWi4/
17973538007439734,2023-10-20,REELS,Institucional / Agenda,removido,fora de 2025-2026,,106,99,7,ARREGAÇANDO AS MANGAS EM CRICIÚMA! 👊🏼 Um dia lotado de agendas por C,https://www.instagram.com/reel/CyoyHq7OHUL/
17892205161281065,2025-07-28,FEED,Esporte,removido,esporte sem realização,,105,93,12,"🏃‍♀️⚽ O esporte transforma, inspira e ensina. É no jogo, na disciplin",https://www.instagram.com/p/DMqkJhaJLFn/
18032916341372165,2025-05-20,REELS,Institucional / Agenda,avaliar,sem regra (revisar),,105,94,11,PRESTAÇÃO DE CONTAS NA ACIT ✍️ Mais de R$ 56 milhões investidos no Sul,https://www.instagram.com/reel/DJ413Y1pibY/
18063081418983428,2025-03-29,FEED,Cultura e Tradição,aprovado,La bella polenta,Região,105,102,3,LA BELLA POLENTA! 🍽️🇮🇹 Nada como uma boa polenta pra esquentar o co,https://www.instagram.com/p/DHyRBGBOa-4/
17962303685696046,2024-01-11,FEED,Institucional / Agenda,removido,fora de 2025-2026,,105,104,1,PRA COMEÇAR O ANO INSPIRADO! 🌸💪 Elas que apoiam umas as outras em mo,https://www.instagram.com/p/C19n2GTK55o/
17982336508976677,2023-05-11,FEED,Saúde,removido,fora de 2025-2026,,105,99,6,"Unidos pela saúde pública, Zé Gotinha, eu e o Deputado Napoleão estamo",https://www.instagram.com/p/CsHT8q_uPci/
18004115464640861,2023-04-06,FEED,Institucional / Agenda,removido,fora de 2025-2026,,105,96,9,Um #tbt recente e marcante de inclusão.🧩 Nosso evento de lançamento d,https://www.instagram.com/p/CqtdthmOsca/
17898461054854258,2023-09-15,REELS,Institucional / Agenda,removido,fora de 2025-2026,,104,100,4,➡️As políticas públicas são fundamentais para alcançar os melhores res,https://www.instagram.com/reel/CxOlOj_uiUd/
18051804830535729,2026-07-15,FEED,Obras e Entregas,aprovado,obra/entrega (direcionar p/ cidade),cidade da obra,103,94,9,🚧 A SOLUÇÃO QUE O SUL DE SC PRECISA A interdição da Ponte Anita Garib,https://www.instagram.com/p/Da09rj3oIHb/
18179658466375096,2026-07-10,FEED,Rural e Agro,removido,agro sem realização,,103,101,2,Vai uma cuca quentinha aí? 😋 A FEAGRO já está movimentando Braço do N,https://www.instagram.com/p/DaoHcxAJg_X/
18119722759752639,2026-06-19,REELS,Rural e Agro,removido,agro sem realização,,103,95,8,O BRASIL ENTRA EM CAMPO. QUEM GANHA É A NOSSA REGIÃO 🇧🇷⚽ Hoje a sele,https://www.instagram.com/reel/DZxrSvfMEvq/
17948534988089425,2026-01-19,REELS,Obras e Entregas,aprovado,obra/entrega (direcionar p/ cidade),Gravatal,103,98,5,A MELHOR COISA QUE TEM: Ver a obra pronta do recurso que enviamos! 🚀 ,https://www.instagram.com/reel/DTsZKEEgHwo/
18111932266559003,2026-01-04,FEED,Atualidades,removido,Venezuela,,103,85,18,🇻🇪 VENEZUELA: DO OURO NEGRO À CRISE HUMANITÁRIA 🛢️🔥 Já foi chamada,https://www.instagram.com/p/DTGOIhkgN1D/
17928987698935529,2025-05-05,FEED,Institucional / Agenda,avaliar,sem regra (revisar),,103,96,7,Política de verdade é assim! 🎯,https://www.instagram.com/p/DJSlu47pky0/
18060331702956424,2025-02-25,REELS,Institucional / Agenda,avaliar,sem regra (revisar),,103,97,6,"Direto da Eikto, a maior empresa de baterias de lítio do MUNDO! 🌍🔥 ✅",https://www.instagram.com/reel/DGgQ44GJ5LW/
17943383852867798,2024-10-25,REELS,Institucional / Agenda,removido,fora de 2025-2026,,103,99,4,Trabalhando pelo Sul de Santa Catarina! 💪 Questionamos o andamento da,https://www.instagram.com/reel/DBjX19IuNkg/
17969281775480698,2023-10-06,REELS,Institucional / Agenda,removido,fora de 2025-2026,,103,98,5,"SALVAR VIDAS NÃO É PRA QUALQUER UM! 🚒👩‍🚒 Ver de perto a dedicação, ",https://www.instagram.com/reel/CyEqqN-O_6g/
17931738071607010,2023-06-09,REELS,Institucional / Agenda,removido,fora de 2025-2026,,103,101,2,"Nada de FERIADO! 😱 Trabalhando a toda hora, em todo lugar, os momento",https://www.instagram.com/reel/CtSRxrPJB3i/
17942776067513010,2023-05-14,FEED,Institucional / Agenda,removido,fora de 2025-2026,,103,97,6,Nossa Manu e Lelê têm muita sorte em ter uma mãe como você. És uma mãe,https://www.instagram.com/p/CsOelLPOFFr/
17874186462532390,2026-02-19,FEED,Obras e Entregas,removido,curadoria manual (linha 59),cidade da obra,102,100,2,O trabalho não para e as entregas também não! 😉,https://www.instagram.com/p/DU9BO4LAbef/
18485448172060293,2025-02-15,FEED,Institucional / Agenda,avaliar,sem regra (revisar),,102,96,6,NOSSA DEFESA PELO CARATINENSE NAS FILAS! 🛣️💥 Arrasta pro lado e conf,https://www.instagram.com/p/DGGRg2bON5-/
17939682827591684,2023-07-20,REELS,Obras e Entregas,removido,fora de 2025-2026,,102,102,0,Na Barra do molhes só deu frio e botos! 🥶🐬 📍 Laguna #laguna #moles ,https://www.instagram.com/reel/Cu7k5VNsjxh/
17934451457677851,2023-06-21,REELS,Saúde,removido,fora de 2025-2026,,102,96,6,"🎀Mulheres inspiradoras da Rede Feminina do Câncer, unidas em busca de",https://www.instagram.com/reel/CtxQTnsLzV_/
18153553147427809,2026-01-23,REELS,Obras e Entregas,aprovado,obra/entrega (direcionar p/ cidade),Rio Fortuna,101,93,8,🚀 Rio Fortuna segue avançando! Mais investimentos chegando para fazer,https://www.instagram.com/reel/DT2e9D7gLOL/
18214791166308873,2025-11-08,FEED,Autismo / TEA,aprovado,TEA/autismo (fica todos),Público autismo / SC,101,92,9,•• O Censo do Autismo não é estatística — é dignidade! A invisibilidad,https://www.instagram.com/p/DQzrj1lEQ6N/
17984909192427526,2024-01-24,FEED,Institucional / Agenda,removido,fora de 2025-2026,,101,89,12,PALAVRA CUMPRIDA! 🤝 Capivari de Baixo vai receber R$ 2 milhões para o,https://www.instagram.com/p/C2f3Gnsu3Bi/
18077222464384087,2023-08-17,REELS,Institucional / Agenda,removido,fora de 2025-2026,,101,99,2,Vereador Mirim! Essa é uma das formas de incentivarmos as crianças a p,https://www.instagram.com/reel/CwD8fl3ouqz/
18008659655545820,2024-08-04,FEED,Esporte,removido,fora de 2025-2026,,100,97,3,APOIANDO AO ESPORTE! 🏆 Taça de Vice-Campeão entregue ao time do Santo,https://www.instagram.com/p/C-QrFJWpoBU/
17997276773047633,2023-08-03,FEED,Institucional / Agenda,removido,fora de 2025-2026,,100,93,7,Rebobina pro primeiro dia! 🔚 Me peguei pensando que já se foram 6 mes,https://www.instagram.com/p/Cvf0ISxOX2a/
17962718861376510,2023-04-05,FEED,Institucional / Agenda,removido,fora de 2025-2026,,100,95,5,Estamos de #Luto 🖤 que Deus conforte as famílias.,https://www.instagram.com/p/CqqGFTxO35R/
17877620828834512,2023-03-17,REELS,Institucional / Agenda,removido,fora de 2025-2026,,100,93,7,"Uma semana em 30 segundos! 🚀 Trabalho, reuniões, sessões, eventos, at",https://www.instagram.com/reel/Cp5yaxxD5rt/
17880373440461396,2026-02-03,FEED,Institucional / Agenda,avaliar,sem regra (revisar),,99,91,8,ANO LEGISLATIVO COMEÇOU NA ALESC ▶️ O ano legislativo começou oficialm,https://www.instagram.com/p/DUTx445AXqf/
18003089000101150,2023-10-01,REELS,Institucional / Agenda,removido,fora de 2025-2026,,99,92,7,"➡️VEREADOR, esse post é pra você!😜 Gratidão pelo seu compromisso em t",https://www.instagram.com/reel/Cx2xTk6uK69/
17951285429608964,2023-04-27,REELS,Institucional / Agenda,removido,fora de 2025-2026,,99,96,3,AEROPORTO REGIONAL DE JAGUARUNA ✈️ Com uma média de 11 mil passageiros,https://www.instagram.com/reel/CrjovNVtJzf/
17905467252203575,2026-03-07,REELS,Atualidades,removido,base de atualidades cai,,98,94,4,O MAIOR ESCÂNDALO DA REPÚBLICA? O caso do Banco Master é um absurdo. P,https://www.instagram.com/reel/DVlrAdIjUL-/
18086750662753034,2025-10-24,REELS,Obras e Entregas,aprovado,obra/entrega (direcionar p/ cidade),Treze Tílias,98,92,6,CHEGAMOS EM TREZE TÍLIAS! Foram destinados R$ 200 mil para a pavimenta,https://www.instagram.com/reel/DQMtP3cAAd9/
18005543161783914,2023-06-13,REELS,Institucional / Agenda,removido,fora de 2025-2026,,98,98,0,"A correria entre audiências, Plenário e CCJ - tudo em modo turbo - enf",https://www.instagram.com/reel/CtclQhMJNzC/
17871529817912501,2023-05-26,REELS,Educação,removido,fora de 2025-2026,,98,95,3,Foi importante para minha formação como homem e como profissional! ✍🏼,https://www.instagram.com/reel/CstvVSKRaHm/
18438926680047325,2024-07-03,REELS,Saúde,removido,fora de 2025-2026,,97,88,9,"PROJETO EXAMES NAS FARMÁCIAS, aprovado! ✅ Facilitar a vida do catarine",https://www.instagram.com/reel/C8-RWZJpSYO/
17982110660157834,2023-05-08,REELS,Institucional / Agenda,removido,fora de 2025-2026,,97,93,4,"AMPLIAÇÃO DO PORTO! R$ 92 milhões para o Cais 3, custeado pela SCPAR, ",https://www.instagram.com/reel/Cr_1jTPMFd-/
17897901354450290,2026-05-22,REELS,Obras e Entregas,aprovado,obra/entrega (direcionar p/ cidade),Braço do Norte,96,90,6,"MAIS QUALIDADE DE VIDA! 🚧👏 A Rua do Teixaco, em Braço do Norte, vai ",https://www.instagram.com/reel/DYpVlVOAFlj/
18386796589156322,2026-03-15,REELS,Institucional / Agenda,avaliar,sem regra (revisar),,96,83,13,É UMA HONRA! 🤝 É uma honra receber o reconhecimento como o deputado q,https://www.instagram.com/reel/DV7Io-KjQU4/
18110509987759914,2026-03-15,REELS,Autismo / TEA,aprovado,TEA/autismo (fica todos),Rio Rufino,96,87,9,AUTISMO É PRIORIDADE 💙 Participei da inauguração da AMA em Rio Rufino,https://www.instagram.com/reel/DV6jzptANP3/
18028989764579230,2025-12-27,FEED,Obras e Entregas,removido,curadoria manual (linha 65 orig),cidade da obra,96,86,10,"UM ANO INTEIRO DE ENTREGA 🚀 Foram 12 meses de correria, de estrada, d",https://www.instagram.com/p/DSx3HdPAVKa/
18056067281625456,2025-09-22,FEED,Institucional / Agenda,avaliar,sem regra (revisar),,96,92,4,Notícias da semana! 👀🗞️,https://www.instagram.com/p/DO6-_d4jbKq/
18059471525203908,2025-07-01,REELS,Obras e Entregas,aprovado,obra/entrega (direcionar p/ cidade),Passo de Torres,96,94,2,CAMINHOS DO MAR! 🌊 O asfaltamento da estrada que liga Passo de Torres,https://www.instagram.com/reel/DLkcITPuO9M/
18111134578432461,2024-12-11,REELS,Rural e Agro,removido,fora de 2025-2026,,96,94,2,🚀OVINOCAPRINOCULTURA VALORIZADA! 🐑🐐 🌱 Potencial incrível para cres,https://www.instagram.com/reel/DDdIiqlOO5U/
17947159436419076,2023-03-09,FEED,Institucional / Agenda,removido,fora de 2025-2026,,96,90,6,Não podemos esperar as épocas de chuvas e enchentes para falar de um a,https://www.instagram.com/p/CplRgr0uLPW/
17997698569770700,2023-06-07,FEED,Institucional / Agenda,removido,fora de 2025-2026,,95,94,1,Meio ano se foi num piscar de olhos! 😮✨ 2023 tem sido intenso e reple,https://www.instagram.com/p/CtNCRDvuFBI/
17993603386743723,2023-04-26,FEED,Institucional / Agenda,removido,fora de 2025-2026,,95,90,5,ATENDIMENTOS ✅ Que correria boa do dia a dia atender todos que procura,https://www.instagram.com/p/Crg6hapO7kn/
18129305020383086,2024-11-28,FEED,Institucional / Agenda,removido,fora de 2025-2026,,94,94,0,SESSÃO ITINERANTE! ✅ Finalizamos com sucesso nossas sessões itinerante,https://www.instagram.com/p/DC6v2oJOWbk/
18031616897154388,2024-08-10,REELS,Institucional / Agenda,removido,fora de 2025-2026,,94,89,5,Mais de 8 municípios visitados em 36h! ✅ Um roteiro de sucesso onde ve,https://www.instagram.com/reel/C-gh6MMuEjU/
17999451874747895,2023-04-18,FEED,Obras e Entregas,removido,fora de 2025-2026,,94,92,2,EM DEFESA DE TUBARÃO! 🦈 Buscamos recursos para sanar problemas que im,https://www.instagram.com/p/CrMWy7rOfh7/
17894954570908117,2023-10-18,REELS,Institucional / Agenda,removido,fora de 2025-2026,,93,91,2,EMOCIONANTE 🌸🎗️ Mulheres incríveis soltaram a voz em aplausos às red,https://www.instagram.com/reel/CyjmaP_OoWG/
18001509205858783,2023-06-14,REELS,Autismo / TEA,removido,fora de 2025-2026,,93,89,4,LEVANTANDO A BANDEIRA DO AUTISMO 🧩 Com instituições apaixonadas pela ,https://www.instagram.com/reel/CtfJdlRLa47/
18051274577407810,2025-08-06,REELS,Institucional / Agenda,avaliar,sem regra (revisar),,92,88,4,"Com orgulho e gratidão, aprovamos a homenagem ao Movimento Escoteiro e",https://www.instagram.com/reel/DNB6yvkptFR/
17963201744596197,2023-06-22,FEED,Educação,removido,fora de 2025-2026,,92,89,3,Uma manhã diferente com a Turma do Terceirão da escola Saul Ulysséa fa,https://www.instagram.com/p/Ctzwi9DOpDn/
18038085310415927,2023-03-31,FEED,Institucional / Agenda,removido,fora de 2025-2026,,92,82,10,Fique atento: a segunda edição da Sessão Azul em Tubarão acontece ness,https://www.instagram.com/p/CqdoRWLuDze/
18021265124687162,2026-07-02,FEED,Institucional / Agenda,avaliar,sem regra (revisar),,91,79,12,"🏆 COMO NA COPA, ANTES DA DECISÃO, TEM A CLASSIFICAÇÃO. Na Assembleia ",https://www.instagram.com/p/DaTYV77iV-C/
18009298289863585,2026-05-26,FEED,Institucional / Agenda,avaliar,sem regra (revisar),,91,76,15,Tem coisa que só quem é Catarina compreende. E a gente tem orgulho de ,https://www.instagram.com/p/DYzsqQ2gO3n/
18124435768439845,2025-05-19,REELS,Institucional / Agenda,avaliar,sem regra (revisar),,91,84,7,PepêReborn em ação pra mostrar como se faz política: Prestando Contas ,https://www.instagram.com/reel/DJ2L2MWJKqq/
17990324624486436,2024-05-01,FEED,Institucional / Agenda,removido,fora de 2025-2026,,91,83,8,TRABALHO SÉRIO E COMPROMETIDO! 💪 No dia do trabalhador venho prestar ,https://www.instagram.com/p/C6bkjs8uPsE/
18355418164055939,2023-04-14,FEED,Institucional / Agenda,removido,fora de 2025-2026,,91,89,2,"🗣️Temos muitas pautas que merecem atenção no âmbito regional. E, como",https://www.instagram.com/p/CrCCGtCOmrr/
18266308366226903,2024-05-03,FEED,Institucional / Agenda,removido,fora de 2025-2026,,90,85,5,"ESTAMOS PREPARADOS! 💪 A cada evento realizado, um grupo está preparad",https://www.instagram.com/p/C6hJ6jpPHvS/
18084578854342430,2023-05-01,FEED,Institucional / Agenda,removido,fora de 2025-2026,,90,86,4,"🤝A todos os trabalhadores que se dedicam, exercem suas profissões com",https://www.instagram.com/p/CrtL2s_ueUO/
17992933517421541,2024-04-09,FEED,Institucional / Agenda,removido,fora de 2025-2026,,89,77,12,MINHA PARTE FAVORITA! 👀 A Comissão de Constituição e Justiça desempen,https://www.instagram.com/p/C5jhdTkOEiB/
17877744140891753,2023-08-31,REELS,Institucional / Agenda,removido,fora de 2025-2026,,89,84,5,Não poderia ficar fora dessa! 😉✅✌🏼,https://www.instagram.com/reel/Cwn2z2konUX/
18100527040436817,2024-08-31,REELS,Institucional / Agenda,removido,fora de 2025-2026,,88,76,12,"🚀 Agosto foi uma correria daquelas! 🌪️ Visitando mais de 50 cidades,",https://www.instagram.com/reel/C_WcqmgOGgn/
18249194839240508,2024-02-09,REELS,Institucional / Agenda,removido,fora de 2025-2026,,88,78,10,"“NÃO TEM BURACO, NÃO TEM LAMA E NEM POEIRA” - Roseli Camilo, moradora ",https://www.instagram.com/reel/C3JJqGEuenO/
18286904938154043,2023-12-04,FEED,Institucional / Agenda,removido,fora de 2025-2026,,88,78,10,Notícia Boa a gente compartilha! ✌🏼😉,https://www.instagram.com/p/C0cGj5vux22/
17973900398555091,2023-10-03,REELS,Obras e Entregas,removido,fora de 2025-2026,,88,87,1,"Um dia repleto de desafios e conquistas, onde o esforço e a dedicação ",https://www.instagram.com/reel/Cx85QdiOm4m/
17975899283522483,2023-08-12,FEED,Institucional / Agenda,removido,fora de 2025-2026,,88,81,7,PROGRESSISTAS UNIDOS! 🩵 A reunião em Araranguá foi linda e evidenciou,https://www.instagram.com/p/Cv2IHs8O5bA/
18077805614120934,2025-10-12,REELS,Institucional / Agenda,avaliar,sem regra (revisar),,87,83,4,🌈 Feliz Dia das Crianças! Que todas as crianças possam sentir a alegr,https://www.instagram.com/reel/DPtoAm2DaIS/
18052754606512499,2025-02-22,FEED,Institucional / Agenda,avaliar,sem regra (revisar),,87,80,7,Arrasta pro lado e confira as notícias da semana! 💪🚀,https://www.instagram.com/p/DGYr7uFpRnS/
17993719979197271,2023-12-07,REELS,Institucional / Agenda,removido,fora de 2025-2026,,87,85,2,"🚨Atenção, organizações da sociedade civil! O Governo está com inscriç",https://www.instagram.com/reel/C0jX2iwumC4/
18030158554531777,2023-06-27,REELS,Saúde,removido,fora de 2025-2026,,87,84,3,SAÚDE É VIDA! ♥️ Investir nessa área é investir em todos nós. Hospitai,https://www.instagram.com/reel/CuAqK5duYua/
18099978394766972,2026-03-22,REELS,Institucional / Agenda,avaliar,sem regra (revisar),,86,78,8,ENERGIA SOLAR PARA QUEM SALVA VIDAS ☀️❤️ Reduzir custos e dar mais fôl,https://www.instagram.com/reel/DWMlY0GgGV-/
18056565071467436,2026-03-19,REELS,Saúde,avaliar,saúde (avaliar),Sul-SC,86,80,6,"MENOS DISCURSO, MAIS RESULTADO 🏥✅ A nova máquina de endoscopia já che",https://www.instagram.com/reel/DWExUaWgHZf/
18070008508968678,2025-06-07,REELS,Institucional / Agenda,avaliar,sem regra (revisar),,86,81,5,DAS BELEZAS DE SANTA CATARINA 🐬 📸🔁 @faroldesantamarta,https://www.instagram.com/reel/DKnCbXApwNA/
17993806316110425,2023-10-31,REELS,Institucional / Agenda,removido,fora de 2025-2026,,86,82,4,ALEGRANDO MEU DIA! ☺️ Os vereadores mirins de Treze de Maio estiveram ,https://www.instagram.com/reel/CzE-N6muqkX/
18115462960677247,2026-06-25,REELS,Saúde,avaliar,saúde (avaliar),Sul-SC,85,81,4,"MENOS CONTA, MAIS SAÚDE! ☀️🏥 Imagine transformar o gasto com energia ",https://www.instagram.com/reel/DaBaTfRJPmA/
17933329614215534,2026-04-13,REELS,Autismo / TEA,aprovado,TEA/autismo (fica todos),Público autismo / SC,85,74,11,AUTISMO 🧩,https://www.instagram.com/reel/DXFXtFciYUT/
17858193441466551,2025-07-30,FEED,Institucional / Agenda,avaliar,sem regra (revisar),,85,82,3,ESTAR PRESENTE! 🤝 🚨 Avanços que você pode ver e sentir! Estivemos on,https://www.instagram.com/p/DMvnYFJpZPD/
17898872034209095,2025-06-14,REELS,Saúde,avaliar,saúde (avaliar),Sul-SC,85,81,4,Investir em saúde é investir no presente das pessoas! 🤝,https://www.instagram.com/reel/DK4s-TVOWC7/
17879469606275734,2025-04-05,FEED,Institucional / Agenda,avaliar,sem regra (revisar),,85,70,15,NOTÍCIAS DA SEMANA! 🗞️ arrasta! ↔️,https://www.instagram.com/p/DIE079DJKJa/
17981572571618701,2023-12-12,FEED,Institucional / Agenda,removido,fora de 2025-2026,,85,78,7,📍 A Comissão de Constituição e Justiça na Assembleia Legislativa de S,https://www.instagram.com/p/C0xOm8fO2OT/
17885742860793614,2023-05-31,REELS,Institucional / Agenda,removido,fora de 2025-2026,,85,78,7,ROTINA INTENSA! Os bastidores do dia de um Deputado Estadual são inten,https://www.instagram.com/reel/Cs7BnM5pfSU/
18044420888293707,2025-07-21,FEED,Institucional / Agenda,avaliar,sem regra (revisar),,84,80,4,COMEÇANDO A SEMANA INFORMADO! 🗞️☕️,https://www.instagram.com/p/DMYYpJjJwRU/
18055675237640457,2024-07-13,FEED,Obras e Entregas,removido,fora de 2025-2026,,84,81,3,CONQUISTAS HISTÓRICAS 🚢 5 milhões da Bancada do Sul para o projeto de,https://www.instagram.com/p/C9XhF4wpkR6/
17872324581076778,2024-03-31,REELS,Institucional / Agenda,removido,fora de 2025-2026,,84,73,11,Jesus ressuscitou pra que nós pudéssemos estar aqui! 🙏 O melhor feliz,https://www.instagram.com/reel/C5LgLgfudSm/
17848840032172119,2024-03-20,REELS,Autismo / TEA,removido,fora de 2025-2026,,84,78,6,AUTISMO EM PAUTA! 🧩 Sexta nosso encontro é no Seminário Estadual sobr,https://www.instagram.com/reel/C4v1rzZu17p/
17984563103069201,2023-04-25,FEED,Institucional / Agenda,removido,fora de 2025-2026,,84,74,10,ATUALIZAÇÃO É O SEGREDO 📚 Agora o ritmo aumentou. As comissões e os p,https://www.instagram.com/p/CreLHqZOYF2/
18101691781783751,2026-04-23,REELS,Obras e Entregas,aprovado,obra/entrega (direcionar p/ cidade),Presidente Nereu,83,75,8,INVESTIMENTO QUE CHEGA NA PONTA 🚜 Hoje estive em Presidente Nereu faz,https://www.instagram.com/reel/DXfY_UJADqI/
17863994319380687,2025-04-18,FEED,Institucional / Agenda,avaliar,sem regra (revisar),,83,81,2,Notícias da semana! ➡️,https://www.instagram.com/p/DIlgzijO72_/
18144404278315452,2024-04-04,FEED,Institucional / Agenda,removido,fora de 2025-2026,,83,77,6,FOI BOM DEMAIS PRA NÃO VIRAR TBT! 🧩 Fizemos o nosso melhor e foi um s,https://www.instagram.com/p/C5WCi5AuKXE/
18102261668113906,2026-05-08,REELS,Cultura e Tradição,avaliar,sem regra (revisar),Itaiópolis,82,74,8,ITAIÓPOLIS E SUAS RAÍZES 🇵🇱❤️ Hoje tivemos a alegria de visitar a tr,https://www.instagram.com/reel/DYF5ONIMPKD/
18165914161343175,2025-11-05,FEED,Institucional / Agenda,avaliar,sem regra (revisar),,82,79,3,"Um brinde à uva Goethe, que nos presenteia com vinhos, frisantes e esp",https://www.instagram.com/p/DQsDcIGgfpV/
18117306994636956,2026-04-11,FEED,Autismo / TEA,aprovado,TEA/autismo (fica todos),Público autismo / SC,81,73,8,AUTISMO E O PAPEL DO PAI 🧩 A ciência começa a mostrar que o cuidado v,https://www.instagram.com/p/DXAXQawkeNH/
18175003048328113,2025-06-08,FEED,Institucional / Agenda,avaliar,sem regra (revisar),,81,78,3,Notícias da semana 🚀📰,https://www.instagram.com/p/DKpRbzVOBqg/
17875185552004565,2023-11-29,REELS,Obras e Entregas,removido,fora de 2025-2026,,81,73,8,🌽 R$ 150 MILHÕES 🌽 Para reconstruir a infraestrutura afetada pelas i,https://www.instagram.com/reel/C0Pkd3Ru59A/
17880065073261135,2025-08-20,FEED,Atualidades,removido,base de atualidades cai,,80,77,3,"A senadora Tereza Cristina é sinônimo de trabalho, dedicação e comprom",https://www.instagram.com/p/DNlpp1IpoAc/
17982227795671238,2025-03-26,REELS,Institucional / Agenda,avaliar,sem regra (revisar),,80,74,6,Taxar é retroceder! 👊 Só olhar os países que já tentaram fazer essa p,https://www.instagram.com/reel/DHrSMiKJv-W/
17879699688109305,2024-09-02,FEED,Institucional / Agenda,removido,fora de 2025-2026,,80,76,4,Tempo vai devagar porque ela já tá aprendendo a Marchar! 🇧🇷 Desfile ,https://www.instagram.com/p/C_beGiRSmY1/
18003501056340731,2024-07-05,FEED,Institucional / Agenda,removido,fora de 2025-2026,,80,74,6,O VERDADEIRO LEGISLADOR! Por Milton Alves https://diariodosul.com.br/c,https://www.instagram.com/p/C9Ddn9-RZd4/
18010908719512785,2024-03-07,FEED,Institucional / Agenda,removido,fora de 2025-2026,,80,76,4,Entrando na #trend e mostrando resultado! 😉👊,https://www.instagram.com/p/C4N-UQquWRk/
18152680246294116,2023-08-13,REELS,Institucional / Agenda,removido,fora de 2025-2026,,80,73,7,FOFURÔMETRO EXPLODINDO! 😍 Me emocionei e compartilho com vocês as hom,https://www.instagram.com/reel/Cv4k2jtuMFN/
17887321337804114,2023-03-29,FEED,Institucional / Agenda,removido,fora de 2025-2026,,80,75,5,"➡️Voltando da Marcha dos Prefeitos a Brasília, reafirmei o compromisso",https://www.instagram.com/p/CqY24jkOw99/
18072390290361291,2026-06-24,FEED,Cultura e Tradição,avaliar,sem regra (revisar),,79,77,2,"FORÇA, RAÍZES E EXCELÊNCIA Três mulheres. Três histórias que cruzaram ",https://www.instagram.com/p/DZ_LMJBjW0M/
17954650377085498,2026-03-09,FEED,Esporte,removido,esporte sem realização,,79,71,8,PROTEGER TAMBÉM É CUIDAR 🚨📱 Muita gente ainda acha que é “só um jogo,https://www.instagram.com/p/DVq0B1iDZIA/
18052089724936082,2024-10-23,FEED,Obras e Entregas,removido,fora de 2025-2026,,79,77,2,Avanços e Desafios do Anel Viário da SC-108 🛣️ Com apenas 1% da execu,https://www.instagram.com/p/DBeyfTUSNyN/
18020825840099228,2024-03-11,REELS,Institucional / Agenda,removido,fora de 2025-2026,,79,75,4,Que incrível ver o impacto positivo da bancada do Sul! 👊 Esses R$2 mi,https://www.instagram.com/reel/C4YbFgBOxO8/
17944781309572361,2023-08-01,REELS,Educação,removido,fora de 2025-2026,,79,70,9,"UNIVERSIDADE GRATUITA ✅ Aprovado, assinado e que os universitários apr",https://www.instagram.com/reel/CvasDflOJoU/
18043556090646497,2025-08-07,REELS,Institucional / Agenda,avaliar,sem regra (revisar),,78,71,7,DESENVOLVENDO A REGIÃO! 🫡 Assumi o compromisso de representar o Sul e,https://www.instagram.com/reel/DND7i_-utdH/
17976995463024359,2026-06-22,REELS,Atualidades,removido,base de atualidades cai,,77,69,8,QUE HONRA! ✨🚀 Cidade que me acolhe e me relembra os valores dos nosso,https://www.instagram.com/reel/DZ5svByBpuC/
18021741404753722,2025-08-31,FEED,Institucional / Agenda,avaliar,sem regra (revisar),,77,71,6,Notícias da semana! 🗞️,https://www.instagram.com/p/DOBlfbHDTUh/
17986268183665368,2025-04-30,FEED,Institucional / Agenda,avaliar,sem regra (revisar),,77,66,11,DEIXA AQUI TUA OPINIÃO! ⬇️,https://www.instagram.com/p/DJE_3d8uQLx/
18025943711456911,2025-04-11,FEED,Obras e Entregas,aprovado,obra/entrega (direcionar p/ cidade),cidade da obra,77,74,3,INVESTIMENTO DIRETO NA AMUREL! 🚀 No programa SC levada a sério foi li,https://www.instagram.com/p/DIUxjk5JhX7/
17872517792951218,2023-08-18,REELS,Institucional / Agenda,removido,fora de 2025-2026,,77,77,0,💸DREX é uma das novidades anunciadas pelo Milton Campos Presidente do,https://www.instagram.com/reel/CwGUufWoNwC/
17848067649013735,2023-07-12,REELS,Saúde,removido,fora de 2025-2026,,77,76,1,ATENÇÃO AO HOSPITAL DE IÇARA 🏥 A bancada do sul se reuniu para lutar ,https://www.instagram.com/reel/CunQbX0snAM/
17957780468604816,2023-06-06,REELS,Cultura e Tradição,removido,fora de 2025-2026,,77,75,2,ADOÇÃO! ♥️ Despertando corações e construindo lares: O Seminário da Ad,https://www.instagram.com/reel/CtKjUzKNHhw/
18029268899290573,2024-05-24,REELS,Institucional / Agenda,removido,fora de 2025-2026,,76,72,4,"A REGIÃO SUL MAIS DESENVOLVIDA!🌟 Com portos, aeroportos e duplicações",https://www.instagram.com/reel/C7XJjKeJ6df/
18058254946574640,2024-05-12,REELS,Institucional / Agenda,removido,fora de 2025-2026,,76,71,5,O FINAL PODE TE SURPREENDER 🏃‍♂️👀 Por aqui tentamos desgastar o que ,https://www.instagram.com/reel/C64v2E9umxS/
17974913411624924,2023-11-18,FEED,Institucional / Agenda,removido,fora de 2025-2026,,76,75,1,Sucesso total na Confraternização do Progressista em Morro da Fumaça! ,https://www.instagram.com/p/Czy3NjauFlt/
17984402134996575,2023-04-05,FEED,Educação,removido,fora de 2025-2026,,76,73,3,Com tristeza e pesar falo sobre o atentado as crianças da creche Bom P,https://www.instagram.com/tv/Cqqrqo1osYR/
17881801428095335,2024-07-29,REELS,Institucional / Agenda,removido,fora de 2025-2026,,75,64,11,PARABÉNS LAGUNA! 🎉 Celebramos com orgulho os 348 anos desta cidade hi,https://www.instagram.com/reel/C-A18TNuyeR/
18025068091763938,2023-11-16,FEED,Obras e Entregas,removido,fora de 2025-2026,,75,70,5,"Construindo pontes, quebrando barreiras: juntos pela inclusão social! ",https://www.instagram.com/p/CzuCGWUuI7i/
18104934442834678,2026-02-05,FEED,Institucional / Agenda,avaliar,sem regra (revisar),,74,69,5,QUANDO A JUSTIÇA TEM SOBRENOME… ⚖️🧐 Parentes diretos de 8 dos 10 mini,https://www.instagram.com/p/DUY8LPWkcdM/
18353626687085165,2025-07-17,FEED,Atualidades,removido,Venezuela,,74,49,25,"💸 Calote bilionário da Venezuela: quem paga é você. Desde 2018, Madur",https://www.instagram.com/p/DMOVVX8pZSX/
18029595905191566,2024-08-30,FEED,Institucional / Agenda,removido,fora de 2025-2026,,74,71,3,O FUTURO DAS CIDADES ESTÁ AQUI! 🚀 Com um trabalho intenso na região s,https://www.instagram.com/p/C_RhY_muWk6/
18035270278479847,2023-08-04,FEED,Institucional / Agenda,removido,fora de 2025-2026,,74,69,5,🗣️Quem adivinha o tema do Podcast Ordem do dia que gravamos nesta sem,https://www.instagram.com/p/CvhudKBuMIu/
18044812984776940,2024-05-10,FEED,Institucional / Agenda,removido,fora de 2025-2026,,73,68,5,ALTO VALE COM QUALIDADE ✅ É nesses momentos que sentimos orgulho de se,https://www.instagram.com/p/C6zMVJqOupu/
17993016020065201,2023-09-17,REELS,Obras e Entregas,removido,fora de 2025-2026,,73,71,2,REDRAGAGEM DO RIO TUBARÃO! ✅ Uma obra de mais de 500 milhões de reais ,https://www.instagram.com/reel/CxTrmYuOKMD/
18405435850181700,2026-04-08,FEED,Autismo / TEA,aprovado,TEA/autismo (fica todos),Público autismo / SC,72,58,14,"AUTISMO É PRIORIDADE 💙 Abril é o mês de conscientização, mas o nosso ",https://www.instagram.com/p/DW4OzcjAOBh/
18042630452162825,2024-12-05,FEED,Institucional / Agenda,removido,fora de 2025-2026,,72,69,3,✨ #TBT Especial da Comenda do Legislativo! Um momento marcante onde ti,https://www.instagram.com/p/DDNO8yypXzO/
18009102586832978,2023-10-04,REELS,Cultura e Tradição,removido,fora de 2025-2026,,72,71,1,TA TODO MUNDO CONVIDADO! 🌎 A festa do Colono pelo capricho da criança,https://www.instagram.com/reel/Cx_mSwHun_W/
18029784170106967,2024-06-08,FEED,Institucional / Agenda,removido,fora de 2025-2026,,71,59,12,QUE PRESENTE DE JAGUARUNA! Obrigado a todos pelo reconhecimento do tra,https://www.instagram.com/p/C77xF8FOxne/
18108383446913089,2026-05-27,FEED,Institucional / Agenda,avaliar,sem regra (revisar),Tubarão,70,63,7,156 anos de uma cidade feita por gente forte. ❤️ Tubarão já enfrentou ,https://www.instagram.com/p/DY130ZBAG5i/
17964684608291544,2023-05-19,FEED,Obras e Entregas,removido,fora de 2025-2026,,70,67,3,"Quando paramos para ouvir, entregamos resultados reais! 🎯👂🏼 Estar p",https://www.instagram.com/p/CscLlc6JfL4/
17880978234345858,2025-07-08,REELS,Esporte,removido,esporte sem realização,,69,65,4,"💭 O jogo é às 16h, mas a cabeça já tá gritando: FLUMINENSE VAI JOGAR!",https://www.instagram.com/reel/DL2lflouMJG/
18062871937830767,2024-12-18,REELS,Obras e Entregas,removido,fora de 2025-2026,,69,69,0,ENTREGAS DA BANCADA DO SUL! ✅ 24 milhões a mais na região pelo nosso t,https://www.instagram.com/reel/DDu_yAXSxh6/
17895074777996690,2024-04-28,REELS,Obras e Entregas,removido,fora de 2025-2026,,69,52,17,PÉ NA ESTRADA! 🦶🛣️ Com direito a ministério do Trabalho pra a viabil,https://www.instagram.com/reel/C6UW88iuvlb/
18314036884120139,2024-03-01,FEED,Institucional / Agenda,removido,fora de 2025-2026,,69,65,4,PARTICIPAR ATIVAMENTE DO DESENVOLVIMENTO É ISSO!⚡️ Nos esforçamos para,https://www.instagram.com/p/C3--H1AOm12/
17914695362802317,2023-09-21,FEED,Institucional / Agenda,removido,fora de 2025-2026,,69,65,4,Lembrando disso todos os dias! A inclusão é indispensável para uma soc,https://www.instagram.com/p/CxdGn7DOUpT/
18000058193302995,2023-09-19,FEED,Institucional / Agenda,removido,fora de 2025-2026,,69,65,4,🔉 UNIVERSITÁRIO! Essa é uma oportunidade de vivenciar o legislativo e,https://www.instagram.com/p/CxYcdnhuH9E/
18000823798789047,2023-07-11,FEED,Educação,removido,fora de 2025-2026,,69,60,9,VITÓRIA DA EDUCAÇÃO✅ Defender a educação e o acesso à graduação para a,https://www.instagram.com/p/CukhJ11OXZ9/
18209086777343526,2026-06-27,REELS,Institucional / Agenda,avaliar,sem regra (revisar),,68,68,0,BRASIL UNIDO 🇧🇷 Como é bom ver os brasileiros unidos pela Seleção. N,https://www.instagram.com/reel/DaGkjRtwaTX/
18331917814240469,2025-11-05,REELS,Institucional / Agenda,avaliar,sem regra (revisar),,68,65,3,"Dia intenso por aqui! 💪🔥 Muito trabalho, muitos atendimentos e ainda",https://www.instagram.com/reel/DQsX5wwjXSd/
18298872127213300,2025-03-08,FEED,Saúde,avaliar,saúde (avaliar),Sul-SC,68,64,4,O trabalho feito pelas redes femininas de combate ao câncer é algo que,https://www.instagram.com/p/DG8BPT2u1bH/
18074079361492791,2024-09-07,REELS,Institucional / Agenda,removido,fora de 2025-2026,,68,47,21,"🇧🇷LIBERDADE, NÃO RELATIVIZE A VERDADE! 👊 Relativizar a verdade é en",https://www.instagram.com/reel/C_n04Rqunlh/
17927110364831008,2024-09-06,REELS,Saúde,removido,fora de 2025-2026,,68,62,6,"SAÚDE EM TREZE DE MAIO 🏥 Nosso recurso bem investido no município, no",https://www.instagram.com/reel/C_l47hVO6vz/
18348643177103145,2024-04-16,FEED,Educação,removido,fora de 2025-2026,,68,67,1,🌟🧩👏 Emocionante! A Feamas recebeu uma merecida homenagem na Alesc p,https://www.instagram.com/p/C51IiJgOreN/
17968066352788839,2024-09-18,FEED,Educação,removido,fora de 2025-2026,,67,65,2,🗣️Um pouco de informação pra essa campanha! 🗞️ Compartilha com o can,https://www.instagram.com/p/DAEdYYlyzIa/
17929706228749809,2024-03-21,REELS,Educação,removido,fora de 2025-2026,,67,62,5,UNIVERSIDADE GRATUITA 📚 Um programa que impacta na vida dos catarinen,https://www.instagram.com/reel/C4yQkGEOqkT/
18109768864341807,2023-11-10,REELS,Institucional / Agenda,removido,fora de 2025-2026,,67,66,1,LEVANTANDO NOSSAS BANDEIRAS!👊🏼 👀Veja o comentário do @andersonsilva,https://www.instagram.com/reel/CzehgwXu44Z/
17902125158783108,2023-09-12,FEED,Obras e Entregas,removido,fora de 2025-2026,,67,63,4,🚨Posicionamento claro e direto! ✅ Precisamos de investimentos no aero,https://www.instagram.com/p/CxGkm7wu7i-/
18109347232707484,2026-02-27,REELS,Atualidades,removido,base de atualidades cai,,66,56,10,DEBATE COM RESPONSABILIDADE ⏱️🇧🇷 Alguns países já testam jornadas di,https://www.instagram.com/reel/DVRk8JUgXJ_/
17873745141441769,2025-10-27,FEED,Autismo / TEA,aprovado,TEA/autismo (fica todos),Público autismo / SC,66,60,6,CIÊNCIA AVANÇA NO ENTENDIMENTO DO AUTISMO 🧠🧬 Pesquisadores da Univer,https://www.instagram.com/p/DQUq0ovAboT/
17956294910951182,2025-06-12,FEED,Institucional / Agenda,avaliar,sem regra (revisar),,66,59,7,Estamos cada vez mais próximo de você! 🤝,https://www.instagram.com/p/DKzohHcuSsi/
18024454667660218,2025-04-10,REELS,Institucional / Agenda,avaliar,sem regra (revisar),,66,60,6,🚧 ROTAS ALTERNATIVAS! ❌ O Sul de SC não pode ficar isolado 🛣️ 💥 Ped,https://www.instagram.com/reel/DIRjg_NJfyU/
18022186193344722,2024-07-18,REELS,Obras e Entregas,removido,fora de 2025-2026,,65,55,10,AGRADECER O TRABALHO EM EQUIPE! 👊 O projeto da redragagem do Porto at,https://www.instagram.com/reel/C9kjQLcu4UB/
17993620823099405,2023-07-14,FEED,Institucional / Agenda,removido,fora de 2025-2026,,65,62,3,Nova emergência do HNSC! 🏥 Nós precisamos dessa mudança para atender ,https://www.instagram.com/p/CusRqzbuOv2/
18239212990252163,2024-05-22,REELS,Institucional / Agenda,removido,fora de 2025-2026,,64,61,3,O PROJETO DO DUODÉCIMO DA DEFESA CIVIL! 👊 ✅ Aprovamos a PEC que garan,https://www.instagram.com/reel/C7RioHgu2xi/
17984001310929394,2023-02-17,FEED,Institucional / Agenda,removido,fora de 2025-2026,,64,61,3,"📰COMEÇOU! Criamos 6 frentes parlamentares, estaremos em 4 comissões, ",https://www.instagram.com/p/CoxjjYPuCN3/
18028697033743086,2025-10-29,FEED,Institucional / Agenda,avaliar,sem regra (revisar),,63,63,0,POLÍTICA QUE ESCUTA E AGE 👂🏼➡️✍🏼 A verdadeira política acontece for,https://www.instagram.com/p/DQaFZx8AcC8/
18093101518632293,2025-08-01,REELS,Institucional / Agenda,avaliar,sem regra (revisar),Passo de Torres,63,58,5,📍PASSO DE TORRES Trabalhar pelo desenvolvimento das nossas cidades é ,https://www.instagram.com/reel/DM0g5k3uVif/
17903082200869186,2023-11-14,FEED,Institucional / Agenda,removido,fora de 2025-2026,,63,60,3,"DIA INTENSO! 🏃‍♂️ Entre comissões, votações, plenário e atendimentos ",https://www.instagram.com/p/Czo7RenJben/
18069351001429530,2023-10-21,REELS,Institucional / Agenda,removido,fora de 2025-2026,,63,58,5,"➡️ No Programa Balanço Geral em Criciúma, falando um pouquinho sobre a",https://www.instagram.com/reel/Cyqe4gVOyzp/
17967596084198388,2023-03-03,FEED,Institucional / Agenda,removido,fora de 2025-2026,,63,55,8,Resumo de notícias da semana. Confere aí! ⬆️✅,https://www.instagram.com/p/CpV4VzWuV-J/
18042434743677227,2024-05-15,REELS,Obras e Entregas,removido,fora de 2025-2026,,62,56,6,DEFENDO COM UNHAS E DENTES A REDRAGAGEM 🫡 Precisamos investir na prev,https://www.instagram.com/reel/C7AFqHzOr5C/
18214766770255831,2023-10-24,REELS,Institucional / Agenda,removido,fora de 2025-2026,,62,61,1,Parabéns Rotary e Lions!💗 Vocês merecem nossas palmas por toda dedica,https://www.instagram.com/reel/Cyy5afMut5P/
17883279984222344,2025-07-23,FEED,Educação,avaliar,sem regra (revisar),,61,55,6,"Tamo chegandooo! 🚙💨 Onde a gente passa, a transformação acontece! 💪",https://www.instagram.com/p/DMdlrnCJstK/
18054113504105226,2025-07-09,REELS,Institucional / Agenda,avaliar,sem regra (revisar),,61,54,7,"A correria é grande, o dia é intenso, mas a gente trabalha com felicid",https://www.instagram.com/reel/DL5w--Gpeh8/
18007323947130617,2024-03-12,REELS,Institucional / Agenda,removido,fora de 2025-2026,,61,58,3,Complete a frase: SER PROGRESSISTA É… 💙 Mais de 150 pessoas foram fil,https://www.instagram.com/reel/C4a9AH5uNTt/
17991652723745296,2023-04-07,FEED,Institucional / Agenda,removido,fora de 2025-2026,,61,58,3,"É tempo de celebrar e refletir sobre a vida, renovar a fé e pedir por ",https://www.instagram.com/p/Cqu7oysO3Cy/
17952404066812876,2025-04-27,FEED,Institucional / Agenda,avaliar,sem regra (revisar),,60,57,3,Notícias da semana! ↔️,https://www.instagram.com/p/DI836oJu4cN/
18006033203116105,2023-11-06,FEED,Obras e Entregas,removido,fora de 2025-2026,,60,59,1,"Juntos, fazendo a diferença em Capivari de Baixo! 💪 Emenda de 1,5 mil",https://www.instagram.com/p/CzUYYKVuIgt/
18015055603733977,2023-07-28,FEED,Institucional / Agenda,removido,fora de 2025-2026,,60,55,5,Arrasta pro lado e vê a correria de julho! 🚀,https://www.instagram.com/p/CvPm1fvu7aT/
18047321534533463,2025-07-02,FEED,Esporte,removido,esporte sem realização,,57,57,0,"FLA X FLU, o clássico também na política? ⚽️🫢 No Podcast Jogo Rápido ",https://www.instagram.com/p/DLnQfRlOtTd/
18017970547754839,2023-11-17,FEED,Institucional / Agenda,removido,fora de 2025-2026,,56,53,3,Mesmo com chuva aqui não tem parada! 💪🌧️ Agenda intensa em Braço do ,https://www.instagram.com/p/CzwdDVQOMGm/
17993301820994245,2023-06-18,FEED,Autismo / TEA,removido,fora de 2025-2026,,56,55,1,🧩 Celebre o Dia do Orgulho autista e promova a inclusão! Junte-se a n,https://www.instagram.com/p/Ctot1rFuLCR/
17975113495992799,2023-03-22,FEED,Institucional / Agenda,removido,fora de 2025-2026,,56,56,0,CONVIDO TODOS A PARTICIPAREM! 🙌 O lançamento da Frente Parlamentar da,https://www.instagram.com/p/CqG1OfGufrM/
17919533846835460,2023-12-25,FEED,Institucional / Agenda,removido,fora de 2025-2026,,55,54,1,FELIZ NATAL!🎄 Que as luzes do natal iluminem seu coração com o nascim,https://www.instagram.com/p/C1RhX-7tPeH/
17963427510026071,2026-03-13,FEED,Atualidades,removido,base de atualidades cai,,54,50,4,"🚨OLHOS ABERTOS, VITÓRIA DO BRASIL 🇧🇷 O STF formou maioria para mant",https://www.instagram.com/p/DV1QlTGAD5a/
17979412790583777,2024-07-12,REELS,Institucional / Agenda,removido,fora de 2025-2026,,54,49,5,SUL EM FOCO 🌟 Debater os assuntos do Sul do Estado na sessão itineran,https://www.instagram.com/reel/C9VcMD9pHHr/
18033896428788183,2024-05-07,FEED,Institucional / Agenda,removido,fora de 2025-2026,,54,50,4,ALESC MAIS PERTO DE VOCÊ! 🤝 O Programa Alesc Itinerante chega a Blume,https://www.instagram.com/p/C6rlnd5Ov6w/
17855097744453846,2025-06-17,FEED,Institucional / Agenda,avaliar,sem regra (revisar),,53,46,7,Entenda um pouco os números do censo do @ibgeoficial 👀🧩,https://www.instagram.com/p/DLAaA5ouEZX/
17939735817003827,2025-04-09,FEED,Obras e Entregas,removido,retirar redragagem,Tubarão,53,50,3,💪 Seguimos firmes na luta pela redragagem do Rio Tubarão! O novo estu,https://www.instagram.com/p/DIPec4qJhep/
18067923316415692,2023-12-01,REELS,Institucional / Agenda,removido,fora de 2025-2026,,53,50,3,"Semana movimentada com muito trabalho e dedicação. Atendimento, comiss",https://www.instagram.com/reel/C0Txc2gOd4R/
18036955342537020,2023-09-04,FEED,Institucional / Agenda,removido,fora de 2025-2026,,53,49,4,"A bancada dos Progressistas de Santa Catarina, trabalhando juntos para",https://www.instagram.com/p/CwyGw_iulOK/
17979322697212637,2023-08-07,FEED,Institucional / Agenda,removido,fora de 2025-2026,,52,52,0,Boa sorte! 🍀,https://www.instagram.com/p/Cvpg5SguSTQ/
18039757156422329,2023-04-27,FEED,Institucional / Agenda,removido,fora de 2025-2026,,52,50,2,Aeroporto de Jaguaruna merece atenção ! ✈️,https://www.instagram.com/tv/CrioAInoDFI/
18084682163585820,2026-03-24,REELS,Obras e Entregas,removido,retirar redragagem,cidade da obra,51,48,3,REDRAGAGEM É PRIORIDADE Essa é uma luta antiga. E eu sempre estive do ,https://www.instagram.com/reel/DWSB0lWAfTj/
17902597562991876,2024-06-05,FEED,Autismo / TEA,removido,fora de 2025-2026,,51,48,3,PASSANDO PRA AVISAR 🗣️ Que o seminário estadual Autismo de Joinville ,https://www.instagram.com/p/C72bUaUuW3T/
18043361524639643,2024-03-07,REELS,Esporte,removido,fora de 2025-2026,,51,46,5,"Aqui o trabalho não para e o tempo voa, como a bola do jogo de taco! �",https://www.instagram.com/reel/C4Og68mu7-F/
17980938923912158,2025-09-23,REELS,Atualidades,removido,base de atualidades cai,,50,42,8,Governo Trump aponta que o uso de paracetamol (Tylenol) durante a grav,https://www.instagram.com/reel/DO7XiUKDTmG/
18006979136715125,2026-04-22,FEED,Autismo / TEA,aprovado,TEA/autismo (fica todos),Público autismo / SC,48,42,6,AUTISMO NÃO É TUDO IGUAL 🧩💙 Você sabia que existem níveis de autismo,https://www.instagram.com/p/DXcscZTALQ3/
18165828118401926,2026-01-30,FEED,Institucional / Agenda,avaliar,sem regra (revisar),,48,44,4,🚨 Bilhões em risco. 🏦 Um banco colapsa. ⚖️ O sistema falha. O caso B,https://www.instagram.com/p/DUJkFJsgfXg/
18272114662274101,2025-05-27,FEED,Obras e Entregas,removido,curadoria manual (linha 76),Tubarão,48,45,3,"🦈Tubarão, 155 anos! 🎉 Cada conquista, cada passo, cada sonho realiza",https://www.instagram.com/p/DKKl-IWux6K/
18029635094507782,2024-06-22,FEED,Esporte,removido,fora de 2025-2026,,48,29,19,O ESPORTE MUDA VIDAS! 👊 Estamos entusiasmados com as skatistas catari,https://www.instagram.com/p/C8hE8AkuSct/
17943740796137856,2026-03-16,FEED,Obras e Entregas,removido,retirar redragagem,cidade da obra,47,45,2,UNIDOS PELO RIO URUSSANGA 🌊 Quando falamos em redragagem do Rio Uruss,https://www.instagram.com/p/DV8rEJIjcGz/
18088765564742410,2025-08-09,REELS,Institucional / Agenda,avaliar,sem regra (revisar),,47,44,3,Quem viveu essa época de debates reais? 🤔,https://www.instagram.com/reel/DNJkWlqJ0DZ/
18055633523276891,2025-03-21,FEED,Institucional / Agenda,avaliar,sem regra (revisar),,47,42,5,"Notícias da semana! 🗞️🚀 Mais emprego na região, desenvolvimento e va",https://www.instagram.com/p/DHegC16JOFj/
18018892276736589,2023-08-24,FEED,Institucional / Agenda,removido,fora de 2025-2026,,47,46,1,A infância deve ser aproveitada ao máximo! Nossas crianças precisam br,https://www.instagram.com/p/CwVBfdzuijQ/
18611403190012312,2026-07-16,REELS,Saúde,avaliar,saúde (avaliar),Painel,46,43,3,Mais um avanço para a saúde de Painel! 🏥 ✅ Novo aparelho de ultrasson,https://www.instagram.com/reel/Da3gGS_PaCw/
18176512939382317,2026-03-27,FEED,Institucional / Agenda,avaliar,sem regra (revisar),,46,39,7,ENERGIA SOLAR PARA FORTALECER QUEM SALVA VIDAS ☀️❤️ A conta de luz pes,https://www.instagram.com/p/DWZKHHEgFri/
18346267399121080,2024-11-14,REELS,Institucional / Agenda,removido,fora de 2025-2026,,46,45,1,ALESC ITINERANTE SERRANA 🌲 A Sessão Itinerante em Lages representando,https://www.instagram.com/reel/DCVLVQHOluM/
17982899756523729,2024-05-28,FEED,Institucional / Agenda,removido,fora de 2025-2026,,46,45,1,🎙️ Novo episódio! O podcast Ordem do Dia @assembleiasc 💬 foi muito l,https://www.instagram.com/p/C7hnTDQJtnF/
18013725581091710,2023-12-31,REELS,Institucional / Agenda,removido,fora de 2025-2026,,46,40,6,Obrigado 2023! 🎉 Estes são apenas alguns momentos de muitas lembrança,https://www.instagram.com/reel/C1hZ_9KuSii/
18005924858021550,2023-10-16,FEED,Educação,removido,fora de 2025-2026,,46,44,2,👉🏽 FAÇA A SUA INSCRIÇÃO! O programa Universidade Gratuita está com a,https://www.instagram.com/p/CyeQMg6uVAC/
18065158459426380,2023-09-15,FEED,Institucional / Agenda,removido,fora de 2025-2026,,46,44,2,Que nossa padroeira nos abençoe e sempre interceda por nós 🙏 #tubarao,https://www.instagram.com/p/CxNdgNvOU2F/
18136151725335980,2024-11-21,FEED,Institucional / Agenda,removido,fora de 2025-2026,,45,44,1,A PREVENÇÃO É NECESSÁRIA! 🚨 Não podemos só falar das enchentes quando,https://www.instagram.com/p/DCo5AGVuzDs/
18423507922047855,2024-03-06,FEED,Institucional / Agenda,removido,fora de 2025-2026,,45,43,2,Essa é a minha opinião!👊 Qual é a sua?👀,https://www.instagram.com/p/C4L8JWouXL3/
18082004774518305,2025-12-31,FEED,Institucional / Agenda,avaliar,sem regra (revisar),,44,39,5,"🎉 FÉ, FORÇA, FUTURO Que 2026 seja o ano em que a esperança se transfo",https://www.instagram.com/p/DS8EHVSgDVl/
18028047893509802,2024-07-05,FEED,Saúde,removido,fora de 2025-2026,,44,40,4,Exames clínicos agora também poderão ser feitos em farmácias de SC htt,https://www.instagram.com/p/C9DykVThHB6/
18058504427233022,2025-10-14,FEED,Institucional / Agenda,avaliar,sem regra (revisar),,43,38,5,"VOCÊ REALMENTE CONHECE NOSSO PRIMEIRO IMPERADOR? Apaixonado, polêmico,",https://www.instagram.com/p/DPztjIGjalF/
17942448146791297,2024-02-26,FEED,Cultura e Tradição,removido,fora de 2025-2026,,42,40,2,SUPERANDO TODAS AS EXPECTATIVAS! 🚚 Isso é mais do que uma festa; é a ,https://www.instagram.com/p/C303X7KuFpf/
17957263631588105,2023-12-11,REELS,Institucional / Agenda,removido,fora de 2025-2026,,42,40,2,"Começamos bem a semana, acompanhe nossa entrevista para a @radiolitora",https://www.instagram.com/reel/C0tg4UiunFW/
18075831007931271,2025-10-21,FEED,Institucional / Agenda,avaliar,sem regra (revisar),,41,38,3,💰 QUEM ERA O BILIONÁRIO DO IMPÉRIO? Muito antes do Brasil ser industr,https://www.instagram.com/p/DQFpwmZjang/
17991510626667461,2024-07-23,FEED,Cultura e Tradição,removido,fora de 2025-2026,,41,41,0,🇮🇹 AMAMOS NOSSAS TRADIÇÕES! Celebrando a cultura e a gastronomia ita,https://www.instagram.com/p/C9xwtLfJHJW/
18293063179259296,2025-11-10,FEED,Educação,avaliar,sem regra (revisar),,39,37,2,🇧🇷 O que te ensinaram na escola sobre a bandeira do Brasil… é mentir,https://www.instagram.com/p/DQ45toqkRCH/
17996208440827539,2025-09-27,FEED,Institucional / Agenda,avaliar,sem regra (revisar),,39,37,2,"🌍✨ No Dia Mundial do Turismo, celebramos um dos maiores tesouros de S",https://www.instagram.com/p/DPG5Cj5DF5O/
18028414708737415,2023-11-27,REELS,Institucional / Agenda,removido,fora de 2025-2026,,39,37,2,"Em uma conversa com a Magda e o Ramon da Rádio Tuba, falamos da import",https://www.instagram.com/reel/C0KegwPOc6m/
18064763264574645,2025-11-03,FEED,Institucional / Agenda,avaliar,sem regra (revisar),,38,32,6,Um homem à frente do seu tempo. Um líder que escolheu o conhecimento c,https://www.instagram.com/p/DQmCovGgLKw/
17918254079642859,2023-05-09,FEED,Institucional / Agenda,removido,fora de 2025-2026,,38,38,0,Santa Catarina tem de tudo e precisamos escoar nossos produtos com mai,https://www.instagram.com/p/CsCcbL0uXyg/
17984526056102930,2023-05-08,FEED,Institucional / Agenda,removido,fora de 2025-2026,,38,36,2,Desenvolver o turismo é valorizar o que há de melhor na nossa terra! �,https://www.instagram.com/p/Cr-_n5Suncu/
17882081778123769,2025-01-20,FEED,Institucional / Agenda,avaliar,sem regra (revisar),,37,27,10,"Acompanhando as mudanças da política global, seguimos! 🚀",https://www.instagram.com/p/DFDzreDSZsc/
18057165301617460,2024-07-02,REELS,Institucional / Agenda,removido,fora de 2025-2026,,37,37,0,Apresentação emocionante! 👏 Parabéns @orquestra.teresinha pelo trabal,https://www.instagram.com/reel/C8730KgplUx/
18095094550796988,2026-02-23,FEED,Cultura e Tradição,avaliar,sem regra (revisar),,36,33,3,O MAIOR FURO ECONÔMICO DA NOSSA HISTÓRIA? Bilhões sob investigação. Ba,https://www.instagram.com/p/DVGlb4ygNZO/
17983031456161551,2023-08-16,FEED,Institucional / Agenda,removido,fora de 2025-2026,,36,33,3,💚Arrasta pro lado! ▶️,https://www.instagram.com/p/CwAkIRsu0gG/
18080074649088635,2025-10-08,FEED,Institucional / Agenda,avaliar,sem regra (revisar),,35,34,1,ELE QUIS LIBERTAR O BRASIL… ANTES DE TODO MUNDO 🧠🔥 Enquanto o país a,https://www.instagram.com/p/DPjMVGJDWOy/
18052760240542925,2025-09-29,FEED,Institucional / Agenda,avaliar,sem regra (revisar),,35,33,2,Notícias da semana! 🗞️☕️,https://www.instagram.com/p/DPMYpZwDWm5/
18371779837018390,2023-06-17,FEED,Cultura e Tradição,removido,fora de 2025-2026,,35,34,1,Pra manter todo mundo informado! 1️⃣ Seminário Estadual de Adoção e Pr,https://www.instagram.com/p/CtmJnAZOP0t/
17990562182723344,2024-11-15,FEED,Cultura e Tradição,removido,fora de 2025-2026,,34,31,3,Celebramos um marco fundamental na história do Brasil: a Proclamação d,https://www.instagram.com/p/DCZcqDXpbei/
18570686446056302,2026-04-14,FEED,Institucional / Agenda,avaliar,sem regra (revisar),,33,33,0,NÃO É SÓ TECNOLOGIA ⚠️ Parece inovação. Parece só evolução. Mas por tr,https://www.instagram.com/p/DXHxENNkagh/
18305409223277982,2026-02-13,FEED,Cultura e Tradição,avaliar,sem regra (revisar),,33,26,7,Seja feliz com a festa que é a cara do BRASIL! 🇧🇷,https://www.instagram.com/p/DUt3_FhjeTI/
18543763876057662,2025-11-17,FEED,Institucional / Agenda,removido,curadoria manual (linha 78 orig),,33,29,4,"🇧🇷✨ Joaquim Nabuco: o abolicionista que sonhou um Brasil mais justo,",https://www.instagram.com/p/DRLNHtyja5E/
17890609278126232,2025-05-01,FEED,Institucional / Agenda,avaliar,sem regra (revisar),,33,30,3,"O trabalho é a força que move Santa Catarina! 💪🏼 Neste 1º de Maio, c",https://www.instagram.com/p/DJHlptsJoT1/
17844062757466482,2025-04-20,FEED,Institucional / Agenda,avaliar,sem regra (revisar),,33,30,3,Feliz Páscoa! 🙏,https://www.instagram.com/p/DIq1pfGOX6B/
17925242066860262,2024-04-30,FEED,Segurança,removido,fora de 2025-2026,,33,33,0,PM E BOMBEIROS SOLICITANDO INVESTIMENTOS! 🚒👮‍♂️ A PM apresentou o pr,https://www.instagram.com/p/C6ZhKtQudIK/
17845006137153191,2024-01-30,FEED,Saúde,removido,fora de 2025-2026,,33,28,5,EXAMES CLÍNICOS EM FARMÁCIA! 🙌 Compartilhando esse projeto que vai fa,https://www.instagram.com/p/C2vGw5yOg5m/
18033373846998113,2024-06-18,FEED,Saúde,removido,fora de 2025-2026,,32,26,6,Nosso projeto ganhando destaque! ✨ Os exames nas farmácias facilitará ,https://www.instagram.com/p/C8X5EgXOI7i/
17982088076203663,2023-07-04,FEED,Institucional / Agenda,removido,fora de 2025-2026,,32,31,1,APROVADO NA CCJ! 🙌 Vamos na luta a favor do contribuinte!,https://www.instagram.com/p/CuSqyK0OyJ3/
18001118506701824,2023-05-24,FEED,Obras e Entregas,removido,fora de 2025-2026,,32,32,0,Defendi isso na CCJ e repito! ✅ #RedragagemUrgente #LeisSimplificadas ,https://www.instagram.com/p/CspCnnEuWgc/
17849606001487567,2025-06-21,FEED,Institucional / Agenda,avaliar,sem regra (revisar),,31,31,0,Muito triste as cenas do balão em Praia Grande vistas essa manhã. Minh,https://www.instagram.com/p/DLKt3RfuYkC/
18087785560788332,2025-11-24,FEED,Institucional / Agenda,avaliar,sem regra (revisar),,30,29,1,Carlos Gomes levou o Brasil ao mundo — e você conhece sua música mesmo,https://www.instagram.com/p/DRdJdkJgB2M/
17866506632878660,2023-05-15,FEED,Institucional / Agenda,removido,fora de 2025-2026,,28,27,1,Notícias pra começarmos a semana com o 🦶 Direito e informados! 👊🏼😜,https://www.instagram.com/p/CsRujdIuQMJ/
18264012619177566,2023-04-28,FEED,Institucional / Agenda,removido,fora de 2025-2026,,28,28,0,Notícias da semana! ✅ #politicasc #deputadoestadual #deputado #parlame,https://www.instagram.com/p/CrmCOMIuX34/
18049277947410787,2023-04-08,FEED,Institucional / Agenda,removido,fora de 2025-2026,,28,26,2,Confira as notícias da semana! 📰,https://www.instagram.com/p/CqyU4QLOGIk/
18105793510703975,2026-02-07,FEED,Institucional / Agenda,avaliar,sem regra (revisar),,26,24,2,O TRABALHO CONTINUA… mas quem vai curtir o final de semana de sol ☀️ a,https://www.instagram.com/p/DUddW9KgAHz/
17906755956043618,2024-10-25,FEED,Institucional / Agenda,removido,fora de 2025-2026,,25,25,0,Mais de 3 milhões já enviados! 🎉 Parabéns à querida cidade de Pescari,https://www.instagram.com/p/DBjJt5nOY1x/
17994882998209778,2023-10-09,FEED,Institucional / Agenda,removido,fora de 2025-2026,,23,22,1,"UNIÃO E EMPATIA, é o que precisamos nesse momento tão difícil pra Sant",https://www.instagram.com/p/CyMVmEFuEqu/
18260623186245638,2024-06-20,FEED,Institucional / Agenda,removido,fora de 2025-2026,,22,21,1,"NOS TEMPOS ATUAIS VIVEMOS O QUE FALAMOS LÁ ÁTRAS! #TBT No Senado, deba",https://www.instagram.com/p/C8b92zsPQjE/
17849573436017484,2023-08-21,FEED,Institucional / Agenda,removido,fora de 2025-2026,,22,21,1,Algumas notícias importantes para começarmos a semana bem informados! ,https://www.instagram.com/p/CwOKKpyvANz/
18255322288295000,2026-01-28,FEED,Institucional / Agenda,avaliar,sem regra (revisar),,21,21,0,"Ex-ministra da Suprema Corte do Chile, Ángela Vivanco, foi presa em Sa",https://www.instagram.com/p/DUD4IRrgMM6/
17999988722409153,2024-02-21,FEED,Cultura e Tradição,removido,fora de 2025-2026,,21,18,3,DIA NACIONAL DO IMIGRANTE ITALIANO 🇮🇹 1 - A Gaita! O instrumento que,https://www.instagram.com/p/C3ndbsBOwbI/
18334287667190356,2024-05-31,FEED,Institucional / Agenda,removido,fora de 2025-2026,,20,18,2,Um absurdo! 💥,https://www.instagram.com/p/C7o7sjEufdh/
18009280637300004,2023-11-18,FEED,Institucional / Agenda,removido,fora de 2025-2026,,20,20,0,Você já sabia disso? 👀 O Conselheiro Tutelar desempenha um papel fund,https://www.instagram.com/p/CzyT1UAud1U/
17935357260015848,2026-01-31,REELS,Institucional / Agenda,avaliar,sem regra (revisar),,18,18,0,"R$ 33,9 MILHÕES. OFFSHORE. SIGILO. 🕵️‍♂️ O caso precisa ser investiga",https://www.instagram.com/reel/DULb_F_AI6L/
17965022861549418,2023-12-31,FEED,Institucional / Agenda,removido,fora de 2025-2026,,18,18,0,FELIZ ANO NOVO! 🤩,https://www.instagram.com/p/C1h7FNIMgQ6/
18027133211290553,2024-05-21,FEED,Institucional / Agenda,removido,fora de 2025-2026,,13,12,1,🗣️🚨 APOIO À PEC 08/2021! 🚨🗣️ Decisões mais justas e equilibradas n,https://www.instagram.com/p/C7O4915uCzq/
17984650457392512,2024-01-09,FEED,Institucional / Agenda,removido,fora de 2025-2026,,10,10,0,ROTA TURÍSTICA DAS ÁGUAS TERMAIS! 👏🩵,https://www.instagram.com/p/C15Urjmunp7/
17964698984564683,2023-07-24,REELS,Esporte,removido,fora de 2025-2026,,9,9,0,Vai Brasil! 🇧🇷 Já começamos bem! Fizeram bonito nesse primeiro jogo ,https://www.instagram.com/reel/CvFdkJhr7sQ/
18183538927399764,2026-07-06,REELS,Institucional / Agenda,avaliar,sem regra (revisar),,0,0,0,"DOI VER ISSO… 🇧🇷💔 Hoje, a eliminação para a Noruega encerrou a camp",https://www.instagram.com/reel/Dabo4HKt1Yn/
