ig_media_id,data,tipo,tema,conexao_pontual,curtidas,comentarios,engajamento,legenda,permalink
18075219283763864,2025-04-07,FEED,Obras/Entregas,,9868,850,10718,"QUEM PAGA ESSA CONTA SOMOS NÓS!🚨 Precisamos da BR-101 para trabalhar,",https://www.instagram.com/p/DIJkklxuONz/
18141990559370077,2025-01-23,REELS,Cultura/Tradicao,,1209,93,1302,"JUNTOS, FAZENDO HISTÓRIA 🚀👊 Hoje é um dia histórico para a comunidad",https://www.instagram.com/reel/DFL8Pc3OCle/
18000978434934061,2026-04-30,REELS,Obras/Entregas,,1201,27,1228,INVESTIMENTO QUE TRANSFORMA 🌟 Uma obra que vai mudar a cara de Itupor,https://www.instagram.com/reel/DXxPuwKhZLj/
17852546892058513,2023-10-07,REELS,Institucional,,1173,14,1187,RIO TUBARÃO ESTÁ EM NÍVEL DE ATENÇÃO! 🚨 A previsão ainda é muita chuv,https://www.instagram.com/reel/CyGrD0YOwKY/
18138537610359356,2024-10-05,REELS,Institucional,,949,199,1148,QUEM É 1️⃣1️⃣ COMENTA SUA CIDADE! ⬇️✅,https://www.instagram.com/reel/DAvw2DXOI4b/
17944149749784128,2024-02-17,REELS,Institucional,,972,134,1106,JOAQUIM SUA IDEIA CHEGOU AQUI! ⬇️ Você está convidado a ir no meu gabi,https://www.instagram.com/reel/C3dYcWAuAHY/
18078836737801140,2025-05-28,REELS,Institucional,sim,983,69,1052,VIVA TUBARÃO! 🦈 Quem ama nossa cidade compartilha! 🫶,https://www.instagram.com/reel/DKLWa5BIV8r/
18075091364539833,2026-03-29,REELS,Institucional,,872,165,1037,O pau que rola nas redes é que vale a pena ter deputado na região… ser,https://www.instagram.com/reel/DWemlKZkQn7/
18591510112014083,2026-05-28,REELS,Institucional,sim,989,21,1010,"Feliz aniversário, Tubarão! 💙 São 156 anos de uma cidade cheia de his",https://www.instagram.com/reel/DY3I1OGMHrm/
17952646697270137,2023-02-01,REELS,Institucional,sim,906,102,1008,Que dia Especial!✨Hoje inicia o nosso mandato de deputado estadual. So,https://www.instagram.com/reel/CoIA_r9DD59/
18067300955362165,2026-05-15,REELS,Institucional,,946,19,965,"🏗️ MORRO DA FUMAÇA AVANÇANDO O que hoje é projeto, amanhã será realid",https://www.instagram.com/reel/DYX79IHOOxS/
18111345607678272,2026-02-28,REELS,Atualidades,,918,27,945,Meu senador é CATARINENSE “DA GEMA!” O melhor senador do Brasil é noss,https://www.instagram.com/reel/DVTrSTMDfG_/
18116672923445457,2025-03-24,FEED,Institucional,sim,909,20,929,"Há 51 anos, Tubarão enfrentava uma das maiores tragédias da sua histór",https://www.instagram.com/p/DHl9vFapcFw/
17884580595143184,2025-03-31,REELS,Obras/Entregas,,739,91,830,Sanga do Lageado o asfalto tá chegando! 🛣️ A obra tá ficando capricha,https://www.instagram.com/reel/DH3mbWsOCEL/
17895087366481685,2026-06-28,REELS,Institucional,,764,32,796,A BARRA DO CAMACHO PRECISA DE SOLUÇÃO! 🌊 O problema da Barra do Camac,https://www.instagram.com/reel/DaIYzmCga4k/
18312960340192285,2024-02-03,REELS,Institucional,,650,103,753,A PESCARIA FOI BOA! 🎣 Mais de 3 milhões de reais foram entregues em r,https://www.instagram.com/reel/C24-ojculcV/
17964107435238392,2023-02-01,FEED,Institucional,sim,704,44,748,Começamos com o pé direito! 🚀 Nosso time veio em peso prestigiar a po,https://www.instagram.com/p/CoIoqmPPLuP/
18102572197455060,2024-10-29,REELS,Saude,,539,149,688,EXAMES RÁPIDOS EM FARMÁCIAS! ✅ Nossa lei já está em vigor e facilita a,https://www.instagram.com/reel/DBuCrSKJaHK/
17888076150485997,2026-05-09,FEED,Atualidades,,620,32,652,AQUI É O BRASIL QUE QUEREMOS! 🇧🇷 #flaviobolsonaro #brasil #santacata,https://www.instagram.com/p/DYGWgb8jdi7/
18042989213318910,2024-10-16,REELS,Institucional,,569,81,650,Garopaba merece sempre mais! 🚀 Mais de 2 milhões foram destinados a d,https://www.instagram.com/reel/DBMi8USSS8w/
17952351299306054,2023-02-10,REELS,Educacao,,572,72,644,UNIVERSIDADE GRATUITA ✅ Luto pelos jovens que sonham em ter uma univer,https://www.instagram.com/reel/Cof7aFQjAC3/
17909652429322575,2026-01-28,REELS,Esporte,,624,18,642,⚽️ Investir no esporte é investir no futuro. São R$ 500 mil para o gra,https://www.instagram.com/reel/DUDKUDBDeAN/
17898516051305004,2026-06-01,REELS,Atualidades,,595,37,632,🇧🇷 O BRASIL PRECISA VOLTAR A ENSINAR VALORES Estamos formando geraçõ,https://www.instagram.com/reel/DZDNYkdgMZL/
18379089121125071,2025-08-17,REELS,Obras/Entregas,,599,22,621,OBRA CONCLUÍDA E VEM MAIS POR AÍ! 🚀 Cheirinho de asfalto novo na estr,https://www.instagram.com/reel/DNdrGY-OXzj/
18083835709674126,2025-05-27,FEED,Institucional,,583,19,602,Reunião produtiva com o Governador @jorginhomello e a bancada do Progr,https://www.instagram.com/p/DKKRzJlujpZ/
18027752008915328,2024-02-27,REELS,Institucional,,517,72,589,"O JOAQUIM FALOU, Tá falado! 😉 A cartilha “Sou diferente, e daí?” Será",https://www.instagram.com/reel/C33lk3ZOl4Q/
17974795391796244,2024-12-20,REELS,Obras/Entregas,,541,32,573,🚒🧑‍🚒 ENTREGAMOS! Um carro novinho pra essa instituição que tanto co,https://www.instagram.com/reel/DD0LmJ7yzp_/
17981802974649158,2024-04-20,REELS,Institucional,,469,104,573,A SELEÇÃO DA BOA POLÍTICA 🇧🇷 Essa taça a gente ergue com orgulho. 🏆,https://www.instagram.com/reel/C5_QOxJOrIU/
17973793952817437,2025-02-11,REELS,Institucional,,518,51,569,🚨 É UM ABSURDO ESSAS FILAS! 💥 A @ccr_oficial tem que nos ouvir! Fila,https://www.instagram.com/reel/DF7j45MunnM/
17920489784962480,2025-04-04,REELS,Obras/Entregas,,506,56,562,"🚧 Promessa feita, promessa cumprida! 💪 Hoje entregamos mais uma obra",https://www.instagram.com/reel/DICkD46J_M5/
18122907250620732,2026-04-20,REELS,Cultura/Tradicao,,549,10,559,TRADIÇÃO QUE SEGUE VIVA 🤠 Não é só um galpão. É história. É identidad,https://www.instagram.com/reel/DXXfaTDgYUU/
17953865129794752,2025-03-23,REELS,Institucional,,507,43,550,Nosso mandato tá chegando aí na sua cidade! 😉 Trabalhando por quem ma,https://www.instagram.com/reel/DHi-0aZOu9b/
18092004025920056,2026-04-17,REELS,Institucional,,487,59,546,NÃO FOI SORTE. FOI TRABALHO 💪 Falar que Santa Catarina “ganhou tudo” ,https://www.instagram.com/reel/DXP619fAG0C/
18035991391477628,2023-05-16,REELS,Cultura/Tradicao,,508,31,539,Uma festa que aquece corações! 🎉 Recebi um convite especial para a 33,https://www.instagram.com/reel/CsUbRVQO5YG/
18038960183257874,2024-11-22,FEED,Seguranca,,522,12,534,MEDALHA🎖️ Agradecemos ao Corpo de Bombeiros Militar de Santa Catarina,https://www.instagram.com/p/DCr44fWy2FJ/
18159003913286904,2023-01-25,FEED,Institucional,,471,60,531,Chegou o dia! Convido você para a cerimônia de posse como deputado est,https://www.instagram.com/p/Cn2poIzuTFH/
17910507897141496,2025-06-08,FEED,Cultura/Tradicao,sim,509,9,518,"🎉 FESTA JUNINA NA PASSAGEM! 🌽🔥 De 5 a 12 de junho, a Praça da Igrej",https://www.instagram.com/p/DKn6MsxIn3g/
18092249629773348,2025-09-27,REELS,Institucional,,491,24,515,PROJETO ASSINADO! 📑🌊 Assinamos o contrato para elaboração do projeto,https://www.instagram.com/reel/DPHWKnsgF2k/
17899687746225672,2026-01-29,REELS,Obras/Entregas,,489,18,507,ENTREGA QUE VALORIZA QUEM CUIDA DE TODOS 💙🚐 Mais do que uma van: é u,https://www.instagram.com/reel/DUG-karAWrd/
18279707899264318,2025-05-28,REELS,Cultura/Tradicao,,467,35,502,É FESTA!🎉A apresentação da @camerataflorianopolis foi maravilhosa fec,https://www.instagram.com/reel/DKNTQcNJw4m/
18047555221535096,2024-02-15,REELS,Educacao,,434,68,502,3 MILHÕES! 🌽🌽🌽 O Centro de Educação infantil Prof. Joelma de Bona f,https://www.instagram.com/reel/C3YUCfTui0Z/
17856955958913461,2023-02-28,REELS,Institucional,,445,35,480,Dias corridos nos fazem agradecer por estarmos vivos e trabalhando! 🚀,https://www.instagram.com/reel/CpOV8l_DwtA/
18057291323452552,2025-09-03,REELS,Institucional,sim,462,12,474,PROERD PARABÉNS! 👏 Ver a minha Manuzinha nesse programa enche meu cor,https://www.instagram.com/reel/DOJa3OigOz0/
17963733500647497,2023-11-02,REELS,Institucional,,347,127,474,🚨PRECISO DA AJUDA DE VOCÊS 👇🏼 Manuzinha quer que esse vídeo chegue ,https://www.instagram.com/reel/CzJS-_7Oc6i/
17895362267711503,2023-03-27,REELS,Institucional,,445,24,469,🤓Fique atento: O lançamento da Frente Parlamentar em Defesa da Pessoa,https://www.instagram.com/reel/CqTlN0FD2gE/
18004257872426892,2024-04-16,REELS,Institucional,,416,51,467,🕕6 HORAS! Um absurdo que conhecemos muito bem! Enquanto o sul ficou i,https://www.instagram.com/reel/C51xVloO02U/
17942793968824663,2025-02-04,REELS,Institucional,,419,41,460,"📢 INICIATIVA NOSSA, GANHANDO DESTAQUE 💙 O projeto do censo será entr",https://www.instagram.com/reel/DFqcsXuyMWC/
18011808277987184,2023-11-04,FEED,Institucional,,432,26,458,Sem palavras! ❤️💚,https://www.instagram.com/p/CzPg8RqOSv2/
17850730155349432,2025-01-30,REELS,Institucional,,422,35,457,🚧 Mobilidade e segurança no Sul de SC! 🚧 Seguimos firmes na luta pel,https://www.instagram.com/reel/DFdRxhHpQbp/
18063154037225782,2025-07-16,REELS,Educacao,,422,34,456,🎓 UNIVERSIDADE GRATUITA! 💥 Tem gente se endividando por acreditar em,https://www.instagram.com/reel/DML5pjEp1Mk/
18065668043088437,2025-05-07,REELS,Institucional,,430,24,454,🌎 Uma ferrovia pode mudar tudo. 🚂 Santa Catarina no centro de uma ro,https://www.instagram.com/reel/DJXjc4SpTRz/
18052194983469967,2026-02-08,REELS,Saude,,425,25,450,"ESPORTES COM ESTRUTURA ⚽️🏟️ Mais que futebol: é convivência, saúde e ",https://www.instagram.com/reel/DUgBjIcgMSH/
18069643852793040,2025-05-24,FEED,Institucional,,432,16,448,Que Jesus esteja sempre contigo. Te amamos filha! ❤️ Um dia especial e,https://www.instagram.com/p/DKDUZW8RZHc/
18043101259470213,2023-07-13,REELS,Institucional,sim,372,76,448,"PARABÉNS, PEPÊ! 🎊 Hoje, nós confiscamos o Instagram do Pepê pra que e",https://www.instagram.com/reel/CuotbjGO-kY/
18163008562362698,2026-01-04,REELS,Institucional,,436,8,444,"🛢️ DITADURA, OURO E INTERESSES ESCONDIDOS 💰 Sim, Maduro é um ditador",https://www.instagram.com/reel/DTG0zjyDUvf/
17942419910712543,2023-10-17,FEED,Institucional,,383,54,437,"Hoje é o dia dela, minha morena, que está cada dia mais linda. Ela é o",https://www.instagram.com/p/CygK-LpOvo5/
18026794687925759,2024-02-06,FEED,Institucional,,419,14,433,Vem pro Gabinete 34! 🚀 Aqui tá faltando algumas pessoas que fazem par,https://www.instagram.com/p/C3BVsT9urWF/
17988282413654369,2025-04-27,REELS,Cultura/Tradicao,,410,22,432,TRADIÇÃO EM AÇÃO 🇮🇹🔥🐎 Celebrando os 148 anos da imigração italiana,https://www.instagram.com/reel/DI9sgr3pCy7/
18363198670147210,2025-06-24,REELS,Educacao,,362,69,431,📚 MAIS INCLUSÃO NO UNIVERSIDADE GRATUITA! Defendi a inclusão dos alun,https://www.instagram.com/reel/DLTFQc_JAxJ/
18043431944046837,2024-10-15,FEED,Institucional,,392,34,426,Feliz Bodas de Linho pra gente! Que esses nossos 13 anos sejam sempre ,https://www.instagram.com/p/DBKUjAOStSy/
17991138830064574,2023-06-04,FEED,Institucional,,380,42,422,"Meu querido pai, o Galo velho da família, tá comemorando mais um ano d",https://www.instagram.com/p/CtEsvXruOhF/
18019194146324900,2024-11-08,REELS,Atualidades,,393,24,417,MEDIDAS PROVISÓRIAS NO CONGRESSO DE 35 ANOS DA CONSTITUIÇÃO DE SC! ✅ U,https://www.instagram.com/reel/DCIHCUdyYYL/
18042722450017649,2024-10-07,FEED,Institucional,,378,33,411,"O SUL ACORDOU MAIS AZUL HOJE! 💙💙💙💙 Quem ganhou ai também, comenta!",https://www.instagram.com/p/DA0vsl5OLB1/
17977299791000487,2023-02-09,FEED,Institucional,,375,30,405,☕️Começando o dia com uma boa conversa com o Governador @jorginhomello,https://www.instagram.com/p/CoccME5us7a/
17862952227346721,2025-02-19,REELS,Rural/Agro,,346,55,401,🚀 MADE IN LAGUNA PRO MUNDO! 🌍🔋 A maior produtora de baterias de lít,https://www.instagram.com/reel/DGRB6APJ08Q/
17961195320744795,2025-01-31,REELS,Institucional,,339,62,401,JANEIRO INTENSO!🔥🚀 O que podemos ter certeza é que trabalhamos MUITO,https://www.instagram.com/reel/DFgJHybyrQr/
17881364808282124,2025-10-06,REELS,Obras/Entregas,,361,35,396,"🌦️ Faça chuva, faça sol, tem obra em Pescaria Brava! Hoje foi dia de ",https://www.instagram.com/reel/DPey-4XkS4x/
17912743094696505,2023-07-13,REELS,Institucional,,346,50,396,"SURPRESA! 🎉 Entre lideranças, amigos, família e equipe percebo o quan",https://www.instagram.com/reel/CupieS9sHkG/
18050980193640332,2025-09-25,REELS,Cultura/Tradicao,,370,23,393,"👘✨ Hoje viemos de YUKATA, a roupa tradicional japonesa de verão, para",https://www.instagram.com/reel/DPCouFjjb2r/
18461491570079882,2025-04-25,REELS,Obras/Entregas,,312,81,393,SEXTOUU COM CHEIRINHO DE ASFALTO NOVO! 🎉 Essa é a revitalização da SC,https://www.instagram.com/reel/DI4JyZ2pTro/
17958507701253372,2023-01-01,FEED,Institucional,,380,13,393,Que ano pra ficar na memoria! Só tenho que agradecer esse maravilhoso ,https://www.instagram.com/p/Cm4YLcNOzXr/
17913346503105622,2025-06-02,REELS,Obras/Entregas,,315,76,391,VAI TER CANTEIRO DE OBRA NOSSA EM IMBITUBA!🚧 O mandato tá chegando em,https://www.instagram.com/reel/DKaMajDpBO1/
17947013960391346,2023-03-01,REELS,Institucional,,350,38,388,3️⃣ coisas que aprendi em um mês como deputado estadual! ✅ #santacatar,https://www.instagram.com/reel/CpQ1XDTD0fP/
18030967090917910,2024-03-13,REELS,Autismo/TEA,,358,29,387,🧩SEMINÁRIO DE AUTISMO! Anote as datas: 📍Tubarão (22/03) 📍Fraiburgo ,https://www.instagram.com/reel/C4d4SiKue_n/
17948556185882897,2024-12-04,FEED,Institucional,,363,21,384,“Hoje é dia da nossa pequena Lelê brilhar! 🌟 Ela está se formando no ,https://www.instagram.com/p/DDIwZ0_upbc/
18053230045866457,2025-01-16,REELS,Institucional,,322,61,383,📍 Cocal do Sul 🚀 Prefeito e toda a equipe farão um excelente mandato,https://www.instagram.com/reel/DE5UF6ZJC2k/
18026356957558651,2023-06-24,REELS,Institucional,,370,8,378,"SC NO GLOBO REPÓRTER! 😎 Foi lindo ver nossas ondas, nossos vinhos, no",https://www.instagram.com/reel/Ct4s2gds_T3/
18010413140118092,2024-04-08,REELS,Institucional,,325,45,370,ABSURDO NO BAIRRO SÃO CRISTÓVÃO! 👊 A CCR tem que repensar a mobilidad,https://www.instagram.com/reel/C5hBdN1uhP6/
18044346224513220,2024-12-22,REELS,Institucional,sim,342,27,369,Desejamos a vocês um Natal repleto de amor e união!♥️🎁,https://www.instagram.com/reel/DD5SH-4SQ7z/
18092955907708305,2025-09-05,REELS,Rural/Agro,,346,22,368,AGRO MAIS FORTE EM BRAÇO DO NORTE 🚜🌱 Renovamos a frota de tratores n,https://www.instagram.com/reel/DOOeN2DDeiD/
18188862379306266,2024-11-19,REELS,Institucional,,330,34,364,MAIOR HONRARIA DO LEGISLATIVO! 🏅 Um verdadeiro empreendedor visionári,https://www.instagram.com/reel/DCiDxXxOrtd/
17957399348589448,2023-05-06,REELS,Institucional,,330,32,362,Bora aprender a fazer Mac & Cheese com a Manu e a Lelê! 🧀,https://www.instagram.com/reel/Cr6oQWYMbXY/
18388624579111762,2025-02-07,REELS,Institucional,,307,51,358,MAIS UM DESAFIO ACEITO ✅ A Comissão de Constituição e Justiça é a mais,https://www.instagram.com/reel/DFxxCy-OlM_/
18031645546560194,2023-08-23,FEED,Atualidades,,344,14,358,"Entre Senadores, Deputados Federais, audiências públicas, ANTT, o dia ",https://www.instagram.com/p/CwTfDDXO7Ws/
18035806756465302,2023-05-04,REELS,Institucional,,124,228,352,PORTO DE IMBITUBA 🚢 O porto recebeu a Licença Ambiental de Instalação,https://www.instagram.com/reel/Cr1cSntuekS/
18093782258073617,2026-02-16,FEED,Institucional,,321,30,351,"CARNAVAL OU CAMPANHA? 🎭 O que aconteceu neste domingo foi inédito e, ",https://www.instagram.com/p/DU04ub-AJr2/
17942478560821679,2024-06-14,FEED,Institucional,,323,25,348,"É US GURI! 💥 A caminhada começa agora e vai até outubro, rumo a uma g",https://www.instagram.com/p/C8M5mmOu8G4/
17999487377500480,2023-10-25,REELS,Obras/Entregas,,296,45,341,"ENTREGANDO UM PRESENTE! 🎁 Nós desejamos o melhor para Pescaria Brava,",https://www.instagram.com/reel/Cy0_gWsuSvq/
17882554086023506,2024-03-18,FEED,Institucional,,330,8,338,Que emocionante presenciar a alegria de um universitário se formando e,https://www.instagram.com/p/C4rMDaKOqW5/
17942062581052834,2025-09-15,FEED,Institucional,,321,16,337,REGULARIZAÇÃO NA BALEIA FRANCA 🏠✅ A Advocacia-Geral da União autorizo,https://www.instagram.com/p/DOo5XkVDb2T/
18067954132572541,2024-08-13,REELS,Institucional,,285,52,337,O SEGREDO DA LONGEVIDADE! 😅 A Manu e a Lelê deixaram tudo pronto pra ,https://www.instagram.com/reel/C-nRc4IO5Yl/
17972073752166586,2023-05-27,REELS,Institucional,sim,290,47,337,"Parabéns, Tubarão! 🦈🎉 Hoje comemoramos 153 anos da Cidade Azul. Minh",https://www.instagram.com/reel/Csv9QHONFjb/
18105413911608047,2025-10-15,FEED,Institucional,,310,20,330,"Que Deus continue abençoando o nosso casamento, fortalecendo o amor e ",https://www.instagram.com/p/DP12XdKgZcn/
18039625277407811,2025-02-28,REELS,Institucional,,312,17,329,🎶🪩PLAYLIST DO GABINETE 34 💃🕺 Ouça com a gente os Hits escolhidos p,https://www.instagram.com/reel/DGoauz3pbAl/
18032154944216008,2025-01-10,REELS,Obras/Entregas,,301,28,329,📍PAULO LOPES! Fui conferir de perto os recursos que conseguimos pra e,https://www.instagram.com/reel/DEpxifCpts_/
17913149570943005,2024-11-29,FEED,Institucional,,302,25,327,2024 Que ano! 🎯 Entrando na #Trend e vendo que foi um ano cheio de de,https://www.instagram.com/p/DC-KQH5ypfD/
18380122087135090,2025-07-11,FEED,Institucional,,204,121,325,QUEM PAGA O PREÇO DESSA IRRESPONSABILIDADE SOMOS NÓS! 😒 Deixe sua opi,https://www.instagram.com/p/DL-Un1QOTCl/
17917087256910051,2024-04-22,REELS,Obras/Entregas,,273,52,325,Redragagem do Rio Tubarão! 👀 É crucial atualizar o projeto para evita,https://www.instagram.com/reel/C6E_4F0OiNx/
18083640998403325,2026-06-18,REELS,Institucional,,270,50,320,🔥 FORÇA. UNIÃO. RESULTADOS. Que noite especial! Mais de 400 liderança,https://www.instagram.com/reel/DZtNrd1tou9/
18089607424813083,2025-08-29,REELS,Institucional,,308,12,320,🤝✨ Hoje é um dia especial para Tubarão! Destinamos R$100 mil para o C,https://www.instagram.com/reel/DN86PPCAb4u/
18313234696166393,2024-11-19,REELS,Institucional,,291,28,319,PROGRESSISTAS! 💙 Nosso partido cada vez mais unido e pronto pros desa,https://www.instagram.com/reel/DCkgmnmOeYs/
18089584849980708,2025-12-09,REELS,Institucional,,310,8,318,🏅 Reconhecimento a quem faz a diferença em Santa Catarina Na noite de,https://www.instagram.com/reel/DSBkZbqDSpV/
17938283348489864,2023-02-07,FEED,Institucional,,292,22,314,Que honra ser LÍDER DA BANCADA PROGRESSISTA! 👏 Agradeço a confiança d,https://www.instagram.com/p/CoXT_4aOaJL/
18070311961516168,2024-06-02,FEED,Institucional,,297,14,311,Quem aí aceita uma tainha na telha? 🤤🐟 Pode ir pra Quermesse em Garo,https://www.instagram.com/p/C7t60OYuaW9/
18004803532779758,2023-08-08,FEED,Institucional,,287,24,311,Manuzinha aprovou vários projetos hoje na Comissão de Constituição e J,https://www.instagram.com/p/CvsFioeOAfm/
18171636766335912,2025-05-17,REELS,Cultura/Tradicao,,290,18,308,"TOMBO DA POLENTA: TRADIÇÃO QUE NOS UNE!🇮🇹 Uma panela gigante, muita ",https://www.instagram.com/reel/DJwkgU0OWtF/
17993413679075746,2023-07-10,REELS,Educacao,,169,138,307,UNIVERSIDADE GRATUITA É APROVADA NAS COMISSÕES! ✅ As Comissões de Cons,https://www.instagram.com/reel/CuhrFV3Rtik/
18076342364419956,2026-03-12,REELS,Autismo/TEA,,269,37,306,VÍNCULO TAMBÉM ENSINA 💙 Uma criança com autismo não precisa recomeçar,https://www.instagram.com/reel/DVzNyB_gEee/
17994087407258677,2023-10-10,REELS,Obras/Entregas,,273,31,304,POVO DE TUBARÃO! 🗣️ A redragagem do Rio Tubarão é fundamental para am,https://www.instagram.com/reel/CyO_0HlObf5/
18096879533276749,2026-04-18,REELS,Esporte,,268,35,303,Um jogo de tênis com o mestre @esperidiaoamin! 🎾,https://www.instagram.com/reel/DXSpzuzDbPb/
17940545738551674,2023-02-02,REELS,Institucional,,266,37,303,Hoje é dia de #TBT e já podemos relembrar da posse de ontem?🫣 Ficamos,https://www.instagram.com/reel/CoLL2rgjy4V/
17918997879041497,2025-01-11,REELS,Institucional,,276,25,301,"📍LAGUNA +1 milhão pra nossa linda cidade de Anita. Laguna, você merec",https://www.instagram.com/reel/DEsaz5DpX9A/
18075823358669442,2026-06-04,REELS,Cultura/Tradicao,,279,21,300,🍝🇮🇹 LA BELLA POLENTA! 🇮🇹🍝 Tem sabores que alimentam muito mais d,https://www.instagram.com/reel/DZK3rAIAXMM/
17875035204092327,2024-06-01,REELS,Institucional,,252,48,300,"CHEIRINHO DE SUCESSO! 💥 Destinamos 1,5 milhão para reperfilagem de ru",https://www.instagram.com/reel/C7rX3n5u-gz/
17973490448421447,2023-07-05,FEED,Institucional,,277,23,300,Tô super moderninho! 😂 Até que a Inteligência Artificial foi boazinha,https://www.instagram.com/p/CuUkWf6OZrn/
18064463291059195,2025-04-16,REELS,Institucional,,263,34,297,VITÓRIA PARA O RIO TUBARÃO! ✅ O GOVERNO DO ESTADO VAI INCLUIR A REDRAG,https://www.instagram.com/reel/DIhbyUfJ64i/
18066389407408354,2023-07-27,REELS,Cultura/Tradicao,,289,8,297,Você já foi nessa igreja? 🙏 📍 Igreja Matriz Santo Antônio dos Anjos ,https://www.instagram.com/reel/CvNEIa8Lx0j/
17952983864958171,2025-05-19,REELS,Cultura/Tradicao,,268,28,296,100 anos de Santa Teresinha Hoje a Igreja celebra 100 anos da canoniza,https://www.instagram.com/reel/DJ1L0SfuSBB/
18132719599509427,2026-02-14,FEED,Institucional,,280,12,292,LINDA DEMAIS! 🎉 Ontem a passarela Negro Querido estava simplesmente e,https://www.instagram.com/p/DUvzqesgOox/
18166739050347631,2025-07-04,FEED,Esporte,,270,22,292,VAMO PRA SEMIFINAL!❤️🤍💚 Só quem é tricolor sabe o que foi esse jogo!,https://www.instagram.com/p/DLtAP-qJHN1/
17866189028910191,2023-04-19,REELS,Educacao,,276,15,291,MAIS SEGURANÇA NAS ESCOLAS! 👮‍♂️ Aprovamos o projeto que coloca os CT,https://www.instagram.com/reel/CrPBBR6NIm4/
17951704328334723,2023-03-04,FEED,Obras/Entregas,,278,13,291,"Pra obras que mudam a vida das pessoas, nós batemos palmas! 👏 A ponte",https://www.instagram.com/p/CpYg9eXu_Cj/
17919435150095663,2025-06-05,REELS,Autismo/TEA,,257,29,286,📊 DADOS DOS AUTISTAS EM SC! 🧩 A apresentação do @ibgeoficial foi um ,https://www.instagram.com/reel/DKh0aG-RXU5/
17855307231369949,2025-02-05,REELS,Institucional,,254,31,285,"CCJ EM BOAS MÃOS! 🫶 Minhas meninas obrigado, papai tá muito feliz! 🥰",https://www.instagram.com/reel/DFtAc6tyuxf/
17863830918633197,2026-06-15,REELS,Obras/Entregas,,256,28,284,ABRINDO CAMINHO! 🚧 Uma obra que representa muito mais do que asfalto.,https://www.instagram.com/reel/DZnWAjJhOVa/
17948042933347679,2023-02-21,FEED,Institucional,,280,3,283,"🎉O carnaval foi em família, entre amigos, prestigiando os eventos de ",https://www.instagram.com/p/Co8HN9juYpO/
18303098686281511,2025-12-01,REELS,Institucional,,263,19,282,🚨🚐 Você viu isso? Capivari de Baixo acaba de ganhar um reforço que m,https://www.instagram.com/reel/DRuuj4sAAG3/
18030129536613173,2024-12-29,REELS,Institucional,,252,28,280,2025 tá chegando com tudo!!! 🚀,https://www.instagram.com/reel/DELPSTiSwrq/
17988664111711316,2023-02-14,FEED,Educacao,,210,69,279,Universidade para Todos é o assunto da nossa tribuna hoje! ✅ Ficamos f,https://www.instagram.com/tv/Cop2GjToxSh/
18081055358041453,2026-03-02,REELS,Institucional,,254,24,278,"ASSISTA ATÉ O FINAL, é tudo que eu peço! 😉 Começamos a semana com uma",https://www.instagram.com/reel/DVY9JopAHO2/
17849816700657322,2026-01-16,REELS,Obras/Entregas,,241,36,277,AQUI NÃO PARA e o ASFALTO CHEGOU! 🚧🔥 O cheirinho de asfalto novo que,https://www.instagram.com/reel/DTleyCLgepb/
18056753047784742,2025-01-02,FEED,Institucional,sim,269,8,277,"Parabéns, meu irmão @henriquecastropp11! 🎉 Você merece todo esse suce",https://www.instagram.com/p/DEUr-rrOQqG/
18026979665380794,2025-03-10,REELS,Autismo/TEA,,226,50,276,MANDE SUA IDEIA EM DEFESA DO AUTISMO! 🧩 Conheça nossas ações: Censo d,https://www.instagram.com/reel/DHBrCX9OzTu/
17967141944218806,2023-02-23,REELS,Institucional,,261,14,275,"O dia é corrido e a gente gosta! 👊🏼 Começou cedo, plenário, atendime",https://www.instagram.com/reel/CpBdcYNDu_I/
17977673156825554,2026-03-08,FEED,Institucional,sim,263,11,274,FELIZ DIA DAS MULHERES 🌷 Hoje é dia de celebrar todas as mulheres. E ,https://www.instagram.com/p/DVn6sU8gL36/
18073340579277890,2025-09-09,REELS,Institucional,,258,16,274,"🎶 PATRIMÔNIO VIVO, ORGULHO CATARINENSE! Você sabia que a Banda União ",https://www.instagram.com/reel/DOZY3xQgKiq/
17895206726714853,2023-03-24,REELS,Institucional,,240,32,272,É sobre a força do Povo de Tubarão! 👊🏼 Só quem já passou por enchent,https://www.instagram.com/reel/CqLx07xDEbE/
17865452462887330,2023-03-10,REELS,Institucional,,235,37,272,"Já que vocês comentaram, fiz a parte 2! E, quero saber o que acha de u",https://www.instagram.com/reel/CpnWl4vDCco/
18063255239177068,2025-06-27,REELS,Obras/Entregas,,255,16,271,"PARCERIA QUE GERA DESENVOLVIMENTO! 💪 A nova ponte no bairro Represa, ",https://www.instagram.com/reel/DLarROQJIpa/
17994212822746835,2025-01-13,FEED,Institucional,,260,10,270,"PLAY 2025! ✅ Visitei os prefeitos eleitos da região sul, reforçando no",https://www.instagram.com/p/DEx_Bm5SAJv/
17930958552101291,2026-06-18,FEED,Institucional,,243,26,269,Hoje é um dia de gratidão e orgulho. Receber o Título Honorário de Cid,https://www.instagram.com/p/DZvq12pAzO1/
18105659794484976,2025-02-23,FEED,Institucional,,262,4,266,Momentos especiais ao pôr do sol em família! ❤️,https://www.instagram.com/p/DGbAzIVJZcT/
18048176957331413,2025-01-20,REELS,Saude,,256,10,266,📍 ORLEANS Investir em saúde é investir na qualidade de vida das pesso,https://www.instagram.com/reel/DFDAZr2OzDO/
17958213626313340,2023-04-04,REELS,Institucional,,245,21,266,Um SUCESSO! 🚀 O lançamento da Frente Parlamentar em Defesa da Pessoa ,https://www.instagram.com/reel/CqoVSfhsuzO/
18060897467288007,2025-04-06,REELS,Institucional,,248,16,264,Que tristeza! 😱 Acidentes como este são frequentes no Morro dos Caval,https://www.instagram.com/reel/DIHZyEYJWM-/
17960943935801222,2024-09-17,REELS,Institucional,,212,52,264,🤣ERROS DE GRAVAÇÃO! 🎬 Foram várias horas trabalhando e gravando para,https://www.instagram.com/reel/DACKtO2uU9a/
17865444420089962,2024-03-06,FEED,Institucional,,239,25,264,😁Alegria em trazer alguém que é uma referência dentro e fora das quad,https://www.instagram.com/p/C4Lf3IPuV-d/
18029688214662379,2023-12-24,REELS,Institucional,sim,234,26,260,FELIZ NATAL A TODOS OS CATARINENSES!🎄🎅❤️ #natal #feliznatal #catarin,https://www.instagram.com/reel/C1PVmDxO5RZ/
18376767322181812,2025-09-24,FEED,Obras/Entregas,,257,2,259,MAIS UM PASSO DADO PARA A REDRAGAGEM 📑✅ Hoje foi assinada a contrataç,https://www.instagram.com/p/DPADbfNDbvZ/
17902329611970319,2024-04-20,REELS,Obras/Entregas,,244,15,259,SERRA DO CORVO BRANCO 🚧 OBRA RETOMADA! ✨ A retomada dessa obra é um p,https://www.instagram.com/reel/C59mUcCOFtL/
17953133066844723,2024-11-04,FEED,Obras/Entregas,,226,32,258,📢 Notícia Boa! 📢 As emendas já estão nas contas das prefeituras! 🎉 ,https://www.instagram.com/p/DB9nd2ty-jm/
17900063484017991,2024-08-06,REELS,Institucional,,237,19,256,VITÓRIA DO PADEL! 🎾 🏓 A Associação de Padelistas Brasileiros foi apr,https://www.instagram.com/reel/C-V972uJGgz/
17878025456786116,2023-03-07,REELS,Institucional,,230,26,256,Aproveitando o fim do expediente pra responder alguns comentários! 🙌 ,https://www.instagram.com/reel/CpgHD1BDa2x/
18199337572328012,2026-01-14,REELS,Institucional,sim,242,12,254,Começando o ano com o pé direito! 🙌 Gravatal avança com a inauguração,https://www.instagram.com/reel/DTgihs4CSe_/
17918819336873002,2024-04-02,REELS,Autismo/TEA,,228,26,254,"EU DEFENDO O AUTISMO E VOCÊ? 🧩 Essa pauta é uma das minhas bandeiras,",https://www.instagram.com/reel/C5Q9xM6uj11/
17851466925603965,2025-12-18,FEED,Institucional,,246,7,253,Formatura do 5º ano da nossa Manu 🎓 Um passo importante nessa caminha,https://www.instagram.com/p/DSYtcYyjQAo/
18029445748704070,2023-12-07,REELS,Saude,,234,19,253,"NOTÍCIA IMPORTANTE! 🏥✨ O Hospital Nossa Senhora da Conceição, em Tuba",https://www.instagram.com/reel/C0kQMkpObIq/
17859225378405498,2025-04-23,REELS,Institucional,,239,13,252,🕊️ Um ciclo se encerra no Vaticano! A transição no papado é mais que ,https://www.instagram.com/reel/DIyxPUip-91/
17889019757909789,2023-09-13,REELS,Educacao,,237,15,252,Uma universidade cheia de história que faz parte da luta por igualdade,https://www.instagram.com/reel/CxJXlVvOkaL/
17996169982711181,2023-02-14,REELS,Institucional,,222,30,252,QUEREMOS A INCLUSÃO! ✅ Trabalhando diariamente para representar todos ,https://www.instagram.com/reel/CoqIzqjjGbj/
18193775347325367,2025-10-17,FEED,Institucional,sim,228,22,250,"Parabéns, meu amor, Bruna! 😍 Muitos anos de vida. Você é uma mulher i",https://www.instagram.com/p/DP6dZgvjYL-/
17868826248225202,2025-02-08,FEED,Institucional,,232,18,250,Arrasta pro lado e vê as notícias da semana! ➡️😉,https://www.instagram.com/p/DF0VIDnuM0g/
18035334172507654,2023-07-07,FEED,Institucional,sim,226,24,250,"Parabéns, minha doce Manuzinha! 🎉Que seu dia seja recheado de sorriso",https://www.instagram.com/p/CuZVYghueLt/
18032388968678549,2025-07-14,REELS,Institucional,,238,11,249,"✨ O que era sonho, agora é realidade! Garopaba acaba de ganhar uma nov",https://www.instagram.com/reel/DMF8t68OUya/
17869467144376527,2025-05-26,REELS,Obras/Entregas,,223,26,249,QUE APRESENTAÇÃO! 👏 Hoje entregamos uma Moção de Aplausos à Sociedade,https://www.instagram.com/reel/DKIfuBhovJ-/
18409151743141967,2025-11-04,FEED,Institucional,,219,29,248,Que honra imensa! Receber o Título de Cidadão Honorário de Antônio Car,https://www.instagram.com/p/DQp1Q7KDQhT/
18011285881856412,2023-08-25,REELS,Obras/Entregas,,221,27,248,LUTANDO PELOS ACESSOS DAS MARGINAIS! ✅ Estivemos na ANTT para reivindi,https://www.instagram.com/reel/CwV17iDoSLB/
17968139189335651,2023-04-02,REELS,Autismo/TEA,,238,9,247,➡️Hoje é o Dia Mundial da Conscientização sobre o Autismo e nada melho,https://www.instagram.com/reel/Cqi37UjDa8D/
17874414273528951,2026-07-05,FEED,Institucional,,232,14,246,"NOSSA MANU, 12 ANOS! 🎉💙 Gratidão por celebrar a tua vida minha filha",https://www.instagram.com/p/Daa_GhDJKyY/
18240292147286708,2024-09-21,FEED,Cultura/Tradicao,,238,8,246,DIA DE CURTIR A FAMÍLIA! 💕 O colégio @saojosetubarao fez essa festa d,https://www.instagram.com/p/DAMQKyQyj5C/
17850216630163460,2024-04-29,REELS,Institucional,,224,22,246,"Balneário Camboriú foi um sucesso!✨ Com 600 participantes, o evento so",https://www.instagram.com/reel/C6XMVwauqLg/
18084553258939897,2025-10-13,REELS,Institucional,,231,13,244,🌸 FORÇA E DEDICAÇÃO QUE INSPIRAM! O Clube de Mães é um exemplo de com,https://www.instagram.com/reel/DPwvErmAQxZ/
17947965824881815,2025-08-04,REELS,Institucional,,234,10,244,"🏗️ O Clube do Idoso será ampliado! Mais qualidade de vida, mais respe",https://www.instagram.com/reel/DM8Y7FopI7w/
18055592761672722,2024-07-21,REELS,Institucional,,233,11,244,Tirar um tempinho para viajar com a família é fundamental para renovar,https://www.instagram.com/reel/C9sWS5SOOMn/
17936743805837431,2024-06-04,FEED,Institucional,,213,31,244,"Querido Pai, hoje é dia de te lembrar o quanto você me inspira, o quan",https://www.instagram.com/p/C7y5BnaOGGR/
18059687240197714,2025-07-12,REELS,Atualidades,,196,45,241,📉 Quem paga a conta dos novos impostos? Sempre o povo. Enquanto dever,https://www.instagram.com/reel/DMAhFwpOzVW/
18079324729994807,2025-10-01,REELS,Institucional,,211,29,240,Qual a sua opinião sobre COTAS pra outros estados? 👀 #UDESC #COTAS,https://www.instagram.com/reel/DPSGfrrjTXm/
17890598652389235,2025-12-07,REELS,Rural/Agro,,222,17,239,Você sabia que o aumento do uso de leite em pó importado tem preocupad,https://www.instagram.com/reel/DR9dQfvgPj0/
17903830161168660,2025-05-09,REELS,Obras/Entregas,,224,14,238,"REGIÃO SERRANA, obrigado! É na estrada ouvindo a população, conversand",https://www.instagram.com/reel/DJcYcGlJzlY/
17864492127312613,2025-01-14,REELS,Institucional,,225,13,238,1 Milhão pra nossa amada Nova Veneza! 🚀 @angelaghislandi vai começar ,https://www.instagram.com/reel/DE0qKbJOmnH/
18108905053813827,2026-03-10,REELS,Institucional,,225,12,237,"BOA NOTÍCIA PRA URUPEMA ❄️🏙️ Mesmo com a noitinha chegando, não deixa",https://www.instagram.com/reel/DVt_YclDc1n/
17900553792103617,2025-02-27,FEED,Institucional,,229,7,236,"IMPULSIONANDO A AMREC! 🚀 Ao lado do Governador @jorginhomello, trabal",https://www.instagram.com/p/DGmFFH2pBYP/
18072758644457369,2024-05-29,REELS,Institucional,,211,25,236,CAMPEÕES DE JIU-JITSU DE PESCARIA BRAVA! 🥋🏆 Homenagem aos talentosos,https://www.instagram.com/reel/C7kT53uuIaY/
18054900461280197,2025-10-16,REELS,Saude,,211,24,235,OUTUBRO ROSA É COISA SÉRIA 💗 O câncer de mama e do colo do útero prec,https://www.instagram.com/reel/DP4ovpeAD6x/
18233207974209745,2023-09-06,REELS,Institucional,,216,19,235,5️⃣PAUTAS QUE A BANCADA DO SUL VAI DEFENDER! ✅ Essas são algumas das p,https://www.instagram.com/reel/Cw3YpYauqbE/
18122543977431907,2025-04-07,REELS,Institucional,,210,24,234,Precisamos ser ouvidos! Deixe aqui seu comentário!,https://www.instagram.com/reel/DIIC_kbJVqp/
17973520052027625,2023-02-09,REELS,Rural/Agro,,226,8,234,🌾O ARROZ DA NOSSA MESA VEM DO CAMPO! ✅ A 5ª Abertura Oficial da Colhe,https://www.instagram.com/reel/CodFiIDJ180/
18349992982087301,2025-07-07,FEED,Atualidades,,214,19,233,"MILEI CORTA IMPOSTOS, LULA AUMENTA! 😒 O aumento de impostos só tira o",https://www.instagram.com/p/DL00C27pJLz/
17956842668910517,2025-02-14,REELS,Obras/Entregas,sim,208,25,233,🚁 Prevenção antes da tragédia! O projeto da redragagem dos molhes da ,https://www.instagram.com/reel/DGEXkuMpZG6/
17985698432215165,2023-10-07,REELS,Institucional,,224,7,231,🚨ATUALIZAÇÕES! A previsão continua a ser de muita chuva amanhã aqui e,https://www.instagram.com/reel/CyHHPFIOydT/
18417622435062741,2024-02-12,FEED,Cultura/Tradicao,,226,4,230,Mais um carnaval cheio de histórias pra contar! 🎉 Até no Trio do Bloc,https://www.instagram.com/p/C3Qd5ChOsQ0/
18160296187304817,2023-04-20,REELS,Esporte,,212,18,230,"A Reinauguração do Ginásio Osnizão é importante pro lazer, esporte e s",https://www.instagram.com/reel/CrRnxxlu8nT/
18356115520090894,2025-10-05,REELS,Rural/Agro,,215,14,229,BOLA DENTRO PELO ESPORTE! ⚽️ A revitalização do campo em Criciúma rece,https://www.instagram.com/reel/DPb3ExwgG7r/
18083847751936882,2025-09-30,FEED,Institucional,,220,9,229,130 ANOS DE AMIZADE 🇧🇷🤝🇯🇵 Santa Catarina tem orgulho da contribui,https://www.instagram.com/p/DPNQzlcjZW2/
18085067798526167,2026-05-10,FEED,Institucional,,219,8,227,Hoje é dia de homenagear quem é o alicerce da minha família. ❤️ @brubr,https://www.instagram.com/p/DYKMSKsgIiP/
18045961067317088,2024-10-30,FEED,Institucional,,221,6,227,"APOIO, COMPROMISSO E RESULTADO! 🤝✨ Estamos ao lado dos prefeitos e ve",https://www.instagram.com/p/DBw2fMByBaA/
17971395962987352,2026-01-15,REELS,Institucional,,207,19,226,"SE EU PUDESSE, EU RESOLVIA TUDO! 💪🏼 Se fosse só pela vontade, tava t",https://www.instagram.com/reel/DTish1nAU9M/
18067510810386767,2023-06-15,REELS,Institucional,,201,25,226,Erros de gravação bons demais pra ficarem perdidos na galeria do celul,https://www.instagram.com/reel/CthtQLbtWyY/
18017951224799899,2023-10-05,FEED,Institucional,,216,9,225,O #TBT de hoje não poderia ser diferente! ❤️💚 Pra cima Flusão! #flumi,https://www.instagram.com/p/CyBIL5mOasb/
17989617422019506,2023-06-08,REELS,Cultura/Tradicao,,216,8,224,"Bem-vindo, Junho! 🔥 É tempo de celebrar a alegria das festas juninas,",https://www.instagram.com/reel/CtPllHfAhGq/
18046968611099018,2024-11-01,REELS,Autismo/TEA,,194,28,222,UM CENSO DE AUTISMO 🧩 Um passo essencial para garantir políticas públ,https://www.instagram.com/reel/DB1-NSZyG0d/
17981250665030645,2023-04-13,REELS,Institucional,,213,9,222,Sabe como é a rotina de trabalho de um deputado na Assembleia Legislat,https://www.instagram.com/reel/Cq_Z1fiOSCS/
17869226667431954,2025-09-03,FEED,Institucional,,215,5,220,PROERD: LIÇÕES PARA A VIDA ✨👮‍♂️👧👦 O PROERD vai muito além da sala ,https://www.instagram.com/p/DOHulb0DVjZ/
18295538335172330,2025-03-28,REELS,Obras/Entregas,,204,16,220,NÓS CHEGAMOS EM GRAVATAL! 🚀 Nossos recursos estão sendo aplicados e f,https://www.instagram.com/reel/DHwakBvpDEZ/
17866333263275624,2024-12-23,REELS,Educacao,,200,19,219,MAIS ENTREGA! 🚙 Entregamos um veículo novo pra Apae de Içara que faz ,https://www.instagram.com/reel/DD7beoXptHK/
18016844888485746,2024-03-27,REELS,Institucional,,201,18,219,Um bombom pra alegrar a tarde de todo mundo que passa no Gabinete 34! ,https://www.instagram.com/reel/C5BwHPCuCXL/
18051761678329409,2025-10-25,FEED,Institucional,sim,210,8,218,"✨ Parabéns, Pescaria Brava! 🎉 A cidade mais jovem de Santa Catarina s",https://www.instagram.com/p/DQQCXWZDfXy/
17910546135064965,2025-01-08,REELS,Autismo/TEA,,193,25,218,AUTISMO: PROJETO DO CENSO É PIONEIRO! 🧩 Nossa iniciativa de parceria ,https://www.instagram.com/reel/DElL-s4pqc7/
18285013024269248,2025-07-20,REELS,Seguranca,,208,9,217,"🚧 Obra aguardada, conquista confirmada! A ligação entre a Várzea e a ",https://www.instagram.com/reel/DMVbiB5uwiT/
18226559419259818,2024-03-25,REELS,Obras/Entregas,,202,14,216,Junte-se a nós na busca pela redragagem do Rio Tubarão! A obra é nossa,https://www.instagram.com/reel/C48Wb8HuSvf/
18060792083136599,2025-09-30,REELS,Cultura/Tradicao,,210,5,215,130 ANOS DE AMIZADE 🇧🇷🤝🇯🇵 Uma história de respeito e cooperação q,https://www.instagram.com/reel/DPPDM-MAP3K/
18230177509162501,2023-02-13,FEED,Autismo/TEA,,194,21,215,📌Defender o direito das pessoas com Autismo é uma das nossas bandeira,https://www.instagram.com/p/ConwL3wOK5r/
17995812554923670,2026-03-20,FEED,Institucional,,192,22,214,A última vai te surpreender! 👀🍍 Comenta aqui a que você achou mais c,https://www.instagram.com/p/DWHzUh1gdmZ/
18016073249357569,2024-06-09,FEED,Institucional,,210,4,214,Momento de muita oração onde nos preenchemos de fé e amor. Recebendo a,https://www.instagram.com/p/C7-bx_axi_8/
18018536546299460,2024-02-22,REELS,Institucional,,184,29,213,Esse é só um pouquinho do meu trabalho!😜 #deputadoestadual #pepecolla,https://www.instagram.com/reel/C3qU9D3Or-n/
17979608036872429,2025-09-08,FEED,Institucional,,169,43,212,"TER DEPUTADO FAZ DIFERENÇA! 🚀 Tubarão pode contar comigo hoje, amanhã",https://www.instagram.com/p/DOWbHnHAB0-/
18098654588322981,2026-05-05,FEED,Institucional,,189,21,210,Estamos escalados pra esse ano! 🇧🇷 🛡️Saíram as figurinhas do time q,https://www.instagram.com/p/DX-EPz4mQ3_/
18051624506003893,2024-12-16,REELS,Educacao,,178,32,210,🗳️ Educação que transforma o futuro!📚 Você sabia que a Educação Mora,https://www.instagram.com/reel/DDp0fN4yDFO/
17875608392780356,2023-02-08,FEED,Institucional,,189,21,210,Ao vivo da tribuna falando diretamente com os jovens que sonham com um,https://www.instagram.com/tv/CoaYDqSog6-/
17940237614938408,2025-09-12,REELS,Autismo/TEA,,192,17,209,INCLUSÃO QUE FAZ A DIFERENÇA! 🧩 Uma sala sensorial transforma a exper,https://www.instagram.com/reel/DOgD7NZgMO6/
17872836675189081,2024-10-03,REELS,Esporte,,195,13,208,Nossa Judoca trocou de faixa hoje! 💕✨ Esportes e artes marciais ensin,https://www.instagram.com/reel/DArPMs8SPS0/
17917467359905832,2024-04-03,REELS,Obras/Entregas,,186,21,207,A CCR TEM QUE NOS OUVIR! 🗣️ Nossas marginais da BR-101 estão sendo al,https://www.instagram.com/reel/C5UOUSnOC9b/
17862008265649774,2026-06-23,REELS,Institucional,,195,11,206,"FIM DA ESPERA! 🌉✅ Depois de mais de 20 anos de espera, a comunidade d",https://www.instagram.com/reel/DZ7sV1TgI_m/
17968506308331792,2023-03-02,FEED,Institucional,,196,10,206,"O #TBT é delas. Papai tá com saudade, amo vocês! ❤️ #santacatarina #fa",https://www.instagram.com/p/CpSoBOnOyMl/
18440615629041985,2024-05-27,REELS,Cultura/Tradicao,sim,192,13,205,"🎉🎂 Parabéns, Tubarão! Hoje você completa 154 anos de história e forç",https://www.instagram.com/reel/C7eNCUoOtLs/
17892233547126676,2025-05-21,FEED,Institucional,,198,6,204,Como é bom receber vocês! 💕 @redefemininatubarao contem comigo nessa ,https://www.instagram.com/p/DJ7eqtLJ_x6/
17979427448110453,2023-06-29,REELS,Cultura/Tradicao,,189,15,204,"ROTA TURÍSTICA DAS ÁGUAS TERMAIS! 💦 O turismo, a cultura e a terra da",https://www.instagram.com/reel/CuFa3NVOwA6/
18116830186649172,2026-03-26,FEED,Institucional,,187,15,202,ORGULHO PROGRESSISTA! 💙,https://www.instagram.com/p/DWVFbCkjZde/
18082040732319718,2025-11-22,REELS,Cultura/Tradicao,,186,16,202,"A tilápia é mais que um peixe: é renda, tradição e o sustento de cente",https://www.instagram.com/reel/DRXsHungVDy/
18065949050191374,2025-08-29,REELS,Institucional,,179,23,202,✨ Gratidão imensa a toda a cidade de Içara pelo título de Cidadão de I,https://www.instagram.com/reel/DN61HFmDW1i/
17984358686457131,2024-01-26,FEED,Institucional,,189,12,201,Ano eleitoral o assunto não poderia ser outro: política e eleições! 😉,https://www.instagram.com/p/C2lGNUWuywS/
18078062003399096,2026-06-07,FEED,Cultura/Tradicao,sim,190,9,199,"🎉🌽 TEMPO DE FESTA JUNINA! Chegou uma das épocas mais bonitas do ano,",https://www.instagram.com/p/DZSpoECPRhN/
17989997887992788,2023-07-24,FEED,Autismo/TEA,,183,16,199,🧩É fazendo grupos de trabalho da Frente Parlamentar do Autismo que ag,https://www.instagram.com/p/CvF_QyZuHok/
17973700472514434,2023-06-12,REELS,Obras/Entregas,,173,26,199,"+ de R$ 13 milhões em investimentos de equipamentos e veículos, 🚒 🧑‍",https://www.instagram.com/reel/CtZEX7iuU3T/
17983638451793262,2023-02-24,FEED,Institucional,,185,14,199,O movimento Pepê por Elas foi fundamental durante a campanha e reconhe,https://www.instagram.com/p/CpDwOa7up1M/
18037922189275127,2024-10-21,REELS,Educacao,,176,22,198,Estágio Visita! 📚 Um programa que faz a diferença na formação polític,https://www.instagram.com/reel/DBZdUUwyYCD/
17878573433957265,2023-10-02,FEED,Institucional,,188,10,198,Um ano se passou desde a eleição. Foi um dia inesquecível. Me lembro d,https://www.instagram.com/p/Cx6H5v6OEfK/
18328477348071968,2023-02-03,FEED,Institucional,,182,16,198,"📰Essas são algumas das nossas bandeiras, ideias e compromissos e faze",https://www.instagram.com/p/CoNyCukOrYQ/
18079745014519465,2024-12-03,REELS,Obras/Entregas,,175,22,197,MATO NAS RODOVIAS! 🌱🛣️🌿 Questionei o estado por esse abandono das r,https://www.instagram.com/reel/DDIAOxppH4L/
17984267759082130,2023-07-21,REELS,Institucional,,188,9,197,GAROPABA E PAULO LOPES BEM REPRESENTADAS! 👏 Hoje o dia foi de muito t,https://www.instagram.com/reel/Cu-XlbusbR7/
18094195078789798,2026-02-15,REELS,Institucional,,185,11,196,"NÃO É MILAGRE. É MECANISMO. 🧠🔬 Quando a ciência entende a causa, ela",https://www.instagram.com/reel/DUyJsSoAIz2/
18200522245217118,2023-03-08,REELS,Institucional,,188,8,196,"As mulheres são exemplos de força, coragem e amor. Mães, avós, filhas,",https://www.instagram.com/reel/Cph93DRDHda/
18103664563847547,2026-06-29,REELS,Institucional,,172,23,195,SANTA CATARINA MERECE RESPEITO! 👊🇧🇷 Santa Catarina é terra de gente,https://www.instagram.com/reel/DaK_pNiAD9b/
17987102942384190,2024-01-23,REELS,Institucional,,183,12,195,PRONTA PRA SALVAR VIDAS! 🩸 A nova sede do Hemosc inaugurada em Tubarã,https://www.instagram.com/reel/C2cz8InukK1/
18140189095472938,2026-05-30,FEED,Esporte,,178,16,194,JUDÔ E VALORES 🥋❤️ O esporte ensina muito mais do que técnica. Ensina,https://www.instagram.com/p/DY946lRgCGN/
17922807051089857,2025-05-31,FEED,Rural/Agro,,187,7,194,"📍 **ESTAR PERTO FAZ TODA A DIFERENÇA!** 🚗✨ Passamos por Agronômica, ",https://www.instagram.com/p/DKTKuzxI2Rm/
18012689960689564,2025-01-21,REELS,Institucional,,186,8,194,📍PEDRAS GRANDES! 👏 A visão do prefeito @agnaldofilippi para o turism,https://www.instagram.com/reel/DFGnE2TyanV/
18028550494913523,2024-03-03,REELS,Obras/Entregas,,184,10,194,"DE OLHO NAS ESTRADAS! 👀 A Serra do Corvo Branco necessita de atenção,",https://www.instagram.com/reel/C4Df724uaji/
18078590954676013,2026-07-14,REELS,Obras/Entregas,,165,28,193,"INFRAESTRUTURA É PRIORIDADE! 🚧 Santa Catarina cresce, produz e gera o",https://www.instagram.com/reel/DayZRJateKd/
17911834062071300,2025-02-03,FEED,Institucional,,186,7,193,CONCLUÍDO COM SUCESSO ✅ Janeiro foi um mês de muito diálogo e compromi,https://www.instagram.com/p/DFnmcuIJzBC/
18094428545344007,2026-06-30,REELS,Esporte,sim,182,8,190,EM CLIMA DE COPA O ESPORTE MERECE ESTRUTURA! ⚽🔥 Quem vê um placar ele,https://www.instagram.com/reel/DaOGeN9pl4L/
18088649824404023,2024-01-07,FEED,Institucional,,182,8,190,Um ano de trabalho intenso se passou! 🚀💼 A dedicação trouxe muitas c,https://www.instagram.com/p/C1zSD1Eul7H/
17989295723256266,2023-11-21,REELS,Saude,,178,12,190,💸Hospital de Tubarão recebe R$ 400 mil para a emergência 🏥O Hospital,https://www.instagram.com/reel/Cz7Lra1ueic/
18511153846003636,2025-06-08,REELS,Institucional,,184,5,189,"Um bolinho arrematado em Gravatal 😋 Gosto de estar assim, junto da co",https://www.instagram.com/reel/DKpjMYMpDBy/
17943495918054730,2025-09-26,REELS,Obras/Entregas,,182,6,188,"MAIS UMA OBRA PRA VALER 🚧 A rua 12 de Outubro, em Tubarão, está saind",https://www.instagram.com/reel/DPEqxayjGmo/
18016066384589710,2023-05-12,REELS,Rural/Agro,,184,4,188,"A segunda edição da Agropolo tá acontecendo hoje, sábado e domingo, no",https://www.instagram.com/reel/CsKRzstLAHn/
18393800704152928,2026-04-29,REELS,Atualidades,,172,14,186,IMPOSTO QUE FICA NA CIDADE 💰 Você sabia que pode destinar parte do se,https://www.instagram.com/reel/DXuTuKagIZM/
18042009116167436,2025-04-08,REELS,Institucional,sim,176,10,186,TRAGÉDIA ANUNCIADA! ❌ 🚨 O acidente do final de semana escancarou o de,https://www.instagram.com/reel/DIM6vKTJ0X7/
18073041133620917,2024-12-02,REELS,Autismo/TEA,,169,16,185,"AUTISMO, eu defendo! 🧩💙 🚨 Conquistas que transformam vidas: 📽️ Lei",https://www.instagram.com/reel/DDFTmWEpgM_/
17887757756898175,2023-12-11,REELS,Institucional,,170,15,185,QUE TRABALHO LINDO! 🌻 Orgulho de ver de perto esse trabalho que impac,https://www.instagram.com/reel/C0ulgFfu95l/
18021850415523904,2024-09-11,REELS,Institucional,,164,20,184,Essa é nossa mini Deputada Helena dominando a Assembleia! Quem aguenta,https://www.instagram.com/reel/C_yhiW3ySLT/
18427807819058183,2024-03-25,FEED,Institucional,,168,16,184,Um passo importante para o futuro de Tubarão! 👊😉 Dia de filiar o dr.,https://www.instagram.com/p/C49MnWbOOYx/
17992034386830684,2023-03-14,FEED,Institucional,,172,12,184,Mais um dia cheio! 🙌 Começamos cedo com entrevista no caminho para Fl,https://www.instagram.com/p/CpyQIybOD1p/
18599032210057653,2026-07-05,REELS,Esporte,sim,162,21,183,"É GOLAÇO PARA MORRO DA FUMAÇA! ⚽🇧🇷 Em dia de jogo da Seleção, quem t",https://www.instagram.com/reel/DaaZdM-AVlQ/
18113246866764507,2026-04-17,REELS,Obras/Entregas,,168,15,183,RESULTADO QUE APARECE 👷‍♂️ Aqui não é promessa. É investimento que sa,https://www.instagram.com/reel/DXPmqjdkRsv/
18456018196075876,2025-04-19,REELS,Institucional,,167,16,183,"TENSÃO ENTRE GIGANTES 🇨🇳🇺🇸 China x EUA… e no meio disso tudo, o Br",https://www.instagram.com/reel/DIpA9Kap7c7/
17923176591006150,2025-01-22,REELS,Obras/Entregas,,167,16,183,E O SUL DE SANTA CATARINA? 🧐 Precisamos de investimentos em contençõe,https://www.instagram.com/reel/DFJKJr-yElg/
18260594938180714,2023-03-30,REELS,Institucional,sim,174,8,182,"Como diz meu sogro Brunel, NOSSO CAPIVARI está de parabéns pelos 31 an",https://www.instagram.com/reel/CqbXlV1jKDy/
18053715775887327,2025-02-01,FEED,Institucional,sim,177,4,181,Parabéns amigo @juliogarciasc que seu novo biênio como presidente da A,https://www.instagram.com/p/DFi19ESS6ND/
18060190183903932,2025-01-04,REELS,Institucional,,172,9,181,Isso é o que desejo a você em 2025! 👏 Alguém que te apoie e ajude a c,https://www.instagram.com/reel/DEZzUZaR98X/
17868448596238091,2024-11-16,REELS,Obras/Entregas,,166,15,181,Amor aos animais exige responsabilidade! 🐾❤️ Com uma emenda de R$ 150,https://www.instagram.com/reel/DCcl5pXSh3j/
17912213246839639,2023-11-21,REELS,Institucional,sim,160,21,181,COMENDA DO LEGISLATIVO🏅 Parabéns ao Arilton Barreiros de Souza! 🎉 Co,https://www.instagram.com/reel/Cz4yTFAOvKV/
17963743421640971,2023-10-20,FEED,Institucional,,175,6,181,➡️AS ANDANÇAS COMEÇARAM! É muito bom começar nossas visitas regionais ,https://www.instagram.com/p/CynylxbO1aO/
18013958872642735,2023-06-26,FEED,Institucional,,165,15,180,Qual desses você não sabia? 😅 🍍A roça de abacaxi foi o que mais surp,https://www.instagram.com/p/Ct9vfzXOZeH/
17992633802447037,2023-12-22,REELS,Institucional,,148,31,179,BALANÇO DO ANO! ✅ Primeiro ano de mandato de muito aprendizado e traba,https://www.instagram.com/reel/C1KLn8ZOj-J/
17982580960924935,2023-04-24,REELS,Institucional,,168,11,179,✈️ Estive em Jaguaruna hoje para me colocar à disposição e buscar as m,https://www.instagram.com/reel/CrbpKwvLGaV/
18039129281428278,2025-09-06,FEED,Institucional,,123,55,178,Deixe sua opinião nos comentários! 👀,https://www.instagram.com/p/DORag_fgBkt/
18044912045492981,2024-11-14,REELS,Institucional,,158,18,176,"Que trabalho lindo! 🧩 Dedicação, união e perseverança pela causa auti",https://www.instagram.com/reel/DCXRElYysgo/
17912917602140877,2025-06-29,FEED,Institucional,,146,29,175,🗞️Confere as notícias da semana! ➡️,https://www.instagram.com/p/DLfiKpxO5i2/
18074181136912513,2025-06-04,REELS,Institucional,sim,166,9,175,"Parabéns pelos 130 anos, Colégio São José! 🎉 Tive a honra de estudar ",https://www.instagram.com/reel/DKfKnJ1ObYy/
17996450351605700,2024-03-16,REELS,Saude,,147,28,175,NOVIDADES PARA HOSPITAL DE LAGUNA! 🏥 Orgulhosos de anunciar as melhor,https://www.instagram.com/reel/C4lNs85O2fh/
17970682007328315,2023-03-20,REELS,Institucional,,164,11,175,Vem me conhecer um pouquinho melhor! 🙌🚀 #politico #santacatarina #de,https://www.instagram.com/reel/CqBlsWPj7Dj/
18044851532787271,2026-06-21,FEED,Institucional,,149,25,174,FOI LINDO! ✨🚀 Mais de 400 lideranças de todas as regiões de Santa Cat,https://www.instagram.com/p/DZ2lzp1ADtR/
18318467422300041,2025-07-10,FEED,Institucional,sim,169,5,174,"👏Parabéns Sr. Lindomar Cardoso Tournier, exemplo de vitalidade, talen",https://www.instagram.com/p/DL8GKwdpdqJ/
18046499393069092,2024-10-17,REELS,Institucional,,151,23,174,"Hoje é o dia dela. 💕 Do meu amor, aquela que está sempre ao meu lado.",https://www.instagram.com/reel/DBPOme6y-1j/
18060009598552658,2024-07-10,REELS,Institucional,,143,31,174,FOFOCA BOA! 💥 R$ 5 Milhões serão anunciados amanhã pela Bancada do su,https://www.instagram.com/reel/C9QXYQPpHE6/
18097839826332353,2023-11-01,REELS,Obras/Entregas,,152,22,174,PRAZOS DEFINIDOS PRA ATUALIZAÇÃO DO PROJETO DA REDRAGAGEM DO RIO TUBAR,https://www.instagram.com/reel/CzHftoEuECa/
18073214578668233,2025-04-01,FEED,Autismo/TEA,,151,22,173,AUTISMO DEFENDIDO COM AÇÕES! 🧩👊 Cada pessoa autista trilha uma jorna,https://www.instagram.com/p/DH5-3xUOghS/
18000259373242976,2024-02-29,FEED,Institucional,,161,12,173,"O #tbt que a gente gosta: Família, Flusão e Emoção!🇮🇹",https://www.instagram.com/p/C38ZXJ8O8qy/
18349447771164825,2025-10-25,FEED,Esporte,,166,6,172,ORGULHO E DISCIPLINA 🥋💙 O esporte é um dos caminhos mais bonitos pra,https://www.instagram.com/p/DQPAXW6ACEL/
17962663766396911,2023-07-06,REELS,Institucional,,158,14,172,Respondendo alguns comentários! Aqui o debate é sério e gostamos de sa,https://www.instagram.com/reel/CuXsvuoN2Jw/
18084291196848335,2025-08-10,FEED,Institucional,sim,164,5,169,Feliz dia dos pais para todos 💙,https://www.instagram.com/p/DNL08XhpN1o/
18388216648190849,2025-06-20,FEED,Educacao,,149,20,169,"Não é sobre obediência, É SOBRE EDUCAÇÃO! 📚 Nosso projeto de Educação",https://www.instagram.com/p/DLIILZJuBNA/
18028646986480285,2023-03-13,REELS,Obras/Entregas,,156,13,169,A redragagem é uma obra que temos que debater! 🗣️ Vai impactar na vid,https://www.instagram.com/reel/Cpv4BANjp3F/
18066972350364107,2026-05-18,REELS,Institucional,,160,8,168,"“Made in China” AQUI É MADE IN BRASIL!!!🇧🇷⚡ A EIKTO, instalada em La",https://www.instagram.com/reel/DYewg67grRe/
17984635001331316,2023-07-18,FEED,Institucional,,162,6,168,Bastidores são massa! 🎬 É aqui que o @luizprrudencio me segura pra qu,https://www.instagram.com/p/Cu2bMiYJIBm/
17953143926841025,2025-07-12,REELS,Cultura/Tradicao,sim,164,3,167,Festa junina do Colégio São José! 🌽🎉 Aproveitando esse tempinho pra ,https://www.instagram.com/reel/DMBQQcwJdlX/
17871109868856905,2023-03-16,FEED,Institucional,,158,9,167,#tbt do alicerce da minha vida no dia de Corpus Cristi! ❤️,https://www.instagram.com/p/Cp3YTvFO4zG/
18022440161175873,2024-05-17,REELS,Institucional,,145,21,166,MIGRAÇÃO DO RIO GRANDE DO SUL PARA SANTA CATARINA! 🙏 Vamos pensar e e,https://www.instagram.com/reel/C7Fd8RIOqXM/
17928193791026673,2025-10-04,REELS,Institucional,,158,7,165,MAIS CUIDADO COM A NOSSA GENTE 🚐💙 Praia Grande ganhou mais do que um,https://www.instagram.com/reel/DPZvCR3kagJ/
18291242593283714,2025-10-03,REELS,Obras/Entregas,,151,13,164,GAROPABA NO ASFALTO! 🛣️🚧 Mais investimentos para melhorar a mobilida,https://www.instagram.com/reel/DPWo86PDZA6/
18191464510280324,2023-08-02,REELS,Institucional,,141,23,164,"PRESTAR CONTAS 🎯 Muito trabalho, aprendizado e dedicação. Espero que ",https://www.instagram.com/reel/CvdSWzAMf40/
18092490871665886,2025-09-13,REELS,Institucional,,149,14,163,Faz o café que eu to chegando! ☕️🚀,https://www.instagram.com/reel/DOjBG9xDRyZ/
17915584965318386,2026-03-18,FEED,Institucional,,144,18,162,"MENOS CUSTO, MAIS CUIDADO COM OS HOSPITAIS☀️🏥 Aprovamos na Alesc um p",https://www.instagram.com/p/DWCkUfKgRkT/
18046241630204994,2025-06-18,REELS,Autismo/TEA,,137,25,162,"AUTISMO É PRIORIDADE! 💙 O autismo não tem cara, mas tem realidade e e",https://www.instagram.com/reel/DLDi5nQJRd6/
18013706162167050,2024-02-14,REELS,Institucional,,113,49,162,🗣️LAGUNA MERECE RESPEITO! Tem muita gente que curtiu o carnaval de la,https://www.instagram.com/reel/C3VZO9BuTtn/
18275936479117093,2023-03-23,FEED,Institucional,,144,17,161,🔊O projeto do reajuste do salário mínimo regional foi aprovado por un,https://www.instagram.com/p/CqJWBW6uLF1/
18065478617342975,2026-04-27,REELS,Autismo/TEA,,138,22,160,AUTISMO E IPVA: UM DIREITO QUE MUITA GENTE AINDA NÃO SABE 🚗💙 Muita g,https://www.instagram.com/reel/DXpg2Nqgewx/
18002738894740546,2025-03-19,REELS,Institucional,,146,14,160,APRENDENDO MANDARIM E IMPULSIONANDO EMPREGOS! 🤝 🇨🇳 Explorando oport,https://www.instagram.com/reel/DHY0Az-Ocus/
18085262056487679,2024-12-17,REELS,Institucional,,140,20,160,ASSINADO! ✍️ Nosso termo de cooperação para o desenvolvimento do censo,https://www.instagram.com/reel/DDsp7yuOKZO/
18190491874289953,2024-06-30,FEED,Cultura/Tradicao,,157,3,160,Com esse friozinho aquela deliciosa sopa na 114ª Festa de São Pedro em,https://www.instagram.com/p/C82GVW5uPx0/
17842709952027723,2023-07-16,FEED,Institucional,,157,3,160,Quem não gosta de uma tainha assada em um domingo de sol? 🐟 Essa aqui,https://www.instagram.com/p/CuxSCuUuxAu/
17990197426972384,2023-05-17,REELS,Institucional,,152,8,160,Uma verdadeira maratona! 💪💼 Hoje participei da Comissão de Tecnologi,https://www.instagram.com/reel/CsXF28wO8BP/
18084878312067666,2025-11-01,FEED,Institucional,,154,5,159,💙 Casa cheia em Armazém! Que energia incrível estar com tantas lidera,https://www.instagram.com/p/DQfn7HVjeDs/
18000566306485489,2023-10-31,REELS,Obras/Entregas,,148,11,159,"FIQUE ATENTO! 🚨 Em defesa da Redragagem do Rio Tubarão, estaremos ama",https://www.instagram.com/reel/CzEcm3pOOqk/
18088439765520125,2026-04-10,REELS,Obras/Entregas,,146,12,158,"MAIS PAVIMENTAÇÃO, MAIS QUALIDADE DE VIDA 🛣️ Uma máquina que vai acel",https://www.instagram.com/reel/DW9LIjfgFbP/
18423288346040571,2024-03-08,FEED,Institucional,,153,5,158,"Elas são tudo pra mim! minha razão de viver, minha alegria, meu mundo.",https://www.instagram.com/p/C4QGcnSukd6/
18144976942459473,2025-12-30,REELS,Institucional,,136,21,157,"Ano corrido de muito trabalho, confere aí o que a Siri trouxe pra gent",https://www.instagram.com/reel/DS5ziPvga64/
18412059511117355,2025-10-11,REELS,Atualidades,,157,0,157,CORAGEM PELA DEMOCRACIA A perseguição de um regime autoritário que tra,https://www.instagram.com/reel/DPrrpj0AQyz/
18173849383320485,2025-03-12,REELS,Institucional,,145,12,157,"Simplificando os convênios estaduais! 🎯 Agora, apenas a parte repassa",https://www.instagram.com/reel/DHHAvCyJOar/
17913731129970399,2024-07-25,REELS,Obras/Entregas,,147,10,157,ORGULHO EM FAZER PARTE DESSA CONQUISTA 🚀 Olhar lá na frente e ver a c,https://www.instagram.com/reel/C922_EPJH29/
18080731637642171,2026-06-10,REELS,Obras/Entregas,,149,7,156,🚒 SEGURANÇA QUE FICA PARA O FUTURO Mais uma importante entrega para o,https://www.instagram.com/reel/DZayE7cAE8M/
17845147938009539,2023-06-20,REELS,Institucional,,142,13,155,"Defender o meio ambiente sim, frear o desenvolvimento não! Impor medid",https://www.instagram.com/reel/CtuidD7JmgF/
18174590965259760,2023-02-16,REELS,Institucional,,142,13,155,"Na conversa com a @magdatuba e o @ramon._silveira na @radiotuba, falam",https://www.instagram.com/reel/Covau_UDwD_/
18320871625180042,2024-06-27,FEED,Institucional,,150,4,154,Saudade Delas! ❤ @brubrunelcollaco @manu_brunel_collaco,https://www.instagram.com/p/C8uGZxuIIrd/
17936811494666442,2023-11-26,REELS,Institucional,sim,150,4,154,"Lelê adora a época do Natal, e há um motivo especial! Sabemos que part",https://www.instagram.com/reel/C0H_qt3uP64/
17935486367606295,2023-07-08,REELS,Rural/Agro,,152,2,154,"FEAGRO! 🐂 A maior feira do gado Jersey da América Latina, várias expo",https://www.instagram.com/reel/Cuc2PQQO6kd/
17843854712969134,2023-04-03,REELS,Autismo/TEA,,143,11,154,🧩 Autismo é uma maneira diferente de ver o mundo. Venha participar do,https://www.instagram.com/reel/Cqlth_PDTYQ/
17976751514048628,2023-02-27,FEED,Institucional,,141,13,154,➡️ Conheça 5️⃣ projetos que farão a diferença no nosso Estado. Vamos b,https://www.instagram.com/p/CpLj8sguIWe/
18036447616791528,2024-06-11,REELS,Cultura/Tradicao,,127,26,153,APROVADO NA CCJ ✅ 🇮🇹🍽️ O Tombo da Polenta como patrimônio cultural ,https://www.instagram.com/reel/C8Fo5KeplQT/
18024897971416429,2025-03-15,REELS,Rural/Agro,,132,20,152,"🚜🌱 Agora, carne e leite de caprinos e ovinos estão garantidos na ali",https://www.instagram.com/reel/DHOglVhOoZk/
18059144938770026,2024-10-26,FEED,Cultura/Tradicao,,148,4,152,“Orgulho em cada movimento! Minhas meninas arrasaram no festival de ju,https://www.instagram.com/p/DBlwOjrOnef/
18344428951133733,2024-10-08,FEED,Institucional,,148,4,152,Voltamos com tudo! 🚀 CCJ e plenário a todo o vapor para fazer leis ef,https://www.instagram.com/p/DA4KOQ0SNOJ/
17890475370028233,2024-06-20,REELS,Institucional,,142,10,152,VISITE O FAROL DE LAGUNA! 🌅✨ ACERTOU QUEM PENSOU NO FAROL DE SANTA MA,https://www.instagram.com/reel/C8dAZbKOTQj/
18290582884080364,2024-03-02,FEED,Institucional,,149,3,152,"A serra catarinense é linda, e eu posso provar! 😉 📍 Serra do Corvo B",https://www.instagram.com/p/C4ByR4EOx8T/
17857977360474652,2025-08-19,FEED,Institucional,,147,4,151,UNIÃO PROGRESSISTA: NOVO CAPÍTULO NA POLÍTICA 🇧🇷 Nossa convenção Pro,https://www.instagram.com/p/DNi8oy0O8Z3/
18326972980092549,2025-01-21,FEED,Institucional,,135,16,151,Alôô Tubarãoo! Hoje não esquece de tomar água e passar protetor solar.,https://www.instagram.com/p/DFFbjXLOJwj/
18168561904411390,2026-04-15,REELS,Autismo/TEA,,134,16,150,AUTISMO É PRIORIDADE 💙 Todo pai e toda mãe de uma criança com autismo,https://www.instagram.com/reel/DXKkyJECden/
18326845795161703,2025-05-02,REELS,Atualidades,,134,16,150,"💥 TRUMP QUER DERRUBAR O DÓLAR? 🤔 📉 Em 1985, os EUA desvalorizaram o",https://www.instagram.com/reel/DJKnBMKptDy/
18039922606524313,2023-09-07,REELS,Cultura/Tradicao,,145,5,150,Um dia marcante que ecoa na história. Celebre a independência com orgu,https://www.instagram.com/reel/Cw5xQZ_u_9d/
18179185780386402,2026-04-06,FEED,Institucional,,129,20,149,RECONHECIMENTO QUE NOS MOTIVA 🙏✨ Receber essa homenagem da STAN (Asso,https://www.instagram.com/p/DWy6VG0APMa/
18004741538824226,2025-12-09,FEED,Saude,,149,0,149,"SAÚDE MENTAL IMPORTA 🧠✨ Hoje, o deputado Felippe Collaço entregou uma",https://www.instagram.com/p/DSDt14cAY1N/
18247322857216977,2024-03-09,FEED,Institucional,,142,7,149,Unindo forças para o futuro das nossas cidades 🤝✨ Articulações e polí,https://www.instagram.com/p/C4Tsv4UOpUD/
17936072847211722,2026-04-19,REELS,Obras/Entregas,,139,9,148,DESENVOLVIMENTO QUE CHEGA NA PONTA 🚧 Mais uma conquista para Orleans!,https://www.instagram.com/reel/DXU6Z_DAQ_z/
18057941180004744,2025-02-17,FEED,Institucional,,143,5,148,Entrando pra Trend e percebendo que o tempo passa rápido e a gente se ,https://www.instagram.com/p/DGLk4UVpaX7/
18035585321285175,2024-08-11,FEED,Institucional,,136,12,148,Obrigado minhas meninas! 😍 Papai ama muito vocês e sinto muito orgulh,https://www.instagram.com/p/C-hycxuugLl/
17943949172571742,2023-07-29,REELS,Institucional,sim,135,13,148,"Parabéns, lagunense! 🎉🎂 Neste aniversário da cidade, vamos celebrar ",https://www.instagram.com/reel/CvR196JMYng/
18052898050392297,2023-03-28,REELS,Institucional,,143,5,148,"🙋‍♂️Diretamente da Marcha dos Prefeitos, represento você em pautas im",https://www.instagram.com/reel/CqWQw2RD41P/
18087247814091590,2025-12-22,REELS,Esporte,,136,11,147,"🚐🚑 Mais mobilidade, mais cuidado e mais esporte para Capivari! Entre",https://www.instagram.com/reel/DSkih7EgAn7/
18034545241875273,2024-07-07,FEED,Institucional,sim,141,6,147,"Te amo Filha! Feliz aniversário, que Deus continue te guiando e abenço",https://www.instagram.com/p/C9H242nufKX/
18365618287224538,2026-06-08,REELS,Educacao,,138,8,146,🏗️💙 MAIS ESPAÇO. MAIS INCLUSÃO. MAIS FUTURO. As novas salas da APAE ,https://www.instagram.com/reel/DZVXanCP3zk/
17905513992413205,2026-05-02,REELS,Rural/Agro,,134,12,146,MAIS INVESTIMENTO NO CAMPO 🚜 Seguimos trabalhando e entregando result,https://www.instagram.com/reel/DX2bA8eBzyP/
18143876269390391,2025-10-31,FEED,Institucional,,142,4,146,🤝 Encontro com as lideranças do Alto Vale Reunimos lideranças da regi,https://www.instagram.com/p/DQdBPJhDRIR/
18525174658050058,2025-08-16,FEED,Institucional,,141,5,146,"✨ Nosso sábado é assim: sempre junto, sempre presente! Hoje marcando p",https://www.instagram.com/p/DNbX32JpTd9/
18187816510319195,2025-08-11,REELS,Institucional,,143,3,146,🚀O futuro da inovação já tem endereço em Tubarão: Sigma Park! 💡 🏙️ ,https://www.instagram.com/reel/DNOv9s7JGrx/
18236004316275952,2024-08-17,REELS,Institucional,,132,14,146,SC DE PERTO! 🗺️ Política é sobre se conectar verdadeiramente com cada,https://www.instagram.com/reel/C-yZL73pu2S/
18056475707329790,2025-12-18,REELS,Obras/Entregas,,135,10,145,"PAULO LOPES FAZ E FAZ RÁPIDO! 🚜💥 Obra boa é obra entregue, e Paulo L",https://www.instagram.com/reel/DSazYTEgWin/
17868875046338716,2025-03-17,REELS,Institucional,,121,24,145,"EUA ❌ CHINA, quem ganha com essa briga? 👀 Deixa sua opinião nos comen",https://www.instagram.com/reel/DHUNmaWpYYk/
18396121729065075,2023-12-17,REELS,Obras/Entregas,,124,21,145,"TUBARÃO MERECE! 🦈 No primeiro ano de mandato, conquistamos R$ 10 milh",https://www.instagram.com/reel/C09SH1fOt7w/
17983229585796745,2025-02-21,REELS,Saude,,124,20,144,MAIS RECURSOS PARA A SAÚDE DE JAGUARUNA! 🏥✅ Estive no Hospital de Car,https://www.instagram.com/reel/DGWJwgHJOuB/
18057020800945551,2024-12-31,FEED,Institucional,,137,7,144,"Foram tantos momentos que não cabem em um só álbum, obrigado 2024! 🎉 ",https://www.instagram.com/p/DEQWIQDJQqi/
18043601692431605,2023-04-12,REELS,Cultura/Tradicao,,137,7,144,Um assunto difícil: o atentado em Blumenau marcou a história de SC e e,https://www.instagram.com/reel/Cq87AUHg-9Q/
17962883762968595,2025-09-17,REELS,Institucional,,139,4,143,🚨 Notícia boa pra Gaspar! 💙 R$ 150 mil já estão garantidos para fort,https://www.instagram.com/reel/DOtg4q-gACe/
17869342095117344,2024-06-26,REELS,Obras/Entregas,,124,19,143,MAIS DE 5️⃣ MILHÕES! 🌽 TUBARÃO 📍Pavimentação da rua Adolfo José de S,https://www.instagram.com/reel/C8sNDohJJkW/
17876025393505372,2026-06-29,FEED,Institucional,sim,139,3,142,Rumo às oitavas com a nossa seleção! Que venha mais uma vitória do nos,https://www.instagram.com/p/DaLk7GBJN1h/
17885194002550245,2026-05-12,REELS,Institucional,,125,17,142,TUBARÃO MERECE MAIS! Tenho muito orgulho de representar essa cidade qu,https://www.instagram.com/reel/DYPI4gPAXfs/
18085070561091263,2025-12-10,REELS,Institucional,,134,8,142,💥 Capivari de Baixo segue avançando — e o trabalho não para! Revitali,https://www.instagram.com/reel/DSFyT4-AMnE/
18054955535416618,2026-02-06,REELS,Obras/Entregas,,136,5,141,CARRO NOVO PARA CAPIVARI DE BAIXO 🚗💪 Mais uma conquista chegando par,https://www.instagram.com/reel/DUbUjoyiahu/
18045421519464382,2023-07-19,REELS,Institucional,,123,18,141,Lutando por Laguna e fortalecendo a região! Colaborando com o desenvol,https://www.instagram.com/reel/Cu5JJL9sZBv/
17998890439773254,2023-04-21,REELS,Saude,,136,5,141,Investir em saúde é investir na população! 🏥 Fazer parte desse moment,https://www.instagram.com/reel/CrUFtc1u9HJ/
18047650903870080,2024-08-05,REELS,Saude,,123,17,140,"EXAMES EM FARMÁCIAS SANCIONADO! ✅ 🔬📋 A Lei N° 19.011, que permite a ",https://www.instagram.com/reel/C-SynpCuRnO/
18385126168036465,2023-09-27,REELS,Institucional,,131,8,139,➡️ Você sabia que um doador de órgãos e tecidos pode salvar até dez vi,https://www.instagram.com/reel/CxtfajxucWO/
18008836565608326,2025-07-26,FEED,Institucional,,135,3,138,"O trabalho não para! 🚀 Reunião importante do partido em Gravatal, reu",https://www.instagram.com/p/DMln7PPJmeG/
18056056433036335,2025-06-06,FEED,Institucional,,127,11,138,Trabalhando por SC porque nossas cidades merecem! 👊,https://www.instagram.com/p/DKkXSXCOWh7/
18423945031110492,2025-11-01,FEED,Institucional,,135,2,137,"Quando temos apoio, a caminhada fica mais fácil. E o que falar desse t",https://www.instagram.com/p/DQhVkILAJkT/
18209123872306993,2025-05-23,REELS,Institucional,,132,5,137,Boa notícia chegando pra Antônio Carlos! 🤭 R$350 mil garantidos para ,https://www.instagram.com/reel/DKALTQwO44g/
17893385039910966,2023-10-11,REELS,Saude,,118,19,137,"OUTUBRO ROSA É PREVENÇÃO! 💗 Mulheres, façam seus exames!🙌",https://www.instagram.com/reel/CyRgl_hOgK4/
18178191868254512,2023-02-15,FEED,Institucional,,123,14,137,COMISSÕES PERMANENTES DEFINIDAS ✅ Essas que expliquei um pouco serão a,https://www.instagram.com/p/CoszPUUOLdc/
18165286774346533,2025-06-12,FEED,Institucional,sim,134,2,136,E hoje é dia dos namorados. Então lá vai uma fotinho com minha companh,https://www.instagram.com/p/DK0ESEEptCT/
18443010643037782,2024-07-11,REELS,Obras/Entregas,,112,24,136,PROJETO DRAGAGEM ✅ 🌊🚢 Hoje damos um passo importante para a seguranç,https://www.instagram.com/reel/C9S8USuPyjo/
18049952635634855,2024-05-22,FEED,Saude,,131,5,136,UNIDOS PELO COMBATE AO CÂNCER🌸 Na Rede Feminina de Combate ao Câncer ,https://www.instagram.com/p/C7SNaN7JMPc/
17915272040727375,2023-05-03,REELS,Institucional,,126,10,136,"Uma homenagem simples, mas de coração ao Lar da Menina de Tubarão! 👏 ",https://www.instagram.com/reel/Cry81W5udwB/
18095148865659818,2025-09-14,REELS,Obras/Entregas,,127,8,135,🚧 MAIS UMA RUA ASFALTADA! 🛣️ Hoje é dia de comemorar: a pavimentação,https://www.instagram.com/reel/DOluzWuAPl3/
18103987951915347,2026-04-03,FEED,Institucional,,127,7,134,RECONHECIMENTO QUE NOS MOVE 💙 Recebi com muita gratidão uma moção de ,https://www.instagram.com/p/DWrzXfMAS8D/
18094544249017782,2026-04-01,REELS,Autismo/TEA,,105,29,134,"INVESTIMENTO QUE TRANSFORMA 🧩 No mês do Abril Azul, reforçamos uma pa",https://www.instagram.com/reel/DWlyjIAgJDv/
17985751028920583,2025-12-24,REELS,Institucional,sim,123,11,134,"FELIZ NATAL 🎁 ✨🎄 O Natal é tempo de sentir, agradecer e estar junto.",https://www.instagram.com/reel/DSpdWgmgM_n/
18003425057335075,2024-06-08,FEED,Institucional,,130,4,134,"Nosso pré-candidato a prefeito de Gravatal, Clei, está mais do que pre",https://www.instagram.com/p/C79lDH1Rd-6/
18400683538045004,2023-11-22,FEED,Institucional,,123,11,134,Essa é a felicidade de trabalhar com o que se gosta! 👊🏼,https://www.instagram.com/p/Cz9ghZ7OEJn/
18059783533772608,2025-01-28,REELS,Institucional,,130,3,133,Precisamos ser ouvidos! 🗣️ A bancada do sul já destinou 5 milhões pro,https://www.instagram.com/reel/DFYhVV-yXc1/
18370127020075490,2023-12-08,FEED,Institucional,,133,0,133,Papai Noel encanta e Tubarão tá encantando mais ainda! Com uma caravan,https://www.instagram.com/p/C0nH6LpuTTQ/
17882406455882375,2023-09-23,FEED,Institucional,,126,7,133,Foto para eternizar o fusca e a infância das meninas ❤️ #fusca #latave,https://www.instagram.com/p/CxjElHsO_NX/
18008485297639004,2023-05-10,REELS,Institucional,,132,1,133,TODOS CONTRA A DENGUE! 🦟 Ações simples como manter bem tampados caixa,https://www.instagram.com/reel/CsFA20iJleX/
18110499196678145,2026-05-04,REELS,Institucional,,111,21,132,ENERGIA QUE MOVE SANTA CATARINA ⚡ Hoje foi dia de reconhecer uma histó,https://www.instagram.com/reel/DX71SHmtdk6/
18090647506664109,2025-07-31,REELS,Institucional,,120,12,132,MAIS DE 2 MIL KM só essa semana!🚙💨 Precisamos estar nas cidades pra ,https://www.instagram.com/reel/DMx4WykOV8G/
17912372448156314,2025-07-29,REELS,Obras/Entregas,,126,6,132,"PÉ NA ESTRADA! 🚙🙅‍♂️ Aqui em Grão-Pará não foi diferente, emenda, in",https://www.instagram.com/reel/DMsg6UbuqM5/
18072381070551116,2024-08-15,FEED,Institucional,,128,4,132,ISSO É POLÍTICA! 👊 É fundamental visitar a região e olhar nos olhos d,https://www.instagram.com/p/C-tPndwO2Ik/
18025551596497631,2024-05-06,REELS,Autismo/TEA,,122,10,132,"Casa dos Autistas de Agrolândia! 🧩 Um trabalho lindo e emocionante, o",https://www.instagram.com/reel/C6pQ6rXuwqz/
18112332415617894,2025-12-25,FEED,Institucional,sim,120,11,131,"Que o Natal renove a fé, fortaleça a esperança e encha nossos lares de",https://www.instagram.com/p/DSr_dCWAJJG/
18022054244716881,2025-11-14,FEED,Institucional,,128,3,131,🌻 Você já deve ter visto esses cordões coloridos. Muito mais que aces,https://www.instagram.com/p/DRC2GzcAB4b/
18035415400979752,2024-06-24,FEED,Institucional,,125,6,131,Precisamos de atenção ao desenvolvimento das nossas cidades! 👊,https://www.instagram.com/p/C8mRCRXPxig/
18002728943238998,2024-03-17,REELS,Institucional,,124,7,131,Um pouco de eleições nesse bate-papo com a @unitvsc 🙌,https://www.instagram.com/reel/C4oYWzsOsS8/
18089194139530978,2026-07-09,REELS,Obras/Entregas,,106,24,130,"TUBARÃO EM OBRAS 🚧 Trabalho duro, resultado aparecendo e obras saindo",https://www.instagram.com/reel/DallnYmORzx/
18104084869477816,2025-06-23,REELS,Obras/Entregas,,122,8,130,"Falou em buscar mais recursos pra nossa região, eu já tô pronto! 🛵",https://www.instagram.com/reel/DLQp3AFJ65n/
18063779623906883,2025-02-18,FEED,Institucional,,125,5,130,COMPROMISSO COM O DESENVOLVIMENTO 💪 Ao lado do governador @jorginhome,https://www.instagram.com/p/DGOkMhzp_9h/
18125078173343512,2024-04-16,REELS,Autismo/TEA,,118,12,130,À DEDICAÇÃO DAS FEAMAS COM AS PESSOAS COM TEA! 👏 É isso que homenagea,https://www.instagram.com/reel/C5zVVn8OEuf/
17926093847853906,2024-04-07,FEED,Institucional,,120,10,130,Sabemos a censura e a arbitrariedade que estamos vivendo. Só não vê qu,https://www.instagram.com/p/C5eXn5fOhpw/
17997782018773670,2025-03-06,REELS,Institucional,,113,16,129,Nosso gabinete está sempre de portas abertas para você! 🎯 Venha nos v,https://www.instagram.com/reel/DG3qT-JJBKV/
18003771740343892,2024-07-04,REELS,Atualidades,,116,13,129,UM RECADO AO STF 💥 O congresso nacional deve legislar sobre esse tema,https://www.instagram.com/reel/C9A_bMtpnEr/
18061582867577468,2024-05-26,REELS,Institucional,,117,12,129,"MAIO LARANJA, CONSCIENTIZE-SE! 🧡 Precisamos nos unirmos contra o abus",https://www.instagram.com/reel/C7by435OOYU/
18013743733557868,2023-03-15,REELS,Obras/Entregas,,120,8,128,🗣️ REDRAGAGEM DO RIO TUBARÃO! Lembrar da data de 24 de março é reaviv,https://www.instagram.com/reel/Cp1Bu_krsoT/
17946235716035830,2026-07-13,FEED,Institucional,sim,108,19,127,O TRABALHO NÃO PARA NEM NO ANIVERSÁRIO! 🎉 Hoje é dia de comemorar mai,https://www.instagram.com/p/DawFfJXNj--/
18083199715607574,2025-02-10,REELS,Obras/Entregas,,119,8,127,🗣️Estamos esperando ansiosos pelo projeto da Redragagem. É uma luta c,https://www.instagram.com/reel/DF6JMYIJGs2/
18443004073001088,2024-07-01,FEED,Institucional,,118,9,127,Sempre em defesa da INCLUSÃO! 🙌,https://www.instagram.com/p/C84SmSyNvrG/
18051633685480368,2023-09-14,FEED,Institucional,,122,4,126,Visita na Embaixada Brasileira! 🇧🇷 Muito bem recebido pelo Ministro ,https://www.instagram.com/p/CxLz_J6OIlz/
18057262370732085,2026-06-13,REELS,Rural/Agro,,116,9,125,MEU PALPITE TÁ AÍ! 🇧🇷 O Brasil entra em campo… e aqui quem sai ganha,https://www.instagram.com/reel/DZiTR5cu6-s/
18071655232483426,2024-07-30,FEED,Institucional,,123,2,125,Qual time você está? 👀 Não é só a Manu que tá louca pra acompanhar to,https://www.instagram.com/p/C-DxJYnJ3Au/
18001155233456291,2024-02-17,FEED,Institucional,,112,13,125,"🛣 JAGUARUNA, GAROPABA E IMBITUBA PRECISAM DE ATENÇÃO! 👀 Melhorando o",https://www.instagram.com/p/C3c5P7jCtuR/
17982698354236356,2023-09-16,REELS,Educacao,,121,4,125,➡️ Acessar o site da biblioteca Oliveira Lima e conheça esse acervo in,https://www.instagram.com/reel/CxRHTJfO2Wx/
18072122804199977,2026-03-14,FEED,Institucional,,100,24,124,JUSTIÇA PARA O CASO ORELHA! 🚨 Votei SIM pela federalização do Caso Or,https://www.instagram.com/p/DV3VpfeAM5g/
17912594229156081,2025-07-07,REELS,Institucional,,117,7,124,E vamos pra mais uma semana abençoada! 🙏🚀,https://www.instagram.com/reel/DLztJZSOTro/
17991405008354384,2024-02-20,REELS,Institucional,,108,16,124,A capital da Baleia-Franca chegou por aqui! 🐋 400 mil reais em invest,https://www.instagram.com/reel/C3lNLU1uaD3/
17915058927061181,2025-01-27,REELS,Obras/Entregas,,116,7,123,"📍RIO FORTUNA 👏 Recurso enviado, obra pronta e a gente fiscalizando d",https://www.instagram.com/reel/DFVcfQ7uRFI/
18128007958362070,2024-07-16,REELS,Institucional,,106,17,123,Político só dá as caras em época de eleição? 👀 AQUI NÃO TEM ESSA! 👊 ,https://www.instagram.com/reel/C9fepkju1dF/
17964170006615209,2023-08-11,REELS,Educacao,,113,10,123,"Sou advogado e já fui estudante por muito tempo.📚 Aliás, na vida públ",https://www.instagram.com/reel/CvzURY5ukfj/
17844439034957957,2023-03-15,FEED,Obras/Entregas,,119,4,123,"O projeto da Redragagem do Rio Tubarão tem que sair do papel, já que e",https://www.instagram.com/tv/Cp0lJ8doMGC/
18082583467928391,2025-09-07,REELS,Institucional,,112,10,122,🇧🇷 ORGULHO DE SER BRASILEIRO O 7 de Setembro é um momento de união e,https://www.instagram.com/reel/DOTpn9Wjdfb/
18344010274151684,2025-02-12,REELS,Institucional,,116,6,122,"NOSSA LUTA CONTINUA: FILAS, NÃO! 💥 CCR precisa seguir o contrato e re",https://www.instagram.com/reel/DF-qmxtuyk-/
17995264138838975,2023-04-11,FEED,Educacao,,113,9,122,Hoje tivemos a reunião de líderes sobre a Segurança Pública nas escola,https://www.instagram.com/p/Cq6V9eQufSi/
18045077033616741,2025-05-15,FEED,Institucional,,117,4,121,ESTÁGIO VISITA DA ALESC 🚀 Uma experiência única no coração do parlame,https://www.instagram.com/p/DJrxrB0p7S-/
17976352304290615,2023-04-09,FEED,Institucional,sim,117,4,121,É tempo de celebrar a vida! Feliz Páscoa! ✨,https://www.instagram.com/p/Cq0KQsXOnHT/
17892785843942233,2023-12-04,FEED,Institucional,sim,116,4,120,Parabéns a Luciana Ceretta por receber o título de cidadã catarinense ,https://www.instagram.com/p/C0cwUJru-Vj/
18365448976151131,2025-08-13,REELS,Institucional,,114,5,119,Trabalhamos muito e com sorriso no rosto porque fazemos o que a gente ,https://www.instagram.com/reel/DNTwHkYJn4G/
18012777398535033,2025-05-13,FEED,Institucional,,113,6,119,UNIÃO PROGRESSISTA! ⤴️ Deixe sua dúvida aqui🙌,https://www.instagram.com/p/DJmpZLWJKWU/
18026994659437276,2025-04-14,REELS,Institucional,,111,8,119,"MORRO DOS CAVALOS VAI TRANCAR DE NOVO? 👀 Com as chuvas, o trecho volt",https://www.instagram.com/reel/DIbw60lO7Xl/
18308146261191103,2023-11-15,FEED,Esporte,,117,2,119,INCENTIVAR CRIANÇAS AO ESPORTE! ⚽️🥎🏃 É isso que aprendi com meus ano,https://www.instagram.com/p/CzrSti_u3RO/
18070245856406831,2023-08-29,FEED,Institucional,,118,1,119,"+ um dia de trabalho, + um dia corrido, com a certeza de estar no cami",https://www.instagram.com/p/CwixX6LOY51/
17993396914819727,2023-05-17,FEED,Obras/Entregas,,112,7,119,Uma obra tão importante quanto a Rodovia Ageu Medeiros deve ter sua de,https://www.instagram.com/tv/CsW2MW1oaca/
18088031320581318,2025-03-14,FEED,Institucional,,110,8,118,TAVA TRABALHANDO POR SC 🫡🚀 Os catarinenses merecem nossa dedicação m,https://www.instagram.com/p/DHMPKNLp3yu/
17973933017824137,2025-02-26,FEED,Institucional,,115,3,118,Bancada Progressistas sempre unida! 🚀🎯 📸 @brunocollaco,https://www.instagram.com/p/DGjWBgOpY4Z/
18029998100262850,2024-09-03,REELS,Institucional,,114,4,118,PROJETO DA REESTRUTURAÇÃO DO PORTO DE LAGUNA ✍️ Nossa Bancada do Sul s,https://www.instagram.com/reel/C_eGg3hy3Rp/
18163721599429965,2026-05-24,FEED,Cultura/Tradicao,,115,2,117,FORTALECENDO NOSSAS RAÍZES 🌾✨ Que alegria participar dessa linda feir,https://www.instagram.com/p/DYvNMOEAP9N/
17858706549405553,2025-04-22,FEED,Autismo/TEA,,105,12,117,ABRIL AZUL 🩵 Defendendo o autismo por mais inclusão!,https://www.instagram.com/p/DIw7aPjJaLp/
18354301483138117,2024-09-25,FEED,Institucional,,108,9,117,APOIE NOSSO TIME! 1️⃣1️⃣✅,https://www.instagram.com/p/DAV7uqrulM0/
18079990603421130,2024-04-25,REELS,Institucional,,106,11,117,ATENÇÃO! 👀 O projeto do Morro dos Cavalos está recebendo atenção prio,https://www.instagram.com/reel/C6MxqZGu7nT/
17917262102902179,2024-03-26,FEED,Institucional,,110,7,117,"Progressistas, em frente! 🚀 #progressistas #progressistassc #pepecoll",https://www.instagram.com/p/C4_cUbsOppS/
17978664782065192,2023-05-23,FEED,Institucional,sim,114,3,117,"Quero desejar um feliz aniversário pro companheiro de partido, amigo e",https://www.instagram.com/p/CsmbkoluKXr/
18338110306164475,2025-08-03,FEED,Obras/Entregas,,111,5,116,"NA ESTRADA! 🚙💨🙅‍♂️ Essa semana foi de estrada, encontros e escutand",https://www.instagram.com/p/DM5ykF-JsLf/
17970293516602549,2024-05-20,FEED,Autismo/TEA,,106,10,116,INSCRIÇÕES ESTÃO ABERTAS! 💥🧩 Seminário Estadual de Autismo - diagnós,https://www.instagram.com/p/C7NMjd0uTPu/
17858313666113303,2024-03-22,REELS,Institucional,,109,7,116,MAIS DE 800 PESSOAS! ✨🧩 A cidade de Tubarão discutiu e aprendeu sobre,https://www.instagram.com/reel/C40464BO-Sg/
17994068918366129,2023-11-07,REELS,Obras/Entregas,,111,5,116,2️⃣OBRAS IMPORTANTES!⬇️ 🛣️ Repasse para revitalização do acesso Sul d,https://www.instagram.com/reel/CzWXvGfOi3b/
17937541268680143,2023-06-30,FEED,Atualidades,,64,52,116,Quero muito saber sua opinião sobre isso! Deixa aqui! ⬇️ #bolsonaro #l,https://www.instagram.com/p/CuH7dhQuME2/
18058266275395424,2026-03-05,FEED,Institucional,,100,15,115,Por que todas as mensagens trocadas entre Moraes e Vorcaro eram apagad,https://www.instagram.com/p/DVhQoOWgP7x/
18068490251129438,2025-12-23,REELS,Institucional,,114,1,115,Mais um importante equipamento entregue através do nosso mandato! 💪🚜,https://www.instagram.com/reel/DSnD0FWgOpD/
17855634507446603,2025-06-10,REELS,Institucional,,105,10,115,APROVADO NA CCJ ✅ Agora nosso projeto irá pras próximas comissões. Seg,https://www.instagram.com/reel/DKvKD2wp8m6/
18051156997809687,2024-07-28,FEED,Institucional,,98,17,115,PRONTOS PARA FAZER A DIFERENÇA! 🚀 As convenções confirmam: a campanha,https://www.instagram.com/p/C9-uXNcJqWi/
17983734890686239,2024-07-08,REELS,Educacao,,98,17,115,TRANSFORMAÇÃO SOCIAL 👏 🌟 Hoje encerramos o ciclo de seminários sobre,https://www.instagram.com/reel/C9LBw85J9_n/
17872569948578753,2026-03-26,REELS,Institucional,,106,8,114,#TBT QUE VIRA COMPROMISSO 🐾 Hoje é dia de lembrar… mas também de refo,https://www.instagram.com/reel/DWXZ9N9DTsn/
18034296971380057,2024-12-15,REELS,Institucional,,113,1,114,Making off da série Senna!!!,https://www.instagram.com/reel/DDmiJRKuvXL/
17965722428687710,2024-11-07,REELS,Institucional,,105,9,114,"Boas notícias para Santa Catarina! 📰🚀 A empresa argentina IMAP, espe",https://www.instagram.com/reel/DCFo83RuVwA/
17952193286695055,2023-10-26,REELS,Institucional,,108,6,114,EM DEFESA DOS CATARINENSES! 🫡 No debate sobre os fenômenos climáticos,https://www.instagram.com/reel/Cy4BLR7Oi1u/
18037902010463838,2023-05-18,REELS,Obras/Entregas,,108,6,114,Defendo a pavimentação da Rodovia Ageu Medeiros com unhas e dentes! 💪,https://www.instagram.com/reel/CsZjeJqpjV1/
17907651342183719,2025-07-04,FEED,Institucional,,102,11,113,PRA CIMA FLUMINENSE! Hoje o clima é esse e não tem jeito: EU VOU FICAR,https://www.instagram.com/p/DLsjV-AJyvL/
17983514900399480,2023-10-07,REELS,Institucional,,107,6,113,CUIDE-SE! ☔️As chuvas estão se agravando em todo o estado. Estou em co,https://www.instagram.com/reel/CyGNC9GOl4y/
17989094945082662,2023-06-12,FEED,Institucional,,105,8,113,Nós! ♥️ @brubrunelcollaco,https://www.instagram.com/p/CtZ92ktJi5B/
17973431757097511,2026-07-06,REELS,Educacao,,96,16,112,"UNIFORME É DIGNIDADE! 🧥📚 Em Painel, tivemos a alegria de participar ",https://www.instagram.com/reel/Dadyg4DpJ2-/
18118406194395961,2024-10-12,FEED,Institucional,sim,112,0,112,Feliz dia das crianças! 🫶,https://www.instagram.com/p/DBBruQ_OApq/
17998037021107241,2023-09-01,REELS,Institucional,,109,3,112,CONEXÃO ENTRE POLÍTICOS E EMPREENDEDORES! 🤝 Os modais auxiliam o dese,https://www.instagram.com/reel/CwqiPpaOxLJ/
17974284401142085,2023-05-30,FEED,Institucional,,110,2,112,"✨ Como regionalista comprometido, estou empenhado em transformar proje",https://www.instagram.com/p/Cs4lAGypeH1/
17994029038756371,2023-05-02,FEED,Institucional,,109,3,112,✈️AEROPORTO REGIONAL DE JAGUARUNA! ⬆️ Arrasta pro lado e confere. ✅ #a,https://www.instagram.com/p/CrwKNe1uVX9/
18249990328249093,2024-09-15,REELS,Institucional,,99,12,111,VALORIZAR A NOSSA REGIÃO!🌍✨ É sobre unir forças para o desenvolviment,https://www.instagram.com/reel/C_8RYnbuztJ/
17995660532380398,2024-04-18,REELS,Educacao,,101,10,111,🌟INVESTIMENTO EM INCLUSÃO! Apae de Capivari de Baixo está fazendo um ,https://www.instagram.com/reel/C56zooQOaA9/
18035675533564914,2023-09-28,REELS,Institucional,,105,6,111,🗣️PREFEITOS E VICES! Nosso mandato tem que ter a participação de noss,https://www.instagram.com/reel/CxwAer4uI_q/
17938319561667552,2023-06-01,REELS,Institucional,,101,10,111,O poder transformador da adoção! 💙✨ Debater sobre esse tema tão impor,https://www.instagram.com/reel/Cs9WZ6FNln_/
18049256462695352,2026-02-02,REELS,Institucional,,103,7,110,TRABALHO SEM PAUSA 🚧✈️ Praia? Quase não se vê… Quando o compromisso é,https://www.instagram.com/reel/DURbC3cAEh2/
18111238474581475,2025-11-01,REELS,Institucional,,103,7,110,💬 Uma das melhores partes de ser deputado é poder lutar pelos municíp,https://www.instagram.com/reel/DQhyniJAWtr/
18150438484361562,2025-02-20,FEED,Institucional,,106,4,110,📌 É nas comissões que analisamos os projetos! Antes de uma lei ser ap,https://www.instagram.com/p/DGTxoQOyDgf/
18079520242882866,2025-10-31,REELS,Institucional,,102,7,109,Prestando contas em Gaspar! Seguimos com o compromisso de estar perto ,https://www.instagram.com/reel/DQeB7ucgDU8/
18052103236577090,2024-05-13,FEED,Institucional,,99,10,109,Sofremos com medidas unilaterais que não levam em consideração as comu,https://www.instagram.com/p/C667RYJu3Jj/
17885436431959767,2023-11-17,REELS,Autismo/TEA,,104,5,109,DEFENDO E ME EMOCIONO EM DEFESA DA PESSOA COM ESPECTRO AUTISTA! 🧩🤝 A,https://www.instagram.com/reel/CzunVEiIuHQ/
17905623456185498,2026-02-04,REELS,Obras/Entregas,,104,4,108,"OBRA QUE TRANSFORMA VIDAS EM IÇARA 🚧 A Rua 17 de Dezembro, no Loteame",https://www.instagram.com/reel/DUVuUh_gCd0/
17916737262131464,2025-07-15,REELS,Institucional,,97,11,108,📍 Capivari de Baixo precisa de reforço no Judiciário! Hoje levamos ao,https://www.instagram.com/reel/DMIzO3PucMt/
18019162729601083,2023-06-02,REELS,Cultura/Tradicao,,98,10,108,A ADOÇÃO DESPERTA SORRISOS! 👏😃 O seminário de adoção foi um sucesso ,https://www.instagram.com/reel/CtATc55semj/
17864449188629223,2026-05-29,REELS,Obras/Entregas,,102,5,107,"ONDE A DONA ALZA FALOU, TÁ FALADO! 🚜🛣️ Mais uma conquista importante",https://www.instagram.com/reel/DY72zyzOl2L/
17994435353430689,2024-04-30,REELS,Institucional,,90,17,107,GAFE COMETIDA! 👀 Mas 100 mil foram destinados a rede feminina! 💖 Nos,https://www.instagram.com/reel/C6Y1LUIuRhS/
18190302202314986,2026-03-06,REELS,Institucional,,90,16,106,COMUNIDADE UNIDA 🤝 Foi uma alegria participar da inauguração do Centr,https://www.instagram.com/reel/DVi7hANjcWN/
18061967650981168,2025-03-20,FEED,Institucional,,103,3,106,SAUDADES MINHAS MENINAS 💕 Papai já tá chegando e com novidades pra to,https://www.instagram.com/p/DHb-0KUO2Xk/
18041457665033379,2024-12-25,FEED,Institucional,sim,100,6,106,FELIZ NATAL! 🎁🎄,https://www.instagram.com/p/DEAL9DjOPVD/
17860258446146821,2024-07-15,FEED,Institucional,,91,15,106,DESENVOLVIMENTO LOCAL 🚧 É fundamental que nossas comunidades sejam es,https://www.instagram.com/p/C9cjsT3JAxX/
18087066406435724,2024-04-26,REELS,Saude,,96,10,106,🏥A defesa do Hospital Nossa Senhora da Conceição é crucial diante das,https://www.instagram.com/reel/C6PDviFOWi4/
17973538007439734,2023-10-20,REELS,Institucional,,99,7,106,ARREGAÇANDO AS MANGAS EM CRICIÚMA! 👊🏼 Um dia lotado de agendas por C,https://www.instagram.com/reel/CyoyHq7OHUL/
17892205161281065,2025-07-28,FEED,Esporte,,93,12,105,"🏃‍♀️⚽ O esporte transforma, inspira e ensina. É no jogo, na disciplin",https://www.instagram.com/p/DMqkJhaJLFn/
18032916341372165,2025-05-20,REELS,Institucional,,94,11,105,PRESTAÇÃO DE CONTAS NA ACIT ✍️ Mais de R$ 56 milhões investidos no Sul,https://www.instagram.com/reel/DJ413Y1pibY/
18063081418983428,2025-03-29,FEED,Cultura/Tradicao,,102,3,105,LA BELLA POLENTA! 🍽️🇮🇹 Nada como uma boa polenta pra esquentar o co,https://www.instagram.com/p/DHyRBGBOa-4/
17962303685696046,2024-01-11,FEED,Institucional,,104,1,105,PRA COMEÇAR O ANO INSPIRADO! 🌸💪 Elas que apoiam umas as outras em mo,https://www.instagram.com/p/C19n2GTK55o/
17982336508976677,2023-05-11,FEED,Saude,,99,6,105,"Unidos pela saúde pública, Zé Gotinha, eu e o Deputado Napoleão estamo",https://www.instagram.com/p/CsHT8q_uPci/
18004115464640861,2023-04-06,FEED,Institucional,,96,9,105,Um #tbt recente e marcante de inclusão.🧩 Nosso evento de lançamento d,https://www.instagram.com/p/CqtdthmOsca/
17898461054854258,2023-09-15,REELS,Institucional,,100,4,104,➡️As políticas públicas são fundamentais para alcançar os melhores res,https://www.instagram.com/reel/CxOlOj_uiUd/
18051804830535729,2026-07-15,FEED,Obras/Entregas,,94,9,103,🚧 A SOLUÇÃO QUE O SUL DE SC PRECISA A interdição da Ponte Anita Garib,https://www.instagram.com/p/Da09rj3oIHb/
18179658466375096,2026-07-10,FEED,Rural/Agro,,101,2,103,Vai uma cuca quentinha aí? 😋 A FEAGRO já está movimentando Braço do N,https://www.instagram.com/p/DaoHcxAJg_X/
18119722759752639,2026-06-19,REELS,Rural/Agro,,95,8,103,O BRASIL ENTRA EM CAMPO. QUEM GANHA É A NOSSA REGIÃO 🇧🇷⚽ Hoje a sele,https://www.instagram.com/reel/DZxrSvfMEvq/
17948534988089425,2026-01-19,REELS,Obras/Entregas,,98,5,103,A MELHOR COISA QUE TEM: Ver a obra pronta do recurso que enviamos! 🚀 ,https://www.instagram.com/reel/DTsZKEEgHwo/
18111932266559003,2026-01-04,FEED,Atualidades,,85,18,103,🇻🇪 VENEZUELA: DO OURO NEGRO À CRISE HUMANITÁRIA 🛢️🔥 Já foi chamada,https://www.instagram.com/p/DTGOIhkgN1D/
17928987698935529,2025-05-05,FEED,Institucional,,96,7,103,Política de verdade é assim! 🎯,https://www.instagram.com/p/DJSlu47pky0/
18060331702956424,2025-02-25,REELS,Institucional,,97,6,103,"Direto da Eikto, a maior empresa de baterias de lítio do MUNDO! 🌍🔥 ✅",https://www.instagram.com/reel/DGgQ44GJ5LW/
17943383852867798,2024-10-25,REELS,Institucional,,99,4,103,Trabalhando pelo Sul de Santa Catarina! 💪 Questionamos o andamento da,https://www.instagram.com/reel/DBjX19IuNkg/
17969281775480698,2023-10-06,REELS,Institucional,,98,5,103,"SALVAR VIDAS NÃO É PRA QUALQUER UM! 🚒👩‍🚒 Ver de perto a dedicação, ",https://www.instagram.com/reel/CyEqqN-O_6g/
17931738071607010,2023-06-09,REELS,Institucional,,101,2,103,"Nada de FERIADO! 😱 Trabalhando a toda hora, em todo lugar, os momento",https://www.instagram.com/reel/CtSRxrPJB3i/
17942776067513010,2023-05-14,FEED,Institucional,,97,6,103,Nossa Manu e Lelê têm muita sorte em ter uma mãe como você. És uma mãe,https://www.instagram.com/p/CsOelLPOFFr/
17874186462532390,2026-02-19,FEED,Obras/Entregas,,100,2,102,O trabalho não para e as entregas também não! 😉,https://www.instagram.com/p/DU9BO4LAbef/
18485448172060293,2025-02-15,FEED,Institucional,,96,6,102,NOSSA DEFESA PELO CARATINENSE NAS FILAS! 🛣️💥 Arrasta pro lado e conf,https://www.instagram.com/p/DGGRg2bON5-/
17939682827591684,2023-07-20,REELS,Obras/Entregas,,102,0,102,Na Barra do molhes só deu frio e botos! 🥶🐬 📍 Laguna #laguna #moles ,https://www.instagram.com/reel/Cu7k5VNsjxh/
17934451457677851,2023-06-21,REELS,Saude,,96,6,102,"🎀Mulheres inspiradoras da Rede Feminina do Câncer, unidas em busca de",https://www.instagram.com/reel/CtxQTnsLzV_/
18153553147427809,2026-01-23,REELS,Obras/Entregas,,93,8,101,🚀 Rio Fortuna segue avançando! Mais investimentos chegando para fazer,https://www.instagram.com/reel/DT2e9D7gLOL/
18214791166308873,2025-11-08,FEED,Autismo/TEA,,92,9,101,•• O Censo do Autismo não é estatística — é dignidade! A invisibilidad,https://www.instagram.com/p/DQzrj1lEQ6N/
17984909192427526,2024-01-24,FEED,Institucional,,89,12,101,PALAVRA CUMPRIDA! 🤝 Capivari de Baixo vai receber R$ 2 milhões para o,https://www.instagram.com/p/C2f3Gnsu3Bi/
18077222464384087,2023-08-17,REELS,Institucional,,99,2,101,Vereador Mirim! Essa é uma das formas de incentivarmos as crianças a p,https://www.instagram.com/reel/CwD8fl3ouqz/
18008659655545820,2024-08-04,FEED,Esporte,,97,3,100,APOIANDO AO ESPORTE! 🏆 Taça de Vice-Campeão entregue ao time do Santo,https://www.instagram.com/p/C-QrFJWpoBU/
17997276773047633,2023-08-03,FEED,Institucional,,93,7,100,Rebobina pro primeiro dia! 🔚 Me peguei pensando que já se foram 6 mes,https://www.instagram.com/p/Cvf0ISxOX2a/
17962718861376510,2023-04-05,FEED,Institucional,,95,5,100,Estamos de #Luto 🖤 que Deus conforte as famílias.,https://www.instagram.com/p/CqqGFTxO35R/
17877620828834512,2023-03-17,REELS,Institucional,,93,7,100,"Uma semana em 30 segundos! 🚀 Trabalho, reuniões, sessões, eventos, at",https://www.instagram.com/reel/Cp5yaxxD5rt/
17880373440461396,2026-02-03,FEED,Institucional,,91,8,99,ANO LEGISLATIVO COMEÇOU NA ALESC ▶️ O ano legislativo começou oficialm,https://www.instagram.com/p/DUTx445AXqf/
18003089000101150,2023-10-01,REELS,Institucional,,92,7,99,"➡️VEREADOR, esse post é pra você!😜 Gratidão pelo seu compromisso em t",https://www.instagram.com/reel/Cx2xTk6uK69/
17951285429608964,2023-04-27,REELS,Institucional,,96,3,99,AEROPORTO REGIONAL DE JAGUARUNA ✈️ Com uma média de 11 mil passageiros,https://www.instagram.com/reel/CrjovNVtJzf/
17905467252203575,2026-03-07,REELS,Atualidades,,94,4,98,O MAIOR ESCÂNDALO DA REPÚBLICA? O caso do Banco Master é um absurdo. P,https://www.instagram.com/reel/DVlrAdIjUL-/
18086750662753034,2025-10-24,REELS,Obras/Entregas,,92,6,98,CHEGAMOS EM TREZE TÍLIAS! Foram destinados R$ 200 mil para a pavimenta,https://www.instagram.com/reel/DQMtP3cAAd9/
18005543161783914,2023-06-13,REELS,Institucional,,98,0,98,"A correria entre audiências, Plenário e CCJ - tudo em modo turbo - enf",https://www.instagram.com/reel/CtclQhMJNzC/
17871529817912501,2023-05-26,REELS,Educacao,,95,3,98,Foi importante para minha formação como homem e como profissional! ✍🏼,https://www.instagram.com/reel/CstvVSKRaHm/
18438926680047325,2024-07-03,REELS,Saude,,88,9,97,"PROJETO EXAMES NAS FARMÁCIAS, aprovado! ✅ Facilitar a vida do catarine",https://www.instagram.com/reel/C8-RWZJpSYO/
17982110660157834,2023-05-08,REELS,Institucional,,93,4,97,"AMPLIAÇÃO DO PORTO! R$ 92 milhões para o Cais 3, custeado pela SCPAR, ",https://www.instagram.com/reel/Cr_1jTPMFd-/
17897901354450290,2026-05-22,REELS,Obras/Entregas,,90,6,96,"MAIS QUALIDADE DE VIDA! 🚧👏 A Rua do Teixaco, em Braço do Norte, vai ",https://www.instagram.com/reel/DYpVlVOAFlj/
18386796589156322,2026-03-15,REELS,Institucional,,83,13,96,É UMA HONRA! 🤝 É uma honra receber o reconhecimento como o deputado q,https://www.instagram.com/reel/DV7Io-KjQU4/
18110509987759914,2026-03-15,REELS,Autismo/TEA,,87,9,96,AUTISMO É PRIORIDADE 💙 Participei da inauguração da AMA em Rio Rufino,https://www.instagram.com/reel/DV6jzptANP3/
18028989764579230,2025-12-27,FEED,Obras/Entregas,,86,10,96,"UM ANO INTEIRO DE ENTREGA 🚀 Foram 12 meses de correria, de estrada, d",https://www.instagram.com/p/DSx3HdPAVKa/
18056067281625456,2025-09-22,FEED,Institucional,,92,4,96,Notícias da semana! 👀🗞️,https://www.instagram.com/p/DO6-_d4jbKq/
18059471525203908,2025-07-01,REELS,Obras/Entregas,,94,2,96,CAMINHOS DO MAR! 🌊 O asfaltamento da estrada que liga Passo de Torres,https://www.instagram.com/reel/DLkcITPuO9M/
18111134578432461,2024-12-11,REELS,Rural/Agro,,94,2,96,🚀OVINOCAPRINOCULTURA VALORIZADA! 🐑🐐 🌱 Potencial incrível para cres,https://www.instagram.com/reel/DDdIiqlOO5U/
17947159436419076,2023-03-09,FEED,Institucional,,90,6,96,Não podemos esperar as épocas de chuvas e enchentes para falar de um a,https://www.instagram.com/p/CplRgr0uLPW/
17997698569770700,2023-06-07,FEED,Institucional,,94,1,95,Meio ano se foi num piscar de olhos! 😮✨ 2023 tem sido intenso e reple,https://www.instagram.com/p/CtNCRDvuFBI/
17993603386743723,2023-04-26,FEED,Institucional,,90,5,95,ATENDIMENTOS ✅ Que correria boa do dia a dia atender todos que procura,https://www.instagram.com/p/Crg6hapO7kn/
18129305020383086,2024-11-28,FEED,Institucional,,94,0,94,SESSÃO ITINERANTE! ✅ Finalizamos com sucesso nossas sessões itinerante,https://www.instagram.com/p/DC6v2oJOWbk/
18031616897154388,2024-08-10,REELS,Institucional,,89,5,94,Mais de 8 municípios visitados em 36h! ✅ Um roteiro de sucesso onde ve,https://www.instagram.com/reel/C-gh6MMuEjU/
17999451874747895,2023-04-18,FEED,Obras/Entregas,,92,2,94,EM DEFESA DE TUBARÃO! 🦈 Buscamos recursos para sanar problemas que im,https://www.instagram.com/p/CrMWy7rOfh7/
17894954570908117,2023-10-18,REELS,Institucional,,91,2,93,EMOCIONANTE 🌸🎗️ Mulheres incríveis soltaram a voz em aplausos às red,https://www.instagram.com/reel/CyjmaP_OoWG/
18001509205858783,2023-06-14,REELS,Autismo/TEA,,89,4,93,LEVANTANDO A BANDEIRA DO AUTISMO 🧩 Com instituições apaixonadas pela ,https://www.instagram.com/reel/CtfJdlRLa47/
18051274577407810,2025-08-06,REELS,Institucional,,88,4,92,"Com orgulho e gratidão, aprovamos a homenagem ao Movimento Escoteiro e",https://www.instagram.com/reel/DNB6yvkptFR/
17963201744596197,2023-06-22,FEED,Educacao,,89,3,92,Uma manhã diferente com a Turma do Terceirão da escola Saul Ulysséa fa,https://www.instagram.com/p/Ctzwi9DOpDn/
18038085310415927,2023-03-31,FEED,Institucional,,82,10,92,Fique atento: a segunda edição da Sessão Azul em Tubarão acontece ness,https://www.instagram.com/p/CqdoRWLuDze/
18021265124687162,2026-07-02,FEED,Institucional,,79,12,91,"🏆 COMO NA COPA, ANTES DA DECISÃO, TEM A CLASSIFICAÇÃO. Na Assembleia ",https://www.instagram.com/p/DaTYV77iV-C/
18009298289863585,2026-05-26,FEED,Institucional,,76,15,91,Tem coisa que só quem é Catarina compreende. E a gente tem orgulho de ,https://www.instagram.com/p/DYzsqQ2gO3n/
18124435768439845,2025-05-19,REELS,Institucional,,84,7,91,PepêReborn em ação pra mostrar como se faz política: Prestando Contas ,https://www.instagram.com/reel/DJ2L2MWJKqq/
17990324624486436,2024-05-01,FEED,Institucional,sim,83,8,91,TRABALHO SÉRIO E COMPROMETIDO! 💪 No dia do trabalhador venho prestar ,https://www.instagram.com/p/C6bkjs8uPsE/
18355418164055939,2023-04-14,FEED,Institucional,,89,2,91,"🗣️Temos muitas pautas que merecem atenção no âmbito regional. E, como",https://www.instagram.com/p/CrCCGtCOmrr/
18266308366226903,2024-05-03,FEED,Institucional,,85,5,90,"ESTAMOS PREPARADOS! 💪 A cada evento realizado, um grupo está preparad",https://www.instagram.com/p/C6hJ6jpPHvS/
18084578854342430,2023-05-01,FEED,Institucional,,86,4,90,"🤝A todos os trabalhadores que se dedicam, exercem suas profissões com",https://www.instagram.com/p/CrtL2s_ueUO/
17992933517421541,2024-04-09,FEED,Institucional,,77,12,89,MINHA PARTE FAVORITA! 👀 A Comissão de Constituição e Justiça desempen,https://www.instagram.com/p/C5jhdTkOEiB/
17877744140891753,2023-08-31,REELS,Institucional,,84,5,89,Não poderia ficar fora dessa! 😉✅✌🏼,https://www.instagram.com/reel/Cwn2z2konUX/
18100527040436817,2024-08-31,REELS,Institucional,,76,12,88,"🚀 Agosto foi uma correria daquelas! 🌪️ Visitando mais de 50 cidades,",https://www.instagram.com/reel/C_WcqmgOGgn/
18249194839240508,2024-02-09,REELS,Institucional,,78,10,88,"“NÃO TEM BURACO, NÃO TEM LAMA E NEM POEIRA” - Roseli Camilo, moradora ",https://www.instagram.com/reel/C3JJqGEuenO/
18286904938154043,2023-12-04,FEED,Institucional,,78,10,88,Notícia Boa a gente compartilha! ✌🏼😉,https://www.instagram.com/p/C0cGj5vux22/
17973900398555091,2023-10-03,REELS,Obras/Entregas,,87,1,88,"Um dia repleto de desafios e conquistas, onde o esforço e a dedicação ",https://www.instagram.com/reel/Cx85QdiOm4m/
17975899283522483,2023-08-12,FEED,Institucional,,81,7,88,PROGRESSISTAS UNIDOS! 🩵 A reunião em Araranguá foi linda e evidenciou,https://www.instagram.com/p/Cv2IHs8O5bA/
18077805614120934,2025-10-12,REELS,Institucional,sim,83,4,87,🌈 Feliz Dia das Crianças! Que todas as crianças possam sentir a alegr,https://www.instagram.com/reel/DPtoAm2DaIS/
18052754606512499,2025-02-22,FEED,Institucional,,80,7,87,Arrasta pro lado e confira as notícias da semana! 💪🚀,https://www.instagram.com/p/DGYr7uFpRnS/
17993719979197271,2023-12-07,REELS,Institucional,,85,2,87,"🚨Atenção, organizações da sociedade civil! O Governo está com inscriç",https://www.instagram.com/reel/C0jX2iwumC4/
18030158554531777,2023-06-27,REELS,Saude,,84,3,87,SAÚDE É VIDA! ♥️ Investir nessa área é investir em todos nós. Hospitai,https://www.instagram.com/reel/CuAqK5duYua/
18099978394766972,2026-03-22,REELS,Institucional,,78,8,86,ENERGIA SOLAR PARA QUEM SALVA VIDAS ☀️❤️ Reduzir custos e dar mais fôl,https://www.instagram.com/reel/DWMlY0GgGV-/
18056565071467436,2026-03-19,REELS,Saude,,80,6,86,"MENOS DISCURSO, MAIS RESULTADO 🏥✅ A nova máquina de endoscopia já che",https://www.instagram.com/reel/DWExUaWgHZf/
18070008508968678,2025-06-07,REELS,Institucional,,81,5,86,DAS BELEZAS DE SANTA CATARINA 🐬 📸🔁 @faroldesantamarta,https://www.instagram.com/reel/DKnCbXApwNA/
17993806316110425,2023-10-31,REELS,Institucional,,82,4,86,ALEGRANDO MEU DIA! ☺️ Os vereadores mirins de Treze de Maio estiveram ,https://www.instagram.com/reel/CzE-N6muqkX/
18115462960677247,2026-06-25,REELS,Saude,,81,4,85,"MENOS CONTA, MAIS SAÚDE! ☀️🏥 Imagine transformar o gasto com energia ",https://www.instagram.com/reel/DaBaTfRJPmA/
17933329614215534,2026-04-13,REELS,Autismo/TEA,,74,11,85,AUTISMO 🧩,https://www.instagram.com/reel/DXFXtFciYUT/
17858193441466551,2025-07-30,FEED,Institucional,,82,3,85,ESTAR PRESENTE! 🤝 🚨 Avanços que você pode ver e sentir! Estivemos on,https://www.instagram.com/p/DMvnYFJpZPD/
17898872034209095,2025-06-14,REELS,Saude,,81,4,85,Investir em saúde é investir no presente das pessoas! 🤝,https://www.instagram.com/reel/DK4s-TVOWC7/
17879469606275734,2025-04-05,FEED,Institucional,,70,15,85,NOTÍCIAS DA SEMANA! 🗞️ arrasta! ↔️,https://www.instagram.com/p/DIE079DJKJa/
17981572571618701,2023-12-12,FEED,Institucional,,78,7,85,📍 A Comissão de Constituição e Justiça na Assembleia Legislativa de S,https://www.instagram.com/p/C0xOm8fO2OT/
17885742860793614,2023-05-31,REELS,Institucional,,78,7,85,ROTINA INTENSA! Os bastidores do dia de um Deputado Estadual são inten,https://www.instagram.com/reel/Cs7BnM5pfSU/
18044420888293707,2025-07-21,FEED,Institucional,,80,4,84,COMEÇANDO A SEMANA INFORMADO! 🗞️☕️,https://www.instagram.com/p/DMYYpJjJwRU/
18055675237640457,2024-07-13,FEED,Obras/Entregas,,81,3,84,CONQUISTAS HISTÓRICAS 🚢 5 milhões da Bancada do Sul para o projeto de,https://www.instagram.com/p/C9XhF4wpkR6/
17872324581076778,2024-03-31,REELS,Institucional,,73,11,84,Jesus ressuscitou pra que nós pudéssemos estar aqui! 🙏 O melhor feliz,https://www.instagram.com/reel/C5LgLgfudSm/
17848840032172119,2024-03-20,REELS,Autismo/TEA,,78,6,84,AUTISMO EM PAUTA! 🧩 Sexta nosso encontro é no Seminário Estadual sobr,https://www.instagram.com/reel/C4v1rzZu17p/
17984563103069201,2023-04-25,FEED,Institucional,,74,10,84,ATUALIZAÇÃO É O SEGREDO 📚 Agora o ritmo aumentou. As comissões e os p,https://www.instagram.com/p/CreLHqZOYF2/
18101691781783751,2026-04-23,REELS,Obras/Entregas,,75,8,83,INVESTIMENTO QUE CHEGA NA PONTA 🚜 Hoje estive em Presidente Nereu faz,https://www.instagram.com/reel/DXfY_UJADqI/
17863994319380687,2025-04-18,FEED,Institucional,,81,2,83,Notícias da semana! ➡️,https://www.instagram.com/p/DIlgzijO72_/
18144404278315452,2024-04-04,FEED,Institucional,,77,6,83,FOI BOM DEMAIS PRA NÃO VIRAR TBT! 🧩 Fizemos o nosso melhor e foi um s,https://www.instagram.com/p/C5WCi5AuKXE/
18102261668113906,2026-05-08,REELS,Cultura/Tradicao,,74,8,82,ITAIÓPOLIS E SUAS RAÍZES 🇵🇱❤️ Hoje tivemos a alegria de visitar a tr,https://www.instagram.com/reel/DYF5ONIMPKD/
18165914161343175,2025-11-05,FEED,Institucional,,79,3,82,"Um brinde à uva Goethe, que nos presenteia com vinhos, frisantes e esp",https://www.instagram.com/p/DQsDcIGgfpV/
18117306994636956,2026-04-11,FEED,Autismo/TEA,,73,8,81,AUTISMO E O PAPEL DO PAI 🧩 A ciência começa a mostrar que o cuidado v,https://www.instagram.com/p/DXAXQawkeNH/
18175003048328113,2025-06-08,FEED,Institucional,,78,3,81,Notícias da semana 🚀📰,https://www.instagram.com/p/DKpRbzVOBqg/
17875185552004565,2023-11-29,REELS,Obras/Entregas,,73,8,81,🌽 R$ 150 MILHÕES 🌽 Para reconstruir a infraestrutura afetada pelas i,https://www.instagram.com/reel/C0Pkd3Ru59A/
17880065073261135,2025-08-20,FEED,Atualidades,,77,3,80,"A senadora Tereza Cristina é sinônimo de trabalho, dedicação e comprom",https://www.instagram.com/p/DNlpp1IpoAc/
17982227795671238,2025-03-26,REELS,Institucional,,74,6,80,Taxar é retroceder! 👊 Só olhar os países que já tentaram fazer essa p,https://www.instagram.com/reel/DHrSMiKJv-W/
17879699688109305,2024-09-02,FEED,Institucional,,76,4,80,Tempo vai devagar porque ela já tá aprendendo a Marchar! 🇧🇷 Desfile ,https://www.instagram.com/p/C_beGiRSmY1/
18003501056340731,2024-07-05,FEED,Institucional,,74,6,80,O VERDADEIRO LEGISLADOR! Por Milton Alves https://diariodosul.com.br/c,https://www.instagram.com/p/C9Ddn9-RZd4/
18010908719512785,2024-03-07,FEED,Institucional,,76,4,80,Entrando na #trend e mostrando resultado! 😉👊,https://www.instagram.com/p/C4N-UQquWRk/
18152680246294116,2023-08-13,REELS,Institucional,,73,7,80,FOFURÔMETRO EXPLODINDO! 😍 Me emocionei e compartilho com vocês as hom,https://www.instagram.com/reel/Cv4k2jtuMFN/
17887321337804114,2023-03-29,FEED,Institucional,,75,5,80,"➡️Voltando da Marcha dos Prefeitos a Brasília, reafirmei o compromisso",https://www.instagram.com/p/CqY24jkOw99/
18072390290361291,2026-06-24,FEED,Cultura/Tradicao,,77,2,79,"FORÇA, RAÍZES E EXCELÊNCIA Três mulheres. Três histórias que cruzaram ",https://www.instagram.com/p/DZ_LMJBjW0M/
17954650377085498,2026-03-09,FEED,Esporte,,71,8,79,PROTEGER TAMBÉM É CUIDAR 🚨📱 Muita gente ainda acha que é “só um jogo,https://www.instagram.com/p/DVq0B1iDZIA/
18052089724936082,2024-10-23,FEED,Obras/Entregas,,77,2,79,Avanços e Desafios do Anel Viário da SC-108 🛣️ Com apenas 1% da execu,https://www.instagram.com/p/DBeyfTUSNyN/
18020825840099228,2024-03-11,REELS,Institucional,,75,4,79,Que incrível ver o impacto positivo da bancada do Sul! 👊 Esses R$2 mi,https://www.instagram.com/reel/C4YbFgBOxO8/
17944781309572361,2023-08-01,REELS,Educacao,,70,9,79,"UNIVERSIDADE GRATUITA ✅ Aprovado, assinado e que os universitários apr",https://www.instagram.com/reel/CvasDflOJoU/
18043556090646497,2025-08-07,REELS,Institucional,,71,7,78,DESENVOLVENDO A REGIÃO! 🫡 Assumi o compromisso de representar o Sul e,https://www.instagram.com/reel/DND7i_-utdH/
17976995463024359,2026-06-22,REELS,Atualidades,,69,8,77,QUE HONRA! ✨🚀 Cidade que me acolhe e me relembra os valores dos nosso,https://www.instagram.com/reel/DZ5svByBpuC/
18021741404753722,2025-08-31,FEED,Institucional,,71,6,77,Notícias da semana! 🗞️,https://www.instagram.com/p/DOBlfbHDTUh/
17986268183665368,2025-04-30,FEED,Institucional,,66,11,77,DEIXA AQUI TUA OPINIÃO! ⬇️,https://www.instagram.com/p/DJE_3d8uQLx/
18025943711456911,2025-04-11,FEED,Obras/Entregas,,74,3,77,INVESTIMENTO DIRETO NA AMUREL! 🚀 No programa SC levada a sério foi li,https://www.instagram.com/p/DIUxjk5JhX7/
17872517792951218,2023-08-18,REELS,Institucional,,77,0,77,💸DREX é uma das novidades anunciadas pelo Milton Campos Presidente do,https://www.instagram.com/reel/CwGUufWoNwC/
17848067649013735,2023-07-12,REELS,Saude,,76,1,77,ATENÇÃO AO HOSPITAL DE IÇARA 🏥 A bancada do sul se reuniu para lutar ,https://www.instagram.com/reel/CunQbX0snAM/
17957780468604816,2023-06-06,REELS,Cultura/Tradicao,,75,2,77,ADOÇÃO! ♥️ Despertando corações e construindo lares: O Seminário da Ad,https://www.instagram.com/reel/CtKjUzKNHhw/
18029268899290573,2024-05-24,REELS,Institucional,,72,4,76,"A REGIÃO SUL MAIS DESENVOLVIDA!🌟 Com portos, aeroportos e duplicações",https://www.instagram.com/reel/C7XJjKeJ6df/
18058254946574640,2024-05-12,REELS,Institucional,,71,5,76,O FINAL PODE TE SURPREENDER 🏃‍♂️👀 Por aqui tentamos desgastar o que ,https://www.instagram.com/reel/C64v2E9umxS/
17974913411624924,2023-11-18,FEED,Institucional,,75,1,76,Sucesso total na Confraternização do Progressista em Morro da Fumaça! ,https://www.instagram.com/p/Czy3NjauFlt/
17984402134996575,2023-04-05,FEED,Educacao,,73,3,76,Com tristeza e pesar falo sobre o atentado as crianças da creche Bom P,https://www.instagram.com/tv/Cqqrqo1osYR/
17881801428095335,2024-07-29,REELS,Institucional,sim,64,11,75,PARABÉNS LAGUNA! 🎉 Celebramos com orgulho os 348 anos desta cidade hi,https://www.instagram.com/reel/C-A18TNuyeR/
18025068091763938,2023-11-16,FEED,Obras/Entregas,,70,5,75,"Construindo pontes, quebrando barreiras: juntos pela inclusão social! ",https://www.instagram.com/p/CzuCGWUuI7i/
18104934442834678,2026-02-05,FEED,Institucional,,69,5,74,QUANDO A JUSTIÇA TEM SOBRENOME… ⚖️🧐 Parentes diretos de 8 dos 10 mini,https://www.instagram.com/p/DUY8LPWkcdM/
18353626687085165,2025-07-17,FEED,Atualidades,,49,25,74,"💸 Calote bilionário da Venezuela: quem paga é você. Desde 2018, Madur",https://www.instagram.com/p/DMOVVX8pZSX/
18029595905191566,2024-08-30,FEED,Institucional,,71,3,74,O FUTURO DAS CIDADES ESTÁ AQUI! 🚀 Com um trabalho intenso na região s,https://www.instagram.com/p/C_RhY_muWk6/
18035270278479847,2023-08-04,FEED,Institucional,,69,5,74,🗣️Quem adivinha o tema do Podcast Ordem do dia que gravamos nesta sem,https://www.instagram.com/p/CvhudKBuMIu/
18044812984776940,2024-05-10,FEED,Institucional,,68,5,73,ALTO VALE COM QUALIDADE ✅ É nesses momentos que sentimos orgulho de se,https://www.instagram.com/p/C6zMVJqOupu/
17993016020065201,2023-09-17,REELS,Obras/Entregas,,71,2,73,REDRAGAGEM DO RIO TUBARÃO! ✅ Uma obra de mais de 500 milhões de reais ,https://www.instagram.com/reel/CxTrmYuOKMD/
18405435850181700,2026-04-08,FEED,Autismo/TEA,,58,14,72,"AUTISMO É PRIORIDADE 💙 Abril é o mês de conscientização, mas o nosso ",https://www.instagram.com/p/DW4OzcjAOBh/
18042630452162825,2024-12-05,FEED,Institucional,,69,3,72,✨ #TBT Especial da Comenda do Legislativo! Um momento marcante onde ti,https://www.instagram.com/p/DDNO8yypXzO/
18009102586832978,2023-10-04,REELS,Cultura/Tradicao,,71,1,72,TA TODO MUNDO CONVIDADO! 🌎 A festa do Colono pelo capricho da criança,https://www.instagram.com/reel/Cx_mSwHun_W/
18029784170106967,2024-06-08,FEED,Institucional,,59,12,71,QUE PRESENTE DE JAGUARUNA! Obrigado a todos pelo reconhecimento do tra,https://www.instagram.com/p/C77xF8FOxne/
18108383446913089,2026-05-27,FEED,Institucional,,63,7,70,156 anos de uma cidade feita por gente forte. ❤️ Tubarão já enfrentou ,https://www.instagram.com/p/DY130ZBAG5i/
17964684608291544,2023-05-19,FEED,Obras/Entregas,,67,3,70,"Quando paramos para ouvir, entregamos resultados reais! 🎯👂🏼 Estar p",https://www.instagram.com/p/CscLlc6JfL4/
17880978234345858,2025-07-08,REELS,Esporte,,65,4,69,"💭 O jogo é às 16h, mas a cabeça já tá gritando: FLUMINENSE VAI JOGAR!",https://www.instagram.com/reel/DL2lflouMJG/
18062871937830767,2024-12-18,REELS,Obras/Entregas,,69,0,69,ENTREGAS DA BANCADA DO SUL! ✅ 24 milhões a mais na região pelo nosso t,https://www.instagram.com/reel/DDu_yAXSxh6/
17895074777996690,2024-04-28,REELS,Obras/Entregas,,52,17,69,PÉ NA ESTRADA! 🦶🛣️ Com direito a ministério do Trabalho pra a viabil,https://www.instagram.com/reel/C6UW88iuvlb/
18314036884120139,2024-03-01,FEED,Institucional,,65,4,69,PARTICIPAR ATIVAMENTE DO DESENVOLVIMENTO É ISSO!⚡️ Nos esforçamos para,https://www.instagram.com/p/C3--H1AOm12/
17914695362802317,2023-09-21,FEED,Institucional,,65,4,69,Lembrando disso todos os dias! A inclusão é indispensável para uma soc,https://www.instagram.com/p/CxdGn7DOUpT/
18000058193302995,2023-09-19,FEED,Institucional,,65,4,69,🔉 UNIVERSITÁRIO! Essa é uma oportunidade de vivenciar o legislativo e,https://www.instagram.com/p/CxYcdnhuH9E/
18000823798789047,2023-07-11,FEED,Educacao,,60,9,69,VITÓRIA DA EDUCAÇÃO✅ Defender a educação e o acesso à graduação para a,https://www.instagram.com/p/CukhJ11OXZ9/
18209086777343526,2026-06-27,REELS,Institucional,,68,0,68,BRASIL UNIDO 🇧🇷 Como é bom ver os brasileiros unidos pela Seleção. N,https://www.instagram.com/reel/DaGkjRtwaTX/
18331917814240469,2025-11-05,REELS,Institucional,,65,3,68,"Dia intenso por aqui! 💪🔥 Muito trabalho, muitos atendimentos e ainda",https://www.instagram.com/reel/DQsX5wwjXSd/
18298872127213300,2025-03-08,FEED,Saude,,64,4,68,O trabalho feito pelas redes femininas de combate ao câncer é algo que,https://www.instagram.com/p/DG8BPT2u1bH/
18074079361492791,2024-09-07,REELS,Institucional,,47,21,68,"🇧🇷LIBERDADE, NÃO RELATIVIZE A VERDADE! 👊 Relativizar a verdade é en",https://www.instagram.com/reel/C_n04Rqunlh/
17927110364831008,2024-09-06,REELS,Saude,,62,6,68,"SAÚDE EM TREZE DE MAIO 🏥 Nosso recurso bem investido no município, no",https://www.instagram.com/reel/C_l47hVO6vz/
18348643177103145,2024-04-16,FEED,Educacao,,67,1,68,🌟🧩👏 Emocionante! A Feamas recebeu uma merecida homenagem na Alesc p,https://www.instagram.com/p/C51IiJgOreN/
17968066352788839,2024-09-18,FEED,Educacao,,65,2,67,🗣️Um pouco de informação pra essa campanha! 🗞️ Compartilha com o can,https://www.instagram.com/p/DAEdYYlyzIa/
17929706228749809,2024-03-21,REELS,Educacao,,62,5,67,UNIVERSIDADE GRATUITA 📚 Um programa que impacta na vida dos catarinen,https://www.instagram.com/reel/C4yQkGEOqkT/
18109768864341807,2023-11-10,REELS,Institucional,,66,1,67,LEVANTANDO NOSSAS BANDEIRAS!👊🏼 👀Veja o comentário do @andersonsilva,https://www.instagram.com/reel/CzehgwXu44Z/
17902125158783108,2023-09-12,FEED,Obras/Entregas,,63,4,67,🚨Posicionamento claro e direto! ✅ Precisamos de investimentos no aero,https://www.instagram.com/p/CxGkm7wu7i-/
18109347232707484,2026-02-27,REELS,Atualidades,,56,10,66,DEBATE COM RESPONSABILIDADE ⏱️🇧🇷 Alguns países já testam jornadas di,https://www.instagram.com/reel/DVRk8JUgXJ_/
17873745141441769,2025-10-27,FEED,Autismo/TEA,,60,6,66,CIÊNCIA AVANÇA NO ENTENDIMENTO DO AUTISMO 🧠🧬 Pesquisadores da Univer,https://www.instagram.com/p/DQUq0ovAboT/
17956294910951182,2025-06-12,FEED,Institucional,,59,7,66,Estamos cada vez mais próximo de você! 🤝,https://www.instagram.com/p/DKzohHcuSsi/
18024454667660218,2025-04-10,REELS,Institucional,,60,6,66,🚧 ROTAS ALTERNATIVAS! ❌ O Sul de SC não pode ficar isolado 🛣️ 💥 Ped,https://www.instagram.com/reel/DIRjg_NJfyU/
18022186193344722,2024-07-18,REELS,Obras/Entregas,,55,10,65,AGRADECER O TRABALHO EM EQUIPE! 👊 O projeto da redragagem do Porto at,https://www.instagram.com/reel/C9kjQLcu4UB/
17993620823099405,2023-07-14,FEED,Institucional,,62,3,65,Nova emergência do HNSC! 🏥 Nós precisamos dessa mudança para atender ,https://www.instagram.com/p/CusRqzbuOv2/
18239212990252163,2024-05-22,REELS,Institucional,,61,3,64,O PROJETO DO DUODÉCIMO DA DEFESA CIVIL! 👊 ✅ Aprovamos a PEC que garan,https://www.instagram.com/reel/C7RioHgu2xi/
17984001310929394,2023-02-17,FEED,Institucional,,61,3,64,"📰COMEÇOU! Criamos 6 frentes parlamentares, estaremos em 4 comissões, ",https://www.instagram.com/p/CoxjjYPuCN3/
18028697033743086,2025-10-29,FEED,Institucional,,63,0,63,POLÍTICA QUE ESCUTA E AGE 👂🏼➡️✍🏼 A verdadeira política acontece for,https://www.instagram.com/p/DQaFZx8AcC8/
18093101518632293,2025-08-01,REELS,Institucional,,58,5,63,📍PASSO DE TORRES Trabalhar pelo desenvolvimento das nossas cidades é ,https://www.instagram.com/reel/DM0g5k3uVif/
17903082200869186,2023-11-14,FEED,Institucional,,60,3,63,"DIA INTENSO! 🏃‍♂️ Entre comissões, votações, plenário e atendimentos ",https://www.instagram.com/p/Czo7RenJben/
18069351001429530,2023-10-21,REELS,Institucional,,58,5,63,"➡️ No Programa Balanço Geral em Criciúma, falando um pouquinho sobre a",https://www.instagram.com/reel/Cyqe4gVOyzp/
17967596084198388,2023-03-03,FEED,Institucional,,55,8,63,Resumo de notícias da semana. Confere aí! ⬆️✅,https://www.instagram.com/p/CpV4VzWuV-J/
18042434743677227,2024-05-15,REELS,Obras/Entregas,,56,6,62,DEFENDO COM UNHAS E DENTES A REDRAGAGEM 🫡 Precisamos investir na prev,https://www.instagram.com/reel/C7AFqHzOr5C/
18214766770255831,2023-10-24,REELS,Institucional,sim,61,1,62,Parabéns Rotary e Lions!💗 Vocês merecem nossas palmas por toda dedica,https://www.instagram.com/reel/Cyy5afMut5P/
17883279984222344,2025-07-23,FEED,Educacao,,55,6,61,"Tamo chegandooo! 🚙💨 Onde a gente passa, a transformação acontece! 💪",https://www.instagram.com/p/DMdlrnCJstK/
18054113504105226,2025-07-09,REELS,Institucional,,54,7,61,"A correria é grande, o dia é intenso, mas a gente trabalha com felicid",https://www.instagram.com/reel/DL5w--Gpeh8/
18007323947130617,2024-03-12,REELS,Institucional,,58,3,61,Complete a frase: SER PROGRESSISTA É… 💙 Mais de 150 pessoas foram fil,https://www.instagram.com/reel/C4a9AH5uNTt/
17991652723745296,2023-04-07,FEED,Institucional,,58,3,61,"É tempo de celebrar e refletir sobre a vida, renovar a fé e pedir por ",https://www.instagram.com/p/Cqu7oysO3Cy/
17952404066812876,2025-04-27,FEED,Institucional,,57,3,60,Notícias da semana! ↔️,https://www.instagram.com/p/DI836oJu4cN/
18006033203116105,2023-11-06,FEED,Obras/Entregas,,59,1,60,"Juntos, fazendo a diferença em Capivari de Baixo! 💪 Emenda de 1,5 mil",https://www.instagram.com/p/CzUYYKVuIgt/
18015055603733977,2023-07-28,FEED,Institucional,,55,5,60,Arrasta pro lado e vê a correria de julho! 🚀,https://www.instagram.com/p/CvPm1fvu7aT/
18047321534533463,2025-07-02,FEED,Esporte,,57,0,57,"FLA X FLU, o clássico também na política? ⚽️🫢 No Podcast Jogo Rápido ",https://www.instagram.com/p/DLnQfRlOtTd/
18017970547754839,2023-11-17,FEED,Institucional,,53,3,56,Mesmo com chuva aqui não tem parada! 💪🌧️ Agenda intensa em Braço do ,https://www.instagram.com/p/CzwdDVQOMGm/
17993301820994245,2023-06-18,FEED,Autismo/TEA,,55,1,56,🧩 Celebre o Dia do Orgulho autista e promova a inclusão! Junte-se a n,https://www.instagram.com/p/Ctot1rFuLCR/
17975113495992799,2023-03-22,FEED,Institucional,,56,0,56,CONVIDO TODOS A PARTICIPAREM! 🙌 O lançamento da Frente Parlamentar da,https://www.instagram.com/p/CqG1OfGufrM/
17919533846835460,2023-12-25,FEED,Institucional,sim,54,1,55,FELIZ NATAL!🎄 Que as luzes do natal iluminem seu coração com o nascim,https://www.instagram.com/p/C1RhX-7tPeH/
17963427510026071,2026-03-13,FEED,Atualidades,,50,4,54,"🚨OLHOS ABERTOS, VITÓRIA DO BRASIL 🇧🇷 O STF formou maioria para mant",https://www.instagram.com/p/DV1QlTGAD5a/
17979412790583777,2024-07-12,REELS,Institucional,,49,5,54,SUL EM FOCO 🌟 Debater os assuntos do Sul do Estado na sessão itineran,https://www.instagram.com/reel/C9VcMD9pHHr/
18033896428788183,2024-05-07,FEED,Institucional,,50,4,54,ALESC MAIS PERTO DE VOCÊ! 🤝 O Programa Alesc Itinerante chega a Blume,https://www.instagram.com/p/C6rlnd5Ov6w/
17855097744453846,2025-06-17,FEED,Institucional,,46,7,53,Entenda um pouco os números do censo do @ibgeoficial 👀🧩,https://www.instagram.com/p/DLAaA5ouEZX/
17939735817003827,2025-04-09,FEED,Obras/Entregas,,50,3,53,💪 Seguimos firmes na luta pela redragagem do Rio Tubarão! O novo estu,https://www.instagram.com/p/DIPec4qJhep/
18067923316415692,2023-12-01,REELS,Institucional,,50,3,53,"Semana movimentada com muito trabalho e dedicação. Atendimento, comiss",https://www.instagram.com/reel/C0Txc2gOd4R/
18036955342537020,2023-09-04,FEED,Institucional,,49,4,53,"A bancada dos Progressistas de Santa Catarina, trabalhando juntos para",https://www.instagram.com/p/CwyGw_iulOK/
17979322697212637,2023-08-07,FEED,Institucional,,52,0,52,Boa sorte! 🍀,https://www.instagram.com/p/Cvpg5SguSTQ/
18039757156422329,2023-04-27,FEED,Institucional,,50,2,52,Aeroporto de Jaguaruna merece atenção ! ✈️,https://www.instagram.com/tv/CrioAInoDFI/
18084682163585820,2026-03-24,REELS,Obras/Entregas,,48,3,51,REDRAGAGEM É PRIORIDADE Essa é uma luta antiga. E eu sempre estive do ,https://www.instagram.com/reel/DWSB0lWAfTj/
17902597562991876,2024-06-05,FEED,Autismo/TEA,,48,3,51,PASSANDO PRA AVISAR 🗣️ Que o seminário estadual Autismo de Joinville ,https://www.instagram.com/p/C72bUaUuW3T/
18043361524639643,2024-03-07,REELS,Esporte,,46,5,51,"Aqui o trabalho não para e o tempo voa, como a bola do jogo de taco! �",https://www.instagram.com/reel/C4Og68mu7-F/
17980938923912158,2025-09-23,REELS,Atualidades,,42,8,50,Governo Trump aponta que o uso de paracetamol (Tylenol) durante a grav,https://www.instagram.com/reel/DO7XiUKDTmG/
18006979136715125,2026-04-22,FEED,Autismo/TEA,,42,6,48,AUTISMO NÃO É TUDO IGUAL 🧩💙 Você sabia que existem níveis de autismo,https://www.instagram.com/p/DXcscZTALQ3/
18165828118401926,2026-01-30,FEED,Institucional,,44,4,48,🚨 Bilhões em risco. 🏦 Um banco colapsa. ⚖️ O sistema falha. O caso B,https://www.instagram.com/p/DUJkFJsgfXg/
18272114662274101,2025-05-27,FEED,Obras/Entregas,,45,3,48,"🦈Tubarão, 155 anos! 🎉 Cada conquista, cada passo, cada sonho realiza",https://www.instagram.com/p/DKKl-IWux6K/
18029635094507782,2024-06-22,FEED,Esporte,,29,19,48,O ESPORTE MUDA VIDAS! 👊 Estamos entusiasmados com as skatistas catari,https://www.instagram.com/p/C8hE8AkuSct/
17943740796137856,2026-03-16,FEED,Obras/Entregas,,45,2,47,UNIDOS PELO RIO URUSSANGA 🌊 Quando falamos em redragagem do Rio Uruss,https://www.instagram.com/p/DV8rEJIjcGz/
18088765564742410,2025-08-09,REELS,Institucional,,44,3,47,Quem viveu essa época de debates reais? 🤔,https://www.instagram.com/reel/DNJkWlqJ0DZ/
18055633523276891,2025-03-21,FEED,Institucional,,42,5,47,"Notícias da semana! 🗞️🚀 Mais emprego na região, desenvolvimento e va",https://www.instagram.com/p/DHegC16JOFj/
18018892276736589,2023-08-24,FEED,Institucional,,46,1,47,A infância deve ser aproveitada ao máximo! Nossas crianças precisam br,https://www.instagram.com/p/CwVBfdzuijQ/
18611403190012312,2026-07-16,REELS,Saude,,43,3,46,Mais um avanço para a saúde de Painel! 🏥 ✅ Novo aparelho de ultrasson,https://www.instagram.com/reel/Da3gGS_PaCw/
18176512939382317,2026-03-27,FEED,Institucional,,39,7,46,ENERGIA SOLAR PARA FORTALECER QUEM SALVA VIDAS ☀️❤️ A conta de luz pes,https://www.instagram.com/p/DWZKHHEgFri/
18346267399121080,2024-11-14,REELS,Institucional,,45,1,46,ALESC ITINERANTE SERRANA 🌲 A Sessão Itinerante em Lages representando,https://www.instagram.com/reel/DCVLVQHOluM/
17982899756523729,2024-05-28,FEED,Institucional,,45,1,46,🎙️ Novo episódio! O podcast Ordem do Dia @assembleiasc 💬 foi muito l,https://www.instagram.com/p/C7hnTDQJtnF/
18013725581091710,2023-12-31,REELS,Institucional,,40,6,46,Obrigado 2023! 🎉 Estes são apenas alguns momentos de muitas lembrança,https://www.instagram.com/reel/C1hZ_9KuSii/
18005924858021550,2023-10-16,FEED,Educacao,,44,2,46,👉🏽 FAÇA A SUA INSCRIÇÃO! O programa Universidade Gratuita está com a,https://www.instagram.com/p/CyeQMg6uVAC/
18065158459426380,2023-09-15,FEED,Institucional,,44,2,46,Que nossa padroeira nos abençoe e sempre interceda por nós 🙏 #tubarao,https://www.instagram.com/p/CxNdgNvOU2F/
18136151725335980,2024-11-21,FEED,Institucional,,44,1,45,A PREVENÇÃO É NECESSÁRIA! 🚨 Não podemos só falar das enchentes quando,https://www.instagram.com/p/DCo5AGVuzDs/
18423507922047855,2024-03-06,FEED,Institucional,,43,2,45,Essa é a minha opinião!👊 Qual é a sua?👀,https://www.instagram.com/p/C4L8JWouXL3/
18082004774518305,2025-12-31,FEED,Institucional,,39,5,44,"🎉 FÉ, FORÇA, FUTURO Que 2026 seja o ano em que a esperança se transfo",https://www.instagram.com/p/DS8EHVSgDVl/
18028047893509802,2024-07-05,FEED,Saude,,40,4,44,Exames clínicos agora também poderão ser feitos em farmácias de SC htt,https://www.instagram.com/p/C9DykVThHB6/
18058504427233022,2025-10-14,FEED,Institucional,,38,5,43,"VOCÊ REALMENTE CONHECE NOSSO PRIMEIRO IMPERADOR? Apaixonado, polêmico,",https://www.instagram.com/p/DPztjIGjalF/
17942448146791297,2024-02-26,FEED,Cultura/Tradicao,,40,2,42,SUPERANDO TODAS AS EXPECTATIVAS! 🚚 Isso é mais do que uma festa; é a ,https://www.instagram.com/p/C303X7KuFpf/
17957263631588105,2023-12-11,REELS,Institucional,,40,2,42,"Começamos bem a semana, acompanhe nossa entrevista para a @radiolitora",https://www.instagram.com/reel/C0tg4UiunFW/
18075831007931271,2025-10-21,FEED,Institucional,,38,3,41,💰 QUEM ERA O BILIONÁRIO DO IMPÉRIO? Muito antes do Brasil ser industr,https://www.instagram.com/p/DQFpwmZjang/
17991510626667461,2024-07-23,FEED,Cultura/Tradicao,,41,0,41,🇮🇹 AMAMOS NOSSAS TRADIÇÕES! Celebrando a cultura e a gastronomia ita,https://www.instagram.com/p/C9xwtLfJHJW/
18293063179259296,2025-11-10,FEED,Educacao,,37,2,39,🇧🇷 O que te ensinaram na escola sobre a bandeira do Brasil… é mentir,https://www.instagram.com/p/DQ45toqkRCH/
17996208440827539,2025-09-27,FEED,Institucional,,37,2,39,"🌍✨ No Dia Mundial do Turismo, celebramos um dos maiores tesouros de S",https://www.instagram.com/p/DPG5Cj5DF5O/
18028414708737415,2023-11-27,REELS,Institucional,,37,2,39,"Em uma conversa com a Magda e o Ramon da Rádio Tuba, falamos da import",https://www.instagram.com/reel/C0KegwPOc6m/
18064763264574645,2025-11-03,FEED,Institucional,,32,6,38,Um homem à frente do seu tempo. Um líder que escolheu o conhecimento c,https://www.instagram.com/p/DQmCovGgLKw/
17918254079642859,2023-05-09,FEED,Institucional,,38,0,38,Santa Catarina tem de tudo e precisamos escoar nossos produtos com mai,https://www.instagram.com/p/CsCcbL0uXyg/
17984526056102930,2023-05-08,FEED,Institucional,,36,2,38,Desenvolver o turismo é valorizar o que há de melhor na nossa terra! �,https://www.instagram.com/p/Cr-_n5Suncu/
17882081778123769,2025-01-20,FEED,Institucional,,27,10,37,"Acompanhando as mudanças da política global, seguimos! 🚀",https://www.instagram.com/p/DFDzreDSZsc/
18057165301617460,2024-07-02,REELS,Institucional,sim,37,0,37,Apresentação emocionante! 👏 Parabéns @orquestra.teresinha pelo trabal,https://www.instagram.com/reel/C8730KgplUx/
18095094550796988,2026-02-23,FEED,Cultura/Tradicao,,33,3,36,O MAIOR FURO ECONÔMICO DA NOSSA HISTÓRIA? Bilhões sob investigação. Ba,https://www.instagram.com/p/DVGlb4ygNZO/
17983031456161551,2023-08-16,FEED,Institucional,,33,3,36,💚Arrasta pro lado! ▶️,https://www.instagram.com/p/CwAkIRsu0gG/
18080074649088635,2025-10-08,FEED,Institucional,,34,1,35,ELE QUIS LIBERTAR O BRASIL… ANTES DE TODO MUNDO 🧠🔥 Enquanto o país a,https://www.instagram.com/p/DPjMVGJDWOy/
18052760240542925,2025-09-29,FEED,Institucional,,33,2,35,Notícias da semana! 🗞️☕️,https://www.instagram.com/p/DPMYpZwDWm5/
18371779837018390,2023-06-17,FEED,Cultura/Tradicao,,34,1,35,Pra manter todo mundo informado! 1️⃣ Seminário Estadual de Adoção e Pr,https://www.instagram.com/p/CtmJnAZOP0t/
17990562182723344,2024-11-15,FEED,Cultura/Tradicao,,31,3,34,Celebramos um marco fundamental na história do Brasil: a Proclamação d,https://www.instagram.com/p/DCZcqDXpbei/
18570686446056302,2026-04-14,FEED,Institucional,,33,0,33,NÃO É SÓ TECNOLOGIA ⚠️ Parece inovação. Parece só evolução. Mas por tr,https://www.instagram.com/p/DXHxENNkagh/
18305409223277982,2026-02-13,FEED,Cultura/Tradicao,,26,7,33,Seja feliz com a festa que é a cara do BRASIL! 🇧🇷,https://www.instagram.com/p/DUt3_FhjeTI/
18543763876057662,2025-11-17,FEED,Institucional,,29,4,33,"🇧🇷✨ Joaquim Nabuco: o abolicionista que sonhou um Brasil mais justo,",https://www.instagram.com/p/DRLNHtyja5E/
17890609278126232,2025-05-01,FEED,Institucional,,30,3,33,"O trabalho é a força que move Santa Catarina! 💪🏼 Neste 1º de Maio, c",https://www.instagram.com/p/DJHlptsJoT1/
17844062757466482,2025-04-20,FEED,Institucional,sim,30,3,33,Feliz Páscoa! 🙏,https://www.instagram.com/p/DIq1pfGOX6B/
17925242066860262,2024-04-30,FEED,Seguranca,,33,0,33,PM E BOMBEIROS SOLICITANDO INVESTIMENTOS! 🚒👮‍♂️ A PM apresentou o pr,https://www.instagram.com/p/C6ZhKtQudIK/
17845006137153191,2024-01-30,FEED,Saude,,28,5,33,EXAMES CLÍNICOS EM FARMÁCIA! 🙌 Compartilhando esse projeto que vai fa,https://www.instagram.com/p/C2vGw5yOg5m/
18033373846998113,2024-06-18,FEED,Saude,,26,6,32,Nosso projeto ganhando destaque! ✨ Os exames nas farmácias facilitará ,https://www.instagram.com/p/C8X5EgXOI7i/
17982088076203663,2023-07-04,FEED,Institucional,,31,1,32,APROVADO NA CCJ! 🙌 Vamos na luta a favor do contribuinte!,https://www.instagram.com/p/CuSqyK0OyJ3/
18001118506701824,2023-05-24,FEED,Obras/Entregas,,32,0,32,Defendi isso na CCJ e repito! ✅ #RedragagemUrgente #LeisSimplificadas ,https://www.instagram.com/p/CspCnnEuWgc/
17849606001487567,2025-06-21,FEED,Institucional,,31,0,31,Muito triste as cenas do balão em Praia Grande vistas essa manhã. Minh,https://www.instagram.com/p/DLKt3RfuYkC/
18087785560788332,2025-11-24,FEED,Institucional,,29,1,30,Carlos Gomes levou o Brasil ao mundo — e você conhece sua música mesmo,https://www.instagram.com/p/DRdJdkJgB2M/
17866506632878660,2023-05-15,FEED,Institucional,,27,1,28,Notícias pra começarmos a semana com o 🦶 Direito e informados! 👊🏼😜,https://www.instagram.com/p/CsRujdIuQMJ/
18264012619177566,2023-04-28,FEED,Institucional,,28,0,28,Notícias da semana! ✅ #politicasc #deputadoestadual #deputado #parlame,https://www.instagram.com/p/CrmCOMIuX34/
18049277947410787,2023-04-08,FEED,Institucional,,26,2,28,Confira as notícias da semana! 📰,https://www.instagram.com/p/CqyU4QLOGIk/
18105793510703975,2026-02-07,FEED,Institucional,,24,2,26,O TRABALHO CONTINUA… mas quem vai curtir o final de semana de sol ☀️ a,https://www.instagram.com/p/DUddW9KgAHz/
17906755956043618,2024-10-25,FEED,Institucional,sim,25,0,25,Mais de 3 milhões já enviados! 🎉 Parabéns à querida cidade de Pescari,https://www.instagram.com/p/DBjJt5nOY1x/
17994882998209778,2023-10-09,FEED,Institucional,,22,1,23,"UNIÃO E EMPATIA, é o que precisamos nesse momento tão difícil pra Sant",https://www.instagram.com/p/CyMVmEFuEqu/
18260623186245638,2024-06-20,FEED,Institucional,,21,1,22,"NOS TEMPOS ATUAIS VIVEMOS O QUE FALAMOS LÁ ÁTRAS! #TBT No Senado, deba",https://www.instagram.com/p/C8b92zsPQjE/
17849573436017484,2023-08-21,FEED,Institucional,,21,1,22,Algumas notícias importantes para começarmos a semana bem informados! ,https://www.instagram.com/p/CwOKKpyvANz/
18255322288295000,2026-01-28,FEED,Institucional,,21,0,21,"Ex-ministra da Suprema Corte do Chile, Ángela Vivanco, foi presa em Sa",https://www.instagram.com/p/DUD4IRrgMM6/
17999988722409153,2024-02-21,FEED,Cultura/Tradicao,,18,3,21,DIA NACIONAL DO IMIGRANTE ITALIANO 🇮🇹 1 - A Gaita! O instrumento que,https://www.instagram.com/p/C3ndbsBOwbI/
18334287667190356,2024-05-31,FEED,Institucional,,18,2,20,Um absurdo! 💥,https://www.instagram.com/p/C7o7sjEufdh/
18009280637300004,2023-11-18,FEED,Institucional,,20,0,20,Você já sabia disso? 👀 O Conselheiro Tutelar desempenha um papel fund,https://www.instagram.com/p/CzyT1UAud1U/
17935357260015848,2026-01-31,REELS,Institucional,,18,0,18,"R$ 33,9 MILHÕES. OFFSHORE. SIGILO. 🕵️‍♂️ O caso precisa ser investiga",https://www.instagram.com/reel/DULb_F_AI6L/
17965022861549418,2023-12-31,FEED,Institucional,sim,18,0,18,FELIZ ANO NOVO! 🤩,https://www.instagram.com/p/C1h7FNIMgQ6/
18027133211290553,2024-05-21,FEED,Institucional,,12,1,13,🗣️🚨 APOIO À PEC 08/2021! 🚨🗣️ Decisões mais justas e equilibradas n,https://www.instagram.com/p/C7O4915uCzq/
17984650457392512,2024-01-09,FEED,Institucional,,10,0,10,ROTA TURÍSTICA DAS ÁGUAS TERMAIS! 👏🩵,https://www.instagram.com/p/C15Urjmunp7/
17964698984564683,2023-07-24,REELS,Esporte,,9,0,9,Vai Brasil! 🇧🇷 Já começamos bem! Fizeram bonito nesse primeiro jogo ,https://www.instagram.com/reel/CvFdkJhr7sQ/
18183538927399764,2026-07-06,REELS,Institucional,,0,0,0,"DOI VER ISSO… 🇧🇷💔 Hoje, a eliminação para a Noruega encerrou a camp",https://www.instagram.com/reel/Dabo4HKt1Yn/
