fonte,ig_media_id,object_story_id,tipo,data,permalink,legenda
"instagram","18611403190012312","","REELS","2026-07-16T20:31:55+0000","https://www.instagram.com/reel/Da3gGS_PaCw/","Mais um avanço para a saúde de Painel! 🏥 ✅ Novo aparelho de ultrasson"
"instagram","18051804830535729","","FEED","2026-07-15T20:50:25+0000","https://www.instagram.com/p/Da09rj3oIHb/","🚧 A SOLUÇÃO QUE O SUL DE SC PRECISA A interdição da Ponte Anita Garib"
"instagram","18078590954676013","","REELS","2026-07-14T20:56:01+0000","https://www.instagram.com/reel/DayZRJateKd/","INFRAESTRUTURA É PRIORIDADE! 🚧 Santa Catarina cresce, produz e gera o"
"instagram","17946235716035830","","FEED","2026-07-13T23:27:03+0000","https://www.instagram.com/p/DawFfJXNj--/","O TRABALHO NÃO PARA NEM NO ANIVERSÁRIO! 🎉 Hoje é dia de comemorar mai"
"instagram","18179658466375096","","FEED","2026-07-10T21:11:28+0000","https://www.instagram.com/p/DaoHcxAJg_X/","Vai uma cuca quentinha aí? 😋 A FEAGRO já está movimentando Braço do N"
"instagram","18089194139530978","","REELS","2026-07-09T21:35:51+0000","https://www.instagram.com/reel/DallnYmORzx/","TUBARÃO EM OBRAS 🚧 Trabalho duro, resultado aparecendo e obras saindo"
"instagram","17973431757097511","","REELS","2026-07-06T20:54:07+0000","https://www.instagram.com/reel/Dadyg4DpJ2-/","UNIFORME É DIGNIDADE! 🧥📚 Em Painel, tivemos a alegria de participar "
"instagram","18183538927399764","","REELS","2026-07-06T00:50:04+0000","https://www.instagram.com/reel/Dabo4HKt1Yn/","DOI VER ISSO… 🇧🇷💔 Hoje, a eliminação para a Noruega encerrou a camp"
"instagram","17874414273528951","","FEED","2026-07-05T18:44:41+0000","https://www.instagram.com/p/Daa_GhDJKyY/","NOSSA MANU, 12 ANOS! 🎉💙 Gratidão por celebrar a tua vida minha filha"
"instagram","18599032210057653","","REELS","2026-07-05T13:19:24+0000","https://www.instagram.com/reel/DaaZdM-AVlQ/","É GOLAÇO PARA MORRO DA FUMAÇA! ⚽🇧🇷 Em dia de jogo da Seleção, quem t"
"instagram","18021265124687162","","FEED","2026-07-02T19:49:13+0000","https://www.instagram.com/p/DaTYV77iV-C/","🏆 COMO NA COPA, ANTES DA DECISÃO, TEM A CLASSIFICAÇÃO. Na Assembleia "
"instagram","18094428545344007","","REELS","2026-06-30T18:40:55+0000","https://www.instagram.com/reel/DaOGeN9pl4L/","EM CLIMA DE COPA O ESPORTE MERECE ESTRUTURA! ⚽🔥 Quem vê um placar ele"
"instagram","17876025393505372","","FEED","2026-06-29T19:07:04+0000","https://www.instagram.com/p/DaLk7GBJN1h/","Rumo às oitavas com a nossa seleção! Que venha mais uma vitória do nos"
"instagram","18103664563847547","","REELS","2026-06-29T13:44:14+0000","https://www.instagram.com/reel/DaK_pNiAD9b/","SANTA CATARINA MERECE RESPEITO! 👊🇧🇷 Santa Catarina é terra de gente"
"instagram","17895087366481685","","REELS","2026-06-28T13:47:49+0000","https://www.instagram.com/reel/DaIYzmCga4k/","A BARRA DO CAMACHO PRECISA DE SOLUÇÃO! 🌊 O problema da Barra do Camac"
"instagram","18209086777343526","","REELS","2026-06-27T20:37:09+0000","https://www.instagram.com/reel/DaGkjRtwaTX/","BRASIL UNIDO 🇧🇷 Como é bom ver os brasileiros unidos pela Seleção. N"
"instagram","18115462960677247","","REELS","2026-06-25T20:26:09+0000","https://www.instagram.com/reel/DaBaTfRJPmA/","MENOS CONTA, MAIS SAÚDE! ☀️🏥 Imagine transformar o gasto com energia "
"instagram","18072390290361291","","FEED","2026-06-24T23:29:29+0000","https://www.instagram.com/p/DZ_LMJBjW0M/","FORÇA, RAÍZES E EXCELÊNCIA Três mulheres. Três histórias que cruzaram "
"instagram","17862008265649774","","REELS","2026-06-23T15:04:34+0000","https://www.instagram.com/reel/DZ7sV1TgI_m/","FIM DA ESPERA! 🌉✅ Depois de mais de 20 anos de espera, a comunidade d"
"instagram","17976995463024359","","REELS","2026-06-22T20:33:16+0000","https://www.instagram.com/reel/DZ5svByBpuC/","QUE HONRA! ✨🚀 Cidade que me acolhe e me relembra os valores dos nosso"
"instagram","18044851532787271","","FEED","2026-06-21T15:28:54+0000","https://www.instagram.com/p/DZ2lzp1ADtR/","FOI LINDO! ✨🚀 Mais de 400 lideranças de todas as regiões de Santa Cat"
"instagram","18119722759752639","","REELS","2026-06-19T17:45:23+0000","https://www.instagram.com/reel/DZxrSvfMEvq/","O BRASIL ENTRA EM CAMPO. QUEM GANHA É A NOSSA REGIÃO 🇧🇷⚽ Hoje a sele"
"instagram","17930958552101291","","FEED","2026-06-18T23:03:21+0000","https://www.instagram.com/p/DZvq12pAzO1/","Hoje é um dia de gratidão e orgulho. Receber o Título Honorário de Cid"
"instagram","18083640998403325","","REELS","2026-06-18T00:09:22+0000","https://www.instagram.com/reel/DZtNrd1tou9/","🔥 FORÇA. UNIÃO. RESULTADOS. Que noite especial! Mais de 400 liderança"
"instagram","17863830918633197","","REELS","2026-06-15T17:25:08+0000","https://www.instagram.com/reel/DZnWAjJhOVa/","ABRINDO CAMINHO! 🚧 Uma obra que representa muito mais do que asfalto."
"instagram","18057262370732085","","REELS","2026-06-13T18:24:06+0000","https://www.instagram.com/reel/DZiTR5cu6-s/","MEU PALPITE TÁ AÍ! 🇧🇷 O Brasil entra em campo… e aqui quem sai ganha"
"instagram","18080731637642171","","REELS","2026-06-10T20:25:22+0000","https://www.instagram.com/reel/DZayE7cAE8M/","🚒 SEGURANÇA QUE FICA PARA O FUTURO Mais uma importante entrega para o"
"instagram","18365618287224538","","REELS","2026-06-08T17:50:03+0000","https://www.instagram.com/reel/DZVXanCP3zk/","🏗️💙 MAIS ESPAÇO. MAIS INCLUSÃO. MAIS FUTURO. As novas salas da APAE "
"instagram","18078062003399096","","FEED","2026-06-07T16:30:52+0000","https://www.instagram.com/p/DZSpoECPRhN/","🎉🌽 TEMPO DE FESTA JUNINA! Chegou uma das épocas mais bonitas do ano,"
"instagram","18075823358669442","","REELS","2026-06-04T16:18:17+0000","https://www.instagram.com/reel/DZK3rAIAXMM/","🍝🇮🇹 LA BELLA POLENTA! 🇮🇹🍝 Tem sabores que alimentam muito mais d"
"instagram","17898516051305004","","REELS","2026-06-01T16:35:53+0000","https://www.instagram.com/reel/DZDNYkdgMZL/","🇧🇷 O BRASIL PRECISA VOLTAR A ENSINAR VALORES Estamos formando geraçõ"
"instagram","18140189095472938","","FEED","2026-05-30T14:59:10+0000","https://www.instagram.com/p/DY946lRgCGN/","JUDÔ E VALORES 🥋❤️ O esporte ensina muito mais do que técnica. Ensina"
"instagram","17864449188629223","","REELS","2026-05-29T20:05:06+0000","https://www.instagram.com/reel/DY72zyzOl2L/","ONDE A DONA ALZA FALOU, TÁ FALADO! 🚜🛣️ Mais uma conquista importante"
"instagram","18591510112014083","","REELS","2026-05-28T00:05:52+0000","https://www.instagram.com/reel/DY3I1OGMHrm/","Feliz aniversário, Tubarão! 💙 São 156 anos de uma cidade cheia de his"
"instagram","18108383446913089","","FEED","2026-05-27T12:15:39+0000","https://www.instagram.com/p/DY130ZBAG5i/","156 anos de uma cidade feita por gente forte. ❤️ Tubarão já enfrentou "
"instagram","18009298289863585","","FEED","2026-05-26T15:59:40+0000","https://www.instagram.com/p/DYzsqQ2gO3n/","Tem coisa que só quem é Catarina compreende. E a gente tem orgulho de "
"instagram","18163721599429965","","FEED","2026-05-24T22:07:43+0000","https://www.instagram.com/p/DYvNMOEAP9N/","FORTALECENDO NOSSAS RAÍZES 🌾✨ Que alegria participar dessa linda feir"
"instagram","17897901354450290","","REELS","2026-05-22T15:35:25+0000","https://www.instagram.com/reel/DYpVlVOAFlj/","MAIS QUALIDADE DE VIDA! 🚧👏 A Rua do Teixaco, em Braço do Norte, vai "
"instagram","18066972350364107","","REELS","2026-05-18T12:54:17+0000","https://www.instagram.com/reel/DYewg67grRe/","“Made in China” AQUI É MADE IN BRASIL!!!🇧🇷⚡ A EIKTO, instalada em La"
"instagram","18067300955362165","","REELS","2026-05-15T21:16:48+0000","https://www.instagram.com/reel/DYX79IHOOxS/","🏗️ MORRO DA FUMAÇA AVANÇANDO O que hoje é projeto, amanhã será realid"
"instagram","17885194002550245","","REELS","2026-05-12T11:17:20+0000","https://www.instagram.com/reel/DYPI4gPAXfs/","TUBARÃO MERECE MAIS! Tenho muito orgulho de representar essa cidade qu"
"instagram","18085067798526167","","FEED","2026-05-10T13:07:54+0000","https://www.instagram.com/p/DYKMSKsgIiP/","Hoje é dia de homenagear quem é o alicerce da minha família. ❤️ @brubr"
"instagram","17888076150485997","","FEED","2026-05-09T01:25:23+0000","https://www.instagram.com/p/DYGWgb8jdi7/","AQUI É O BRASIL QUE QUEREMOS! 🇧🇷 #flaviobolsonaro #brasil #santacata"
"instagram","18102261668113906","","REELS","2026-05-08T21:10:05+0000","https://www.instagram.com/reel/DYF5ONIMPKD/","ITAIÓPOLIS E SUAS RAÍZES 🇵🇱❤️ Hoje tivemos a alegria de visitar a tr"
"instagram","18098654588322981","","FEED","2026-05-05T20:10:23+0000","https://www.instagram.com/p/DX-EPz4mQ3_/","Estamos escalados pra esse ano! 🇧🇷 🛡️Saíram as figurinhas do time q"
"instagram","18110499196678145","","REELS","2026-05-04T23:22:57+0000","https://www.instagram.com/reel/DX71SHmtdk6/","ENERGIA QUE MOVE SANTA CATARINA ⚡ Hoje foi dia de reconhecer uma histó"
"instagram","17905513992413205","","REELS","2026-05-02T20:54:43+0000","https://www.instagram.com/reel/DX2bA8eBzyP/","MAIS INVESTIMENTO NO CAMPO 🚜 Seguimos trabalhando e entregando result"
"instagram","18000978434934061","","REELS","2026-04-30T20:43:33+0000","https://www.instagram.com/reel/DXxPuwKhZLj/","INVESTIMENTO QUE TRANSFORMA 🌟 Uma obra que vai mudar a cara de Itupor"
"instagram","18393800704152928","","REELS","2026-04-29T17:17:04+0000","https://www.instagram.com/reel/DXuTuKagIZM/","IMPOSTO QUE FICA NA CIDADE 💰 Você sabia que pode destinar parte do se"
"instagram","18065478617342975","","REELS","2026-04-27T20:37:40+0000","https://www.instagram.com/reel/DXpg2Nqgewx/","AUTISMO E IPVA: UM DIREITO QUE MUITA GENTE AINDA NÃO SABE 🚗💙 Muita g"
"instagram","18101691781783751","","REELS","2026-04-23T22:18:45+0000","https://www.instagram.com/reel/DXfY_UJADqI/","INVESTIMENTO QUE CHEGA NA PONTA 🚜 Hoje estive em Presidente Nereu faz"
"instagram","18006979136715125","","FEED","2026-04-22T21:03:51+0000","https://www.instagram.com/p/DXcscZTALQ3/","AUTISMO NÃO É TUDO IGUAL 🧩💙 Você sabia que existem níveis de autismo"
"instagram","18122907250620732","","REELS","2026-04-20T20:44:33+0000","https://www.instagram.com/reel/DXXfaTDgYUU/","TRADIÇÃO QUE SEGUE VIVA 🤠 Não é só um galpão. É história. É identidad"
"instagram","17936072847211722","","REELS","2026-04-19T20:43:25+0000","https://www.instagram.com/reel/DXU6Z_DAQ_z/","DESENVOLVIMENTO QUE CHEGA NA PONTA 🚧 Mais uma conquista para Orleans!"
"instagram","18096879533276749","","REELS","2026-04-18T23:39:01+0000","https://www.instagram.com/reel/DXSpzuzDbPb/","Um jogo de tênis com o mestre @esperidiaoamin! 🎾"
"instagram","18092004025920056","","REELS","2026-04-17T22:07:30+0000","https://www.instagram.com/reel/DXP619fAG0C/","NÃO FOI SORTE. FOI TRABALHO 💪 Falar que Santa Catarina “ganhou tudo” "
"instagram","18113246866764507","","REELS","2026-04-17T19:12:29+0000","https://www.instagram.com/reel/DXPmqjdkRsv/","RESULTADO QUE APARECE 👷‍♂️ Aqui não é promessa. É investimento que sa"
"instagram","18168561904411390","","REELS","2026-04-15T20:20:19+0000","https://www.instagram.com/reel/DXKkyJECden/","AUTISMO É PRIORIDADE 💙 Todo pai e toda mãe de uma criança com autismo"
"instagram","18570686446056302","","FEED","2026-04-14T18:00:11+0000","https://www.instagram.com/p/DXHxENNkagh/","NÃO É SÓ TECNOLOGIA ⚠️ Parece inovação. Parece só evolução. Mas por tr"
"instagram","17933329614215534","","REELS","2026-04-13T19:47:28+0000","https://www.instagram.com/reel/DXFXtFciYUT/","AUTISMO 🧩"
"instagram","18117306994636956","","FEED","2026-04-11T20:59:59+0000","https://www.instagram.com/p/DXAXQawkeNH/","AUTISMO E O PAPEL DO PAI 🧩 A ciência começa a mostrar que o cuidado v"
"instagram","18088439765520125","","REELS","2026-04-10T15:23:34+0000","https://www.instagram.com/reel/DW9LIjfgFbP/","MAIS PAVIMENTAÇÃO, MAIS QUALIDADE DE VIDA 🛣️ Uma máquina que vai acel"
"instagram","18405435850181700","","FEED","2026-04-08T17:12:12+0000","https://www.instagram.com/p/DW4OzcjAOBh/","AUTISMO É PRIORIDADE 💙 Abril é o mês de conscientização, mas o nosso "
"instagram","18179185780386402","","FEED","2026-04-06T15:39:29+0000","https://www.instagram.com/p/DWy6VG0APMa/","RECONHECIMENTO QUE NOS MOTIVA 🙏✨ Receber essa homenagem da STAN (Asso"
"instagram","18103987951915347","","FEED","2026-04-03T21:21:34+0000","https://www.instagram.com/p/DWrzXfMAS8D/","RECONHECIMENTO QUE NOS MOVE 💙 Recebi com muita gratidão uma moção de "
"instagram","18094544249017782","","REELS","2026-04-01T13:28:07+0000","https://www.instagram.com/reel/DWlyjIAgJDv/","INVESTIMENTO QUE TRANSFORMA 🧩 No mês do Abril Azul, reforçamos uma pa"
"instagram","18075091364539833","","REELS","2026-03-29T18:23:37+0000","https://www.instagram.com/reel/DWemlKZkQn7/","O pau que rola nas redes é que vale a pena ter deputado na região… ser"
"instagram","18176512939382317","","FEED","2026-03-27T15:34:44+0000","https://www.instagram.com/p/DWZKHHEgFri/","ENERGIA SOLAR PARA FORTALECER QUEM SALVA VIDAS ☀️❤️ A conta de luz pes"
"instagram","17872569948578753","","REELS","2026-03-26T23:20:17+0000","https://www.instagram.com/reel/DWXZ9N9DTsn/","#TBT QUE VIRA COMPROMISSO 🐾 Hoje é dia de lembrar… mas também de refo"
"instagram","18116830186649172","","FEED","2026-03-26T01:36:48+0000","https://www.instagram.com/p/DWVFbCkjZde/","ORGULHO PROGRESSISTA! 💙"
"instagram","18084682163585820","","REELS","2026-03-24T21:10:59+0000","https://www.instagram.com/reel/DWSB0lWAfTj/","REDRAGAGEM É PRIORIDADE Essa é uma luta antiga. E eu sempre estive do "
"instagram","18099978394766972","","REELS","2026-03-22T18:27:00+0000","https://www.instagram.com/reel/DWMlY0GgGV-/","ENERGIA SOLAR PARA QUEM SALVA VIDAS ☀️❤️ Reduzir custos e dar mais fôl"
"instagram","17995812554923670","","FEED","2026-03-20T21:48:30+0000","https://www.instagram.com/p/DWHzUh1gdmZ/","A última vai te surpreender! 👀🍍 Comenta aqui a que você achou mais c"
"instagram","18056565071467436","","REELS","2026-03-19T17:34:43+0000","https://www.instagram.com/reel/DWExUaWgHZf/","MENOS DISCURSO, MAIS RESULTADO 🏥✅ A nova máquina de endoscopia já che"
"instagram","17915584965318386","","FEED","2026-03-18T21:06:05+0000","https://www.instagram.com/p/DWCkUfKgRkT/","MENOS CUSTO, MAIS CUIDADO COM OS HOSPITAIS☀️🏥 Aprovamos na Alesc um p"
"instagram","17943740796137856","","FEED","2026-03-16T14:08:50+0000","https://www.instagram.com/p/DV8rEJIjcGz/","UNIDOS PELO RIO URUSSANGA 🌊 Quando falamos em redragagem do Rio Uruss"
"instagram","18386796589156322","","REELS","2026-03-15T23:50:15+0000","https://www.instagram.com/reel/DV7Io-KjQU4/","É UMA HONRA! 🤝 É uma honra receber o reconhecimento como o deputado q"
"instagram","18110509987759914","","REELS","2026-03-15T18:25:15+0000","https://www.instagram.com/reel/DV6jzptANP3/","AUTISMO É PRIORIDADE 💙 Participei da inauguração da AMA em Rio Rufino"
"instagram","18072122804199977","","FEED","2026-03-14T12:24:17+0000","https://www.instagram.com/p/DV3VpfeAM5g/","JUSTIÇA PARA O CASO ORELHA! 🚨 Votei SIM pela federalização do Caso Or"
"instagram","17963427510026071","","FEED","2026-03-13T17:00:44+0000","https://www.instagram.com/p/DV1QlTGAD5a/","🚨OLHOS ABERTOS, VITÓRIA DO BRASIL 🇧🇷 O STF formou maioria para mant"
"instagram","18076342364419956","","REELS","2026-03-12T22:04:27+0000","https://www.instagram.com/reel/DVzNyB_gEee/","VÍNCULO TAMBÉM ENSINA 💙 Uma criança com autismo não precisa recomeçar"
"instagram","18108905053813827","","REELS","2026-03-10T21:17:20+0000","https://www.instagram.com/reel/DVt_YclDc1n/","BOA NOTÍCIA PRA URUPEMA ❄️🏙️ Mesmo com a noitinha chegando, não deixa"
"instagram","17954650377085498","","FEED","2026-03-09T15:36:42+0000","https://www.instagram.com/p/DVq0B1iDZIA/","PROTEGER TAMBÉM É CUIDAR 🚨📱 Muita gente ainda acha que é “só um jogo"
"instagram","17977673156825554","","FEED","2026-03-08T12:40:02+0000","https://www.instagram.com/p/DVn6sU8gL36/","FELIZ DIA DAS MULHERES 🌷 Hoje é dia de celebrar todas as mulheres. E "
"instagram","17905467252203575","","REELS","2026-03-07T15:46:54+0000","https://www.instagram.com/reel/DVlrAdIjUL-/","O MAIOR ESCÂNDALO DA REPÚBLICA? O caso do Banco Master é um absurdo. P"
"instagram","18190302202314986","","REELS","2026-03-06T14:12:57+0000","https://www.instagram.com/reel/DVi7hANjcWN/","COMUNIDADE UNIDA 🤝 Foi uma alegria participar da inauguração do Centr"
"instagram","18058266275395424","","FEED","2026-03-05T22:36:21+0000","https://www.instagram.com/p/DVhQoOWgP7x/","Por que todas as mensagens trocadas entre Moraes e Vorcaro eram apagad"
"instagram","18081055358041453","","REELS","2026-03-02T17:29:07+0000","https://www.instagram.com/reel/DVY9JopAHO2/","ASSISTA ATÉ O FINAL, é tudo que eu peço! 😉 Começamos a semana com uma"
"instagram","18111345607678272","","REELS","2026-02-28T16:01:45+0000","https://www.instagram.com/reel/DVTrSTMDfG_/","Meu senador é CATARINENSE “DA GEMA!” O melhor senador do Brasil é noss"
"instagram","18109347232707484","","REELS","2026-02-27T20:26:52+0000","https://www.instagram.com/reel/DVRk8JUgXJ_/","DEBATE COM RESPONSABILIDADE ⏱️🇧🇷 Alguns países já testam jornadas di"
"instagram","18095094550796988","","FEED","2026-02-23T13:56:32+0000","https://www.instagram.com/p/DVGlb4ygNZO/","O MAIOR FURO ECONÔMICO DA NOSSA HISTÓRIA? Bilhões sob investigação. Ba"
"instagram","17874186462532390","","FEED","2026-02-19T20:47:01+0000","https://www.instagram.com/p/DU9BO4LAbef/","O trabalho não para e as entregas também não! 😉"
"instagram","18093782258073617","","FEED","2026-02-16T16:58:46+0000","https://www.instagram.com/p/DU04ub-AJr2/","CARNAVAL OU CAMPANHA? 🎭 O que aconteceu neste domingo foi inédito e, "
"instagram","18094195078789798","","REELS","2026-02-15T15:31:51+0000","https://www.instagram.com/reel/DUyJsSoAIz2/","NÃO É MILAGRE. É MECANISMO. 🧠🔬 Quando a ciência entende a causa, ela"
"instagram","18132719599509427","","FEED","2026-02-14T17:38:20+0000","https://www.instagram.com/p/DUvzqesgOox/","LINDA DEMAIS! 🎉 Ontem a passarela Negro Querido estava simplesmente e"
"instagram","18305409223277982","","FEED","2026-02-13T23:37:37+0000","https://www.instagram.com/p/DUt3_FhjeTI/","Seja feliz com a festa que é a cara do BRASIL! 🇧🇷"
"instagram","18052194983469967","","REELS","2026-02-08T14:35:25+0000","https://www.instagram.com/reel/DUgBjIcgMSH/","ESPORTES COM ESTRUTURA ⚽️🏟️ Mais que futebol: é convivência, saúde e "
"instagram","18105793510703975","","FEED","2026-02-07T14:37:06+0000","https://www.instagram.com/p/DUddW9KgAHz/","O TRABALHO CONTINUA… mas quem vai curtir o final de semana de sol ☀️ a"
"instagram","18054955535416618","","REELS","2026-02-06T18:46:32+0000","https://www.instagram.com/reel/DUbUjoyiahu/","CARRO NOVO PARA CAPIVARI DE BAIXO 🚗💪 Mais uma conquista chegando par"
"instagram","18104934442834678","","FEED","2026-02-05T20:30:10+0000","https://www.instagram.com/p/DUY8LPWkcdM/","QUANDO A JUSTIÇA TEM SOBRENOME… ⚖️🧐 Parentes diretos de 8 dos 10 mini"
"instagram","17905623456185498","","REELS","2026-02-04T14:46:09+0000","https://www.instagram.com/reel/DUVuUh_gCd0/","OBRA QUE TRANSFORMA VIDAS EM IÇARA 🚧 A Rua 17 de Dezembro, no Loteame"
"instagram","17880373440461396","","FEED","2026-02-03T20:30:50+0000","https://www.instagram.com/p/DUTx445AXqf/","ANO LEGISLATIVO COMEÇOU NA ALESC ▶️ O ano legislativo começou oficialm"
"instagram","18049256462695352","","REELS","2026-02-02T22:28:40+0000","https://www.instagram.com/reel/DURbC3cAEh2/","TRABALHO SEM PAUSA 🚧✈️ Praia? Quase não se vê… Quando o compromisso é"
"instagram","17935357260015848","","REELS","2026-01-31T14:39:02+0000","https://www.instagram.com/reel/DULb_F_AI6L/","R$ 33,9 MILHÕES. OFFSHORE. SIGILO. 🕵️‍♂️ O caso precisa ser investiga"
"instagram","18165828118401926","","FEED","2026-01-30T21:11:01+0000","https://www.instagram.com/p/DUJkFJsgfXg/","🚨 Bilhões em risco. 🏦 Um banco colapsa. ⚖️ O sistema falha. O caso B"
"instagram","17899687746225672","","REELS","2026-01-29T21:08:17+0000","https://www.instagram.com/reel/DUG-karAWrd/","ENTREGA QUE VALORIZA QUEM CUIDA DE TODOS 💙🚐 Mais do que uma van: é u"
"instagram","18255322288295000","","FEED","2026-01-28T16:14:35+0000","https://www.instagram.com/p/DUD4IRrgMM6/","Ex-ministra da Suprema Corte do Chile, Ángela Vivanco, foi presa em Sa"
"instagram","17909652429322575","","REELS","2026-01-28T09:30:00+0000","https://www.instagram.com/reel/DUDKUDBDeAN/","⚽️ Investir no esporte é investir no futuro. São R$ 500 mil para o gra"
"instagram","18153553147427809","","REELS","2026-01-23T11:24:56+0000","https://www.instagram.com/reel/DT2e9D7gLOL/","🚀 Rio Fortuna segue avançando! Mais investimentos chegando para fazer"
"instagram","17948534988089425","","REELS","2026-01-19T13:20:27+0000","https://www.instagram.com/reel/DTsZKEEgHwo/","A MELHOR COISA QUE TEM: Ver a obra pronta do recurso que enviamos! 🚀 "
"instagram","17849816700657322","","REELS","2026-01-16T20:52:26+0000","https://www.instagram.com/reel/DTleyCLgepb/","AQUI NÃO PARA e o ASFALTO CHEGOU! 🚧🔥 O cheirinho de asfalto novo que"
"instagram","17971395962987352","","REELS","2026-01-15T18:54:34+0000","https://www.instagram.com/reel/DTish1nAU9M/","SE EU PUDESSE, EU RESOLVIA TUDO! 💪🏼 Se fosse só pela vontade, tava t"
"instagram","18199337572328012","","REELS","2026-01-14T22:59:48+0000","https://www.instagram.com/reel/DTgihs4CSe_/","Começando o ano com o pé direito! 🙌 Gravatal avança com a inauguração"
"instagram","18163008562362698","","REELS","2026-01-04T23:09:38+0000","https://www.instagram.com/reel/DTG0zjyDUvf/","🛢️ DITADURA, OURO E INTERESSES ESCONDIDOS 💰 Sim, Maduro é um ditador"
"instagram","18111932266559003","","FEED","2026-01-04T17:30:07+0000","https://www.instagram.com/p/DTGOIhkgN1D/","🇻🇪 VENEZUELA: DO OURO NEGRO À CRISE HUMANITÁRIA 🛢️🔥 Já foi chamada"
"instagram","18082004774518305","","FEED","2025-12-31T18:50:10+0000","https://www.instagram.com/p/DS8EHVSgDVl/","🎉 FÉ, FORÇA, FUTURO Que 2026 seja o ano em que a esperança se transfo"
"instagram","18144976942459473","","REELS","2025-12-30T21:48:40+0000","https://www.instagram.com/reel/DS5ziPvga64/","Ano corrido de muito trabalho, confere aí o que a Siri trouxe pra gent"
"instagram","18028989764579230","","FEED","2025-12-27T19:44:11+0000","https://www.instagram.com/p/DSx3HdPAVKa/","UM ANO INTEIRO DE ENTREGA 🚀 Foram 12 meses de correria, de estrada, d"
"instagram","18112332415617894","","FEED","2025-12-25T13:01:36+0000","https://www.instagram.com/p/DSr_dCWAJJG/","Que o Natal renove a fé, fortaleça a esperança e encha nossos lares de"
"instagram","17985751028920583","","REELS","2025-12-24T13:28:55+0000","https://www.instagram.com/reel/DSpdWgmgM_n/","FELIZ NATAL 🎁 ✨🎄 O Natal é tempo de sentir, agradecer e estar junto."
"instagram","18068490251129438","","REELS","2025-12-23T15:12:41+0000","https://www.instagram.com/reel/DSnD0FWgOpD/","Mais um importante equipamento entregue através do nosso mandato! 💪🚜"
"instagram","18087247814091590","","REELS","2025-12-22T15:49:08+0000","https://www.instagram.com/reel/DSkih7EgAn7/","🚐🚑 Mais mobilidade, mais cuidado e mais esporte para Capivari! Entre"
"instagram","18056475707329790","","REELS","2025-12-18T20:59:45+0000","https://www.instagram.com/reel/DSazYTEgWin/","PAULO LOPES FAZ E FAZ RÁPIDO! 🚜💥 Obra boa é obra entregue, e Paulo L"
"instagram","17851466925603965","","FEED","2025-12-18T01:18:39+0000","https://www.instagram.com/p/DSYtcYyjQAo/","Formatura do 5º ano da nossa Manu 🎓 Um passo importante nessa caminha"
"instagram","18085070561091263","","REELS","2025-12-10T16:59:37+0000","https://www.instagram.com/reel/DSFyT4-AMnE/","💥 Capivari de Baixo segue avançando — e o trabalho não para! Revitali"
"instagram","18004741538824226","","FEED","2025-12-09T21:38:05+0000","https://www.instagram.com/p/DSDt14cAY1N/","SAÚDE MENTAL IMPORTA 🧠✨ Hoje, o deputado Felippe Collaço entregou uma"
"instagram","18089584849980708","","REELS","2025-12-09T01:41:02+0000","https://www.instagram.com/reel/DSBkZbqDSpV/","🏅 Reconhecimento a quem faz a diferença em Santa Catarina Na noite de"
"instagram","17890598652389235","","REELS","2025-12-07T11:21:09+0000","https://www.instagram.com/reel/DR9dQfvgPj0/","Você sabia que o aumento do uso de leite em pó importado tem preocupad"
"instagram","18303098686281511","","REELS","2025-12-01T18:03:01+0000","https://www.instagram.com/reel/DRuuj4sAAG3/","🚨🚐 Você viu isso? Capivari de Baixo acaba de ganhar um reforço que m"
"instagram","18087785560788332","","FEED","2025-11-24T22:09:03+0000","https://www.instagram.com/p/DRdJdkJgB2M/","Carlos Gomes levou o Brasil ao mundo — e você conhece sua música mesmo"
"instagram","18082040732319718","","REELS","2025-11-22T19:18:30+0000","https://www.instagram.com/reel/DRXsHungVDy/","A tilápia é mais que um peixe: é renda, tradição e o sustento de cente"
"instagram","18543763876057662","","FEED","2025-11-17T22:54:41+0000","https://www.instagram.com/p/DRLNHtyja5E/","🇧🇷✨ Joaquim Nabuco: o abolicionista que sonhou um Brasil mais justo,"
"instagram","18022054244716881","","FEED","2025-11-14T16:59:40+0000","https://www.instagram.com/p/DRC2GzcAB4b/","🌻 Você já deve ter visto esses cordões coloridos. Muito mais que aces"
"instagram","18293063179259296","","FEED","2025-11-10T20:18:46+0000","https://www.instagram.com/p/DQ45toqkRCH/","🇧🇷 O que te ensinaram na escola sobre a bandeira do Brasil… é mentir"
"instagram","18214791166308873","","FEED","2025-11-08T19:38:54+0000","https://www.instagram.com/p/DQzrj1lEQ6N/","•• O Censo do Autismo não é estatística — é dignidade! A invisibilidad"
"instagram","18331917814240469","","REELS","2025-11-05T23:36:47+0000","https://www.instagram.com/reel/DQsX5wwjXSd/","Dia intenso por aqui! 💪🔥 Muito trabalho, muitos atendimentos e ainda"
"instagram","18165914161343175","","FEED","2025-11-05T20:33:38+0000","https://www.instagram.com/p/DQsDcIGgfpV/","Um brinde à uva Goethe, que nos presenteia com vinhos, frisantes e esp"
"instagram","18409151743141967","","FEED","2025-11-04T23:51:18+0000","https://www.instagram.com/p/DQp1Q7KDQhT/","Que honra imensa! Receber o Título de Cidadão Honorário de Antônio Car"
"instagram","18064763264574645","","FEED","2025-11-03T12:31:11+0000","https://www.instagram.com/p/DQmCovGgLKw/","Um homem à frente do seu tempo. Um líder que escolheu o conhecimento c"
"instagram","18111238474581475","","REELS","2025-11-01T20:58:35+0000","https://www.instagram.com/reel/DQhyniJAWtr/","💬 Uma das melhores partes de ser deputado é poder lutar pelos municíp"
"instagram","18423945031110492","","FEED","2025-11-01T16:40:22+0000","https://www.instagram.com/p/DQhVkILAJkT/","Quando temos apoio, a caminhada fica mais fácil. E o que falar desse t"
"instagram","18084878312067666","","FEED","2025-11-01T00:42:19+0000","https://www.instagram.com/p/DQfn7HVjeDs/","💙 Casa cheia em Armazém! Que energia incrível estar com tantas lidera"
"instagram","18079520242882866","","REELS","2025-10-31T10:03:33+0000","https://www.instagram.com/reel/DQeB7ucgDU8/","Prestando contas em Gaspar! Seguimos com o compromisso de estar perto "
"instagram","18143876269390391","","FEED","2025-10-31T00:25:47+0000","https://www.instagram.com/p/DQdBPJhDRIR/","🤝 Encontro com as lideranças do Alto Vale Reunimos lideranças da regi"
"instagram","18028697033743086","","FEED","2025-10-29T21:04:28+0000","https://www.instagram.com/p/DQaFZx8AcC8/","POLÍTICA QUE ESCUTA E AGE 👂🏼➡️✍🏼 A verdadeira política acontece for"
"instagram","17873745141441769","","FEED","2025-10-27T18:36:00+0000","https://www.instagram.com/p/DQUq0ovAboT/","CIÊNCIA AVANÇA NO ENTENDIMENTO DO AUTISMO 🧠🧬 Pesquisadores da Univer"
"instagram","18051761678329409","","FEED","2025-10-25T23:25:31+0000","https://www.instagram.com/p/DQQCXWZDfXy/","✨ Parabéns, Pescaria Brava! 🎉 A cidade mais jovem de Santa Catarina s"
"instagram","18349447771164825","","FEED","2025-10-25T13:48:48+0000","https://www.instagram.com/p/DQPAXW6ACEL/","ORGULHO E DISCIPLINA 🥋💙 O esporte é um dos caminhos mais bonitos pra"
"instagram","18086750662753034","","REELS","2025-10-24T16:33:03+0000","https://www.instagram.com/reel/DQMtP3cAAd9/","CHEGAMOS EM TREZE TÍLIAS! Foram destinados R$ 200 mil para a pavimenta"
"instagram","18075831007931271","","FEED","2025-10-21T22:38:06+0000","https://www.instagram.com/p/DQFpwmZjang/","💰 QUEM ERA O BILIONÁRIO DO IMPÉRIO? Muito antes do Brasil ser industr"
"instagram","18193775347325367","","FEED","2025-10-17T14:18:27+0000","https://www.instagram.com/p/DP6dZgvjYL-/","Parabéns, meu amor, Bruna! 😍 Muitos anos de vida. Você é uma mulher i"
"instagram","18054900461280197","","REELS","2025-10-16T21:24:10+0000","https://www.instagram.com/reel/DP4ovpeAD6x/","OUTUBRO ROSA É COISA SÉRIA 💗 O câncer de mama e do colo do útero prec"
"instagram","18105413911608047","","FEED","2025-10-15T19:20:25+0000","https://www.instagram.com/p/DP12XdKgZcn/","Que Deus continue abençoando o nosso casamento, fortalecendo o amor e "
"instagram","18058504427233022","","FEED","2025-10-14T23:24:53+0000","https://www.instagram.com/p/DPztjIGjalF/","VOCÊ REALMENTE CONHECE NOSSO PRIMEIRO IMPERADOR? Apaixonado, polêmico,"
"instagram","18084553258939897","","REELS","2025-10-13T19:45:19+0000","https://www.instagram.com/reel/DPwvErmAQxZ/","🌸 FORÇA E DEDICAÇÃO QUE INSPIRAM! O Clube de Mães é um exemplo de com"
"instagram","18077805614120934","","REELS","2025-10-12T14:44:12+0000","https://www.instagram.com/reel/DPtoAm2DaIS/","🌈 Feliz Dia das Crianças! Que todas as crianças possam sentir a alegr"
"instagram","18412059511117355","","REELS","2025-10-11T20:36:12+0000","https://www.instagram.com/reel/DPrrpj0AQyz/","CORAGEM PELA DEMOCRACIA A perseguição de um regime autoritário que tra"
"instagram","18080074649088635","","FEED","2025-10-08T13:26:46+0000","https://www.instagram.com/p/DPjMVGJDWOy/","ELE QUIS LIBERTAR O BRASIL… ANTES DE TODO MUNDO 🧠🔥 Enquanto o país a"
"instagram","17881364808282124","","REELS","2025-10-06T20:41:11+0000","https://www.instagram.com/reel/DPey-4XkS4x/","🌦️ Faça chuva, faça sol, tem obra em Pescaria Brava! Hoje foi dia de "
"instagram","18356115520090894","","REELS","2025-10-05T17:06:56+0000","https://www.instagram.com/reel/DPb3ExwgG7r/","BOLA DENTRO PELO ESPORTE! ⚽️ A revitalização do campo em Criciúma rece"
"instagram","17928193791026673","","REELS","2025-10-04T21:19:45+0000","https://www.instagram.com/reel/DPZvCR3kagJ/","MAIS CUIDADO COM A NOSSA GENTE 🚐💙 Praia Grande ganhou mais do que um"
"instagram","18291242593283714","","REELS","2025-10-03T16:30:44+0000","https://www.instagram.com/reel/DPWo86PDZA6/","GAROPABA NO ASFALTO! 🛣️🚧 Mais investimentos para melhorar a mobilida"
"instagram","18079324729994807","","REELS","2025-10-01T22:11:02+0000","https://www.instagram.com/reel/DPSGfrrjTXm/","Qual a sua opinião sobre COTAS pra outros estados? 👀 #UDESC #COTAS"
"instagram","18060792083136599","","REELS","2025-09-30T17:56:32+0000","https://www.instagram.com/reel/DPPDM-MAP3K/","130 ANOS DE AMIZADE 🇧🇷🤝🇯🇵 Uma história de respeito e cooperação q"
"instagram","18083847751936882","","FEED","2025-09-30T01:02:35+0000","https://www.instagram.com/p/DPNQzlcjZW2/","130 ANOS DE AMIZADE 🇧🇷🤝🇯🇵 Santa Catarina tem orgulho da contribui"
"instagram","18052760240542925","","FEED","2025-09-29T16:51:52+0000","https://www.instagram.com/p/DPMYpZwDWm5/","Notícias da semana! 🗞️☕️"
"instagram","18092249629773348","","REELS","2025-09-27T18:00:23+0000","https://www.instagram.com/reel/DPHWKnsgF2k/","PROJETO ASSINADO! 📑🌊 Assinamos o contrato para elaboração do projeto"
"instagram","17996208440827539","","FEED","2025-09-27T13:39:28+0000","https://www.instagram.com/p/DPG5Cj5DF5O/","🌍✨ No Dia Mundial do Turismo, celebramos um dos maiores tesouros de S"
"instagram","17943495918054730","","REELS","2025-09-26T16:59:26+0000","https://www.instagram.com/reel/DPEqxayjGmo/","MAIS UMA OBRA PRA VALER 🚧 A rua 12 de Outubro, em Tubarão, está saind"
"instagram","18050980193640332","","REELS","2025-09-25T22:00:04+0000","https://www.instagram.com/reel/DPCouFjjb2r/","👘✨ Hoje viemos de YUKATA, a roupa tradicional japonesa de verão, para"
"instagram","18376767322181812","","FEED","2025-09-24T21:55:34+0000","https://www.instagram.com/p/DPADbfNDbvZ/","MAIS UM PASSO DADO PARA A REDRAGAGEM 📑✅ Hoje foi assinada a contrataç"
"instagram","17980938923912158","","REELS","2025-09-23T02:19:37+0000","https://www.instagram.com/reel/DO7XiUKDTmG/","Governo Trump aponta que o uso de paracetamol (Tylenol) durante a grav"
"instagram","18056067281625456","","FEED","2025-09-22T22:40:36+0000","https://www.instagram.com/p/DO6-_d4jbKq/","Notícias da semana! 👀🗞️"
"instagram","17962883762968595","","REELS","2025-09-17T17:31:11+0000","https://www.instagram.com/reel/DOtg4q-gACe/","🚨 Notícia boa pra Gaspar! 💙 R$ 150 mil já estão garantidos para fort"
"instagram","17942062581052834","","FEED","2025-09-15T22:05:07+0000","https://www.instagram.com/p/DOo5XkVDb2T/","REGULARIZAÇÃO NA BALEIA FRANCA 🏠✅ A Advocacia-Geral da União autorizo"
"instagram","18095148865659818","","REELS","2025-09-14T16:40:30+0000","https://www.instagram.com/reel/DOluzWuAPl3/","🚧 MAIS UMA RUA ASFALTADA! 🛣️ Hoje é dia de comemorar: a pavimentação"
"instagram","18092490871665886","","REELS","2025-09-13T15:22:32+0000","https://www.instagram.com/reel/DOjBG9xDRyZ/","Faz o café que eu to chegando! ☕️🚀"
"instagram","17940237614938408","","REELS","2025-09-12T11:50:36+0000","https://www.instagram.com/reel/DOgD7NZgMO6/","INCLUSÃO QUE FAZ A DIFERENÇA! 🧩 Uma sala sensorial transforma a exper"
"instagram","18073340579277890","","REELS","2025-09-09T21:41:27+0000","https://www.instagram.com/reel/DOZY3xQgKiq/","🎶 PATRIMÔNIO VIVO, ORGULHO CATARINENSE! Você sabia que a Banda União "
"instagram","17979608036872429","","FEED","2025-09-08T17:54:28+0000","https://www.instagram.com/p/DOWbHnHAB0-/","TER DEPUTADO FAZ DIFERENÇA! 🚀 Tubarão pode contar comigo hoje, amanhã"
"instagram","18082583467928391","","REELS","2025-09-07T16:06:58+0000","https://www.instagram.com/reel/DOTpn9Wjdfb/","🇧🇷 ORGULHO DE SER BRASILEIRO O 7 de Setembro é um momento de união e"
"instagram","18039129281428278","","FEED","2025-09-06T19:13:00+0000","https://www.instagram.com/p/DORag_fgBkt/","Deixe sua opinião nos comentários! 👀"
"instagram","18092955907708305","","REELS","2025-09-05T15:56:03+0000","https://www.instagram.com/reel/DOOeN2DDeiD/","AGRO MAIS FORTE EM BRAÇO DO NORTE 🚜🌱 Renovamos a frota de tratores n"
"instagram","18057291323452552","","REELS","2025-09-03T16:45:43+0000","https://www.instagram.com/reel/DOJa3OigOz0/","PROERD PARABÉNS! 👏 Ver a minha Manuzinha nesse programa enche meu cor"
"instagram","17869226667431954","","FEED","2025-09-03T00:55:58+0000","https://www.instagram.com/p/DOHulb0DVjZ/","PROERD: LIÇÕES PARA A VIDA ✨👮‍♂️👧👦 O PROERD vai muito além da sala "
"instagram","18021741404753722","","FEED","2025-08-31T15:41:03+0000","https://www.instagram.com/p/DOBlfbHDTUh/","Notícias da semana! 🗞️"
"instagram","18089607424813083","","REELS","2025-08-29T20:09:37+0000","https://www.instagram.com/reel/DN86PPCAb4u/","🤝✨ Hoje é um dia especial para Tubarão! Destinamos R$100 mil para o C"
"instagram","18065949050191374","","REELS","2025-08-29T00:50:03+0000","https://www.instagram.com/reel/DN61HFmDW1i/","✨ Gratidão imensa a toda a cidade de Içara pelo título de Cidadão de I"
"instagram","17880065073261135","","FEED","2025-08-20T19:18:42+0000","https://www.instagram.com/p/DNlpp1IpoAc/","A senadora Tereza Cristina é sinônimo de trabalho, dedicação e comprom"
"instagram","17857977360474652","","FEED","2025-08-19T18:06:51+0000","https://www.instagram.com/p/DNi8oy0O8Z3/","UNIÃO PROGRESSISTA: NOVO CAPÍTULO NA POLÍTICA 🇧🇷 Nossa convenção Pro"
"instagram","18379089121125071","","REELS","2025-08-17T17:04:09+0000","https://www.instagram.com/reel/DNdrGY-OXzj/","OBRA CONCLUÍDA E VEM MAIS POR AÍ! 🚀 Cheirinho de asfalto novo na estr"
"instagram","18525174658050058","","FEED","2025-08-16T19:30:55+0000","https://www.instagram.com/p/DNbX32JpTd9/","✨ Nosso sábado é assim: sempre junto, sempre presente! Hoje marcando p"
"instagram","18365448976151131","","REELS","2025-08-13T20:32:45+0000","https://www.instagram.com/reel/DNTwHkYJn4G/","Trabalhamos muito e com sorriso no rosto porque fazemos o que a gente "
"instagram","18187816510319195","","REELS","2025-08-11T22:01:44+0000","https://www.instagram.com/reel/DNOv9s7JGrx/","🚀O futuro da inovação já tem endereço em Tubarão: Sigma Park! 💡 🏙️ "
"instagram","18084291196848335","","FEED","2025-08-10T18:37:05+0000","https://www.instagram.com/p/DNL08XhpN1o/","Feliz dia dos pais para todos 💙"
"instagram","18088765564742410","","REELS","2025-08-09T21:36:23+0000","https://www.instagram.com/reel/DNJkWlqJ0DZ/","Quem viveu essa época de debates reais? 🤔"
"instagram","18043556090646497","","REELS","2025-08-07T17:07:00+0000","https://www.instagram.com/reel/DND7i_-utdH/","DESENVOLVENDO A REGIÃO! 🫡 Assumi o compromisso de representar o Sul e"
"instagram","18051274577407810","","REELS","2025-08-06T22:22:09+0000","https://www.instagram.com/reel/DNB6yvkptFR/","Com orgulho e gratidão, aprovamos a homenagem ao Movimento Escoteiro e"
"instagram","17947965824881815","","REELS","2025-08-04T18:48:47+0000","https://www.instagram.com/reel/DM8Y7FopI7w/","🏗️ O Clube do Idoso será ampliado! Mais qualidade de vida, mais respe"
"instagram","18338110306164475","","FEED","2025-08-03T18:29:58+0000","https://www.instagram.com/p/DM5ykF-JsLf/","NA ESTRADA! 🚙💨🙅‍♂️ Essa semana foi de estrada, encontros e escutand"
"instagram","18093101518632293","","REELS","2025-08-01T17:22:29+0000","https://www.instagram.com/reel/DM0g5k3uVif/","📍PASSO DE TORRES Trabalhar pelo desenvolvimento das nossas cidades é "
"instagram","18090647506664109","","REELS","2025-07-31T16:50:36+0000","https://www.instagram.com/reel/DMx4WykOV8G/","MAIS DE 2 MIL KM só essa semana!🚙💨 Precisamos estar nas cidades pra "
"instagram","17858193441466551","","FEED","2025-07-30T19:39:48+0000","https://www.instagram.com/p/DMvnYFJpZPD/","ESTAR PRESENTE! 🤝 🚨 Avanços que você pode ver e sentir! Estivemos on"
"instagram","17912372448156314","","REELS","2025-07-29T14:53:16+0000","https://www.instagram.com/reel/DMsg6UbuqM5/","PÉ NA ESTRADA! 🚙🙅‍♂️ Aqui em Grão-Pará não foi diferente, emenda, in"
"instagram","17892205161281065","","FEED","2025-07-28T20:35:24+0000","https://www.instagram.com/p/DMqkJhaJLFn/","🏃‍♀️⚽ O esporte transforma, inspira e ensina. É no jogo, na disciplin"
"instagram","18008836565608326","","FEED","2025-07-26T22:32:12+0000","https://www.instagram.com/p/DMln7PPJmeG/","O trabalho não para! 🚀 Reunião importante do partido em Gravatal, reu"
"instagram","17883279984222344","","FEED","2025-07-23T19:38:40+0000","https://www.instagram.com/p/DMdlrnCJstK/","Tamo chegandooo! 🚙💨 Onde a gente passa, a transformação acontece! 💪"
"instagram","18044420888293707","","FEED","2025-07-21T19:08:32+0000","https://www.instagram.com/p/DMYYpJjJwRU/","COMEÇANDO A SEMANA INFORMADO! 🗞️☕️"
"instagram","18285013024269248","","REELS","2025-07-20T15:39:19+0000","https://www.instagram.com/reel/DMVbiB5uwiT/","🚧 Obra aguardada, conquista confirmada! A ligação entre a Várzea e a "
"instagram","18353626687085165","","FEED","2025-07-17T21:27:13+0000","https://www.instagram.com/p/DMOVVX8pZSX/","💸 Calote bilionário da Venezuela: quem paga é você. Desde 2018, Madur"
"instagram","18063154037225782","","REELS","2025-07-16T22:51:29+0000","https://www.instagram.com/reel/DML5pjEp1Mk/","🎓 UNIVERSIDADE GRATUITA! 💥 Tem gente se endividando por acreditar em"
"instagram","17916737262131464","","REELS","2025-07-15T18:02:37+0000","https://www.instagram.com/reel/DMIzO3PucMt/","📍 Capivari de Baixo precisa de reforço no Judiciário! Hoje levamos ao"
"instagram","18032388968678549","","REELS","2025-07-14T15:27:50+0000","https://www.instagram.com/reel/DMF8t68OUya/","✨ O que era sonho, agora é realidade! Garopaba acaba de ganhar uma nov"
"instagram","17953143926841025","","REELS","2025-07-12T19:39:55+0000","https://www.instagram.com/reel/DMBQQcwJdlX/","Festa junina do Colégio São José! 🌽🎉 Aproveitando esse tempinho pra "
"instagram","18059687240197714","","REELS","2025-07-12T12:43:52+0000","https://www.instagram.com/reel/DMAhFwpOzVW/","📉 Quem paga a conta dos novos impostos? Sempre o povo. Enquanto dever"
"instagram","18380122087135090","","FEED","2025-07-11T16:13:09+0000","https://www.instagram.com/p/DL-Un1QOTCl/","QUEM PAGA O PREÇO DESSA IRRESPONSABILIDADE SOMOS NÓS! 😒 Deixe sua opi"
"instagram","18318467422300041","","FEED","2025-07-10T19:28:22+0000","https://www.instagram.com/p/DL8GKwdpdqJ/","👏Parabéns Sr. Lindomar Cardoso Tournier, exemplo de vitalidade, talen"
"instagram","18054113504105226","","REELS","2025-07-09T21:49:25+0000","https://www.instagram.com/reel/DL5w--Gpeh8/","A correria é grande, o dia é intenso, mas a gente trabalha com felicid"
"instagram","17880978234345858","","REELS","2025-07-08T16:17:06+0000","https://www.instagram.com/reel/DL2lflouMJG/","💭 O jogo é às 16h, mas a cabeça já tá gritando: FLUMINENSE VAI JOGAR!"
"instagram","18349992982087301","","FEED","2025-07-07T23:35:19+0000","https://www.instagram.com/p/DL00C27pJLz/","MILEI CORTA IMPOSTOS, LULA AUMENTA! 😒 O aumento de impostos só tira o"
"instagram","17912594229156081","","REELS","2025-07-07T13:17:13+0000","https://www.instagram.com/reel/DLztJZSOTro/","E vamos pra mais uma semana abençoada! 🙏🚀"
"instagram","18166739050347631","","FEED","2025-07-04T22:48:02+0000","https://www.instagram.com/p/DLtAP-qJHN1/","VAMO PRA SEMIFINAL!❤️🤍💚 Só quem é tricolor sabe o que foi esse jogo!"
"instagram","17907651342183719","","FEED","2025-07-04T18:35:27+0000","https://www.instagram.com/p/DLsjV-AJyvL/","PRA CIMA FLUMINENSE! Hoje o clima é esse e não tem jeito: EU VOU FICAR"
"instagram","18047321534533463","","FEED","2025-07-02T17:14:29+0000","https://www.instagram.com/p/DLnQfRlOtTd/","FLA X FLU, o clássico também na política? ⚽️🫢 No Podcast Jogo Rápido "
"instagram","18059471525203908","","REELS","2025-07-01T14:59:05+0000","https://www.instagram.com/reel/DLkcITPuO9M/","CAMINHOS DO MAR! 🌊 O asfaltamento da estrada que liga Passo de Torres"
"instagram","17912917602140877","","FEED","2025-06-29T17:15:02+0000","https://www.instagram.com/p/DLfiKpxO5i2/","🗞️Confere as notícias da semana! ➡️"
"instagram","18063255239177068","","REELS","2025-06-27T20:05:28+0000","https://www.instagram.com/reel/DLarROQJIpa/","PARCERIA QUE GERA DESENVOLVIMENTO! 💪 A nova ponte no bairro Represa, "
"instagram","18363198670147210","","REELS","2025-06-24T21:14:19+0000","https://www.instagram.com/reel/DLTFQc_JAxJ/","📚 MAIS INCLUSÃO NO UNIVERSIDADE GRATUITA! Defendi a inclusão dos alun"
"instagram","18104084869477816","","REELS","2025-06-23T22:37:30+0000","https://www.instagram.com/reel/DLQp3AFJ65n/","Falou em buscar mais recursos pra nossa região, eu já tô pronto! 🛵"
"instagram","17849606001487567","","FEED","2025-06-21T15:13:12+0000","https://www.instagram.com/p/DLKt3RfuYkC/","Muito triste as cenas do balão em Praia Grande vistas essa manhã. Minh"
"instagram","18388216648190849","","FEED","2025-06-20T15:05:25+0000","https://www.instagram.com/p/DLIILZJuBNA/","Não é sobre obediência, É SOBRE EDUCAÇÃO! 📚 Nosso projeto de Educação"
"instagram","18046241630204994","","REELS","2025-06-18T20:23:39+0000","https://www.instagram.com/reel/DLDi5nQJRd6/","AUTISMO É PRIORIDADE! 💙 O autismo não tem cara, mas tem realidade e e"
"instagram","17855097744453846","","FEED","2025-06-17T15:07:21+0000","https://www.instagram.com/p/DLAaA5ouEZX/","Entenda um pouco os números do censo do @ibgeoficial 👀🧩"
"instagram","17898872034209095","","REELS","2025-06-14T15:22:39+0000","https://www.instagram.com/reel/DK4s-TVOWC7/","Investir em saúde é investir no presente das pessoas! 🤝"
"instagram","18165286774346533","","FEED","2025-06-12T20:06:34+0000","https://www.instagram.com/p/DK0ESEEptCT/","E hoje é dia dos namorados. Então lá vai uma fotinho com minha companh"
"instagram","17956294910951182","","FEED","2025-06-12T16:03:57+0000","https://www.instagram.com/p/DKzohHcuSsi/","Estamos cada vez mais próximo de você! 🤝"
"instagram","17855634507446603","","REELS","2025-06-10T22:23:31+0000","https://www.instagram.com/reel/DKvKD2wp8m6/","APROVADO NA CCJ ✅ Agora nosso projeto irá pras próximas comissões. Seg"
"instagram","18511153846003636","","REELS","2025-06-08T18:07:50+0000","https://www.instagram.com/reel/DKpjMYMpDBy/","Um bolinho arrematado em Gravatal 😋 Gosto de estar assim, junto da co"
"instagram","18175003048328113","","FEED","2025-06-08T15:29:50+0000","https://www.instagram.com/p/DKpRbzVOBqg/","Notícias da semana 🚀📰"
"instagram","17910507897141496","","FEED","2025-06-08T02:47:34+0000","https://www.instagram.com/p/DKn6MsxIn3g/","🎉 FESTA JUNINA NA PASSAGEM! 🌽🔥 De 5 a 12 de junho, a Praça da Igrej"
"instagram","18070008508968678","","REELS","2025-06-07T18:44:40+0000","https://www.instagram.com/reel/DKnCbXApwNA/","DAS BELEZAS DE SANTA CATARINA 🐬 📸🔁 @faroldesantamarta"
"instagram","18056056433036335","","FEED","2025-06-06T17:44:47+0000","https://www.instagram.com/p/DKkXSXCOWh7/","Trabalhando por SC porque nossas cidades merecem! 👊"
"instagram","17919435150095663","","REELS","2025-06-05T18:13:38+0000","https://www.instagram.com/reel/DKh0aG-RXU5/","📊 DADOS DOS AUTISTAS EM SC! 🧩 A apresentação do @ibgeoficial foi um "
"instagram","18074181136912513","","REELS","2025-06-04T17:19:44+0000","https://www.instagram.com/reel/DKfKnJ1ObYy/","Parabéns pelos 130 anos, Colégio São José! 🎉 Tive a honra de estudar "
"instagram","17913346503105622","","REELS","2025-06-02T19:02:08+0000","https://www.instagram.com/reel/DKaMajDpBO1/","VAI TER CANTEIRO DE OBRA NOSSA EM IMBITUBA!🚧 O mandato tá chegando em"
"instagram","17922807051089857","","FEED","2025-05-31T01:27:59+0000","https://www.instagram.com/p/DKTKuzxI2Rm/","📍 **ESTAR PERTO FAZ TODA A DIFERENÇA!** 🚗✨ Passamos por Agronômica, "
"instagram","18279707899264318","","REELS","2025-05-28T18:51:26+0000","https://www.instagram.com/reel/DKNTQcNJw4m/","É FESTA!🎉A apresentação da @camerataflorianopolis foi maravilhosa fec"
"instagram","18078836737801140","","REELS","2025-05-28T00:38:35+0000","https://www.instagram.com/reel/DKLWa5BIV8r/","VIVA TUBARÃO! 🦈 Quem ama nossa cidade compartilha! 🫶"
"instagram","18272114662274101","","FEED","2025-05-27T17:32:50+0000","https://www.instagram.com/p/DKKl-IWux6K/","🦈Tubarão, 155 anos! 🎉 Cada conquista, cada passo, cada sonho realiza"
"instagram","18083835709674126","","FEED","2025-05-27T14:36:34+0000","https://www.instagram.com/p/DKKRzJlujpZ/","Reunião produtiva com o Governador @jorginhomello e a bancada do Progr"
"instagram","17869467144376527","","REELS","2025-05-26T22:04:37+0000","https://www.instagram.com/reel/DKIfuBhovJ-/","QUE APRESENTAÇÃO! 👏 Hoje entregamos uma Moção de Aplausos à Sociedade"
"instagram","18069643852793040","","FEED","2025-05-24T21:44:35+0000","https://www.instagram.com/p/DKDUZW8RZHc/","Que Jesus esteja sempre contigo. Te amamos filha! ❤️ Um dia especial e"
"instagram","18209123872306993","","REELS","2025-05-23T16:29:27+0000","https://www.instagram.com/reel/DKALTQwO44g/","Boa notícia chegando pra Antônio Carlos! 🤭 R$350 mil garantidos para "
"instagram","17892233547126676","","FEED","2025-05-21T20:40:24+0000","https://www.instagram.com/p/DJ7eqtLJ_x6/","Como é bom receber vocês! 💕 @redefemininatubarao contem comigo nessa "
"instagram","18032916341372165","","REELS","2025-05-20T20:10:01+0000","https://www.instagram.com/reel/DJ413Y1pibY/","PRESTAÇÃO DE CONTAS NA ACIT ✍️ Mais de R$ 56 milhões investidos no Sul"
"instagram","18124435768439845","","REELS","2025-05-19T19:23:40+0000","https://www.instagram.com/reel/DJ2L2MWJKqq/","PepêReborn em ação pra mostrar como se faz política: Prestando Contas "
"instagram","17952983864958171","","REELS","2025-05-19T10:00:00+0000","https://www.instagram.com/reel/DJ1L0SfuSBB/","100 anos de Santa Teresinha Hoje a Igreja celebra 100 anos da canoniza"
"instagram","18171636766335912","","REELS","2025-05-17T15:18:42+0000","https://www.instagram.com/reel/DJwkgU0OWtF/","TOMBO DA POLENTA: TRADIÇÃO QUE NOS UNE!🇮🇹 Uma panela gigante, muita "
"instagram","18045077033616741","","FEED","2025-05-15T18:18:38+0000","https://www.instagram.com/p/DJrxrB0p7S-/","ESTÁGIO VISITA DA ALESC 🚀 Uma experiência única no coração do parlame"
"instagram","18012777398535033","","FEED","2025-05-13T18:30:05+0000","https://www.instagram.com/p/DJmpZLWJKWU/","UNIÃO PROGRESSISTA! ⤴️ Deixe sua dúvida aqui🙌"
"instagram","17903830161168660","","REELS","2025-05-09T18:59:39+0000","https://www.instagram.com/reel/DJcYcGlJzlY/","REGIÃO SERRANA, obrigado! É na estrada ouvindo a população, conversand"
"instagram","18065668043088437","","REELS","2025-05-07T21:54:08+0000","https://www.instagram.com/reel/DJXjc4SpTRz/","🌎 Uma ferrovia pode mudar tudo. 🚂 Santa Catarina no centro de uma ro"
"instagram","17928987698935529","","FEED","2025-05-05T23:33:17+0000","https://www.instagram.com/p/DJSlu47pky0/","Política de verdade é assim! 🎯"
"instagram","18326845795161703","","REELS","2025-05-02T21:13:12+0000","https://www.instagram.com/reel/DJKnBMKptDy/","💥 TRUMP QUER DERRUBAR O DÓLAR? 🤔 📉 Em 1985, os EUA desvalorizaram o"
"instagram","17890609278126232","","FEED","2025-05-01T17:00:56+0000","https://www.instagram.com/p/DJHlptsJoT1/","O trabalho é a força que move Santa Catarina! 💪🏼 Neste 1º de Maio, c"
"instagram","17986268183665368","","FEED","2025-04-30T16:52:17+0000","https://www.instagram.com/p/DJE_3d8uQLx/","DEIXA AQUI TUA OPINIÃO! ⬇️"
"instagram","17988282413654369","","REELS","2025-04-27T20:59:40+0000","https://www.instagram.com/reel/DI9sgr3pCy7/","TRADIÇÃO EM AÇÃO 🇮🇹🔥🐎 Celebrando os 148 anos da imigração italiana"
"instagram","17952404066812876","","FEED","2025-04-27T13:08:53+0000","https://www.instagram.com/p/DI836oJu4cN/","Notícias da semana! ↔️"
"instagram","18461491570079882","","REELS","2025-04-25T17:13:14+0000","https://www.instagram.com/reel/DI4JyZ2pTro/","SEXTOUU COM CHEIRINHO DE ASFALTO NOVO! 🎉 Essa é a revitalização da SC"
"instagram","17859225378405498","","REELS","2025-04-23T15:02:28+0000","https://www.instagram.com/reel/DIyxPUip-91/","🕊️ Um ciclo se encerra no Vaticano! A transição no papado é mais que "
"instagram","17858706549405553","","FEED","2025-04-22T21:48:32+0000","https://www.instagram.com/p/DIw7aPjJaLp/","ABRIL AZUL 🩵 Defendendo o autismo por mais inclusão!"
"instagram","17844062757466482","","FEED","2025-04-20T13:02:44+0000","https://www.instagram.com/p/DIq1pfGOX6B/","Feliz Páscoa! 🙏"
"instagram","18456018196075876","","REELS","2025-04-19T20:08:20+0000","https://www.instagram.com/reel/DIpA9Kap7c7/","TENSÃO ENTRE GIGANTES 🇨🇳🇺🇸 China x EUA… e no meio disso tudo, o Br"
"instagram","17863994319380687","","FEED","2025-04-18T11:24:24+0000","https://www.instagram.com/p/DIlgzijO72_/","Notícias da semana! ➡️"
"instagram","18064463291059195","","REELS","2025-04-16T21:57:19+0000","https://www.instagram.com/reel/DIhbyUfJ64i/","VITÓRIA PARA O RIO TUBARÃO! ✅ O GOVERNO DO ESTADO VAI INCLUIR A REDRAG"
"instagram","18026994659437276","","REELS","2025-04-14T16:34:41+0000","https://www.instagram.com/reel/DIbw60lO7Xl/","MORRO DOS CAVALOS VAI TRANCAR DE NOVO? 👀 Com as chuvas, o trecho volt"
"instagram","18025943711456911","","FEED","2025-04-11T23:23:41+0000","https://www.instagram.com/p/DIUxjk5JhX7/","INVESTIMENTO DIRETO NA AMUREL! 🚀 No programa SC levada a sério foi li"
"instagram","18024454667660218","","REELS","2025-04-10T17:26:28+0000","https://www.instagram.com/reel/DIRjg_NJfyU/","🚧 ROTAS ALTERNATIVAS! ❌ O Sul de SC não pode ficar isolado 🛣️ 💥 Ped"
"instagram","17939735817003827","","FEED","2025-04-09T22:00:33+0000","https://www.instagram.com/p/DIPec4qJhep/","💪 Seguimos firmes na luta pela redragagem do Rio Tubarão! O novo estu"
"instagram","18042009116167436","","REELS","2025-04-08T22:13:29+0000","https://www.instagram.com/reel/DIM6vKTJ0X7/","TRAGÉDIA ANUNCIADA! ❌ 🚨 O acidente do final de semana escancarou o de"
"instagram","18075219283763864","","FEED","2025-04-07T14:58:35+0000","https://www.instagram.com/p/DIJkklxuONz/","QUEM PAGA ESSA CONTA SOMOS NÓS!🚨 Precisamos da BR-101 para trabalhar,"
"instagram","18122543977431907","","REELS","2025-04-07T00:48:33+0000","https://www.instagram.com/reel/DIIC_kbJVqp/","Precisamos ser ouvidos! Deixe aqui seu comentário!"
"instagram","18060897467288007","","REELS","2025-04-06T18:47:55+0000","https://www.instagram.com/reel/DIHZyEYJWM-/","Que tristeza! 😱 Acidentes como este são frequentes no Morro dos Caval"
"instagram","17879469606275734","","FEED","2025-04-05T18:45:23+0000","https://www.instagram.com/p/DIE079DJKJa/","NOTÍCIAS DA SEMANA! 🗞️ arrasta! ↔️"
"instagram","17920489784962480","","REELS","2025-04-04T21:46:06+0000","https://www.instagram.com/reel/DICkD46J_M5/","🚧 Promessa feita, promessa cumprida! 💪 Hoje entregamos mais uma obra"
"instagram","18073214578668233","","FEED","2025-04-01T13:40:33+0000","https://www.instagram.com/p/DH5-3xUOghS/","AUTISMO DEFENDIDO COM AÇÕES! 🧩👊 Cada pessoa autista trilha uma jorna"
"instagram","17884580595143184","","REELS","2025-03-31T15:35:31+0000","https://www.instagram.com/reel/DH3mbWsOCEL/","Sanga do Lageado o asfalto tá chegando! 🛣️ A obra tá ficando capricha"
"instagram","18063081418983428","","FEED","2025-03-29T13:45:11+0000","https://www.instagram.com/p/DHyRBGBOa-4/","LA BELLA POLENTA! 🍽️🇮🇹 Nada como uma boa polenta pra esquentar o co"
"instagram","18295538335172330","","REELS","2025-03-28T20:48:21+0000","https://www.instagram.com/reel/DHwakBvpDEZ/","NÓS CHEGAMOS EM GRAVATAL! 🚀 Nossos recursos estão sendo aplicados e f"
"instagram","17982227795671238","","REELS","2025-03-26T20:44:06+0000","https://www.instagram.com/reel/DHrSMiKJv-W/","Taxar é retroceder! 👊 Só olhar os países que já tentaram fazer essa p"
"instagram","18116672923445457","","FEED","2025-03-24T19:05:48+0000","https://www.instagram.com/p/DHl9vFapcFw/","Há 51 anos, Tubarão enfrentava uma das maiores tragédias da sua histór"
"instagram","17953865129794752","","REELS","2025-03-23T15:26:02+0000","https://www.instagram.com/reel/DHi-0aZOu9b/","Nosso mandato tá chegando aí na sua cidade! 😉 Trabalhando por quem ma"
"instagram","18055633523276891","","FEED","2025-03-21T21:31:41+0000","https://www.instagram.com/p/DHegC16JOFj/","Notícias da semana! 🗞️🚀 Mais emprego na região, desenvolvimento e va"
"instagram","18061967650981168","","FEED","2025-03-20T22:02:50+0000","https://www.instagram.com/p/DHb-0KUO2Xk/","SAUDADES MINHAS MENINAS 💕 Papai já tá chegando e com novidades pra to"
"instagram","18002738894740546","","REELS","2025-03-19T16:44:03+0000","https://www.instagram.com/reel/DHY0Az-Ocus/","APRENDENDO MANDARIM E IMPULSIONANDO EMPREGOS! 🤝 🇨🇳 Explorando oport"
"instagram","17868875046338716","","REELS","2025-03-17T21:44:28+0000","https://www.instagram.com/reel/DHUNmaWpYYk/","EUA ❌ CHINA, quem ganha com essa briga? 👀 Deixa sua opinião nos comen"
"instagram","18024897971416429","","REELS","2025-03-15T16:36:44+0000","https://www.instagram.com/reel/DHOglVhOoZk/","🚜🌱 Agora, carne e leite de caprinos e ovinos estão garantidos na ali"
"instagram","18088031320581318","","FEED","2025-03-14T19:17:48+0000","https://www.instagram.com/p/DHMPKNLp3yu/","TAVA TRABALHANDO POR SC 🫡🚀 Os catarinenses merecem nossa dedicação m"
"instagram","18173849383320485","","REELS","2025-03-12T18:38:14+0000","https://www.instagram.com/reel/DHHAvCyJOar/","Simplificando os convênios estaduais! 🎯 Agora, apenas a parte repassa"
"instagram","18026979665380794","","REELS","2025-03-10T16:54:12+0000","https://www.instagram.com/reel/DHBrCX9OzTu/","MANDE SUA IDEIA EM DEFESA DO AUTISMO! 🧩 Conheça nossas ações: Censo d"
"instagram","18298872127213300","","FEED","2025-03-08T12:08:19+0000","https://www.instagram.com/p/DG8BPT2u1bH/","O trabalho feito pelas redes femininas de combate ao câncer é algo que"
"instagram","17997782018773670","","REELS","2025-03-06T19:49:34+0000","https://www.instagram.com/reel/DG3qT-JJBKV/","Nosso gabinete está sempre de portas abertas para você! 🎯 Venha nos v"
"instagram","18039625277407811","","REELS","2025-02-28T21:28:47+0000","https://www.instagram.com/reel/DGoauz3pbAl/","🎶🪩PLAYLIST DO GABINETE 34 💃🕺 Ouça com a gente os Hits escolhidos p"
"instagram","17900553792103617","","FEED","2025-02-27T23:38:35+0000","https://www.instagram.com/p/DGmFFH2pBYP/","IMPULSIONANDO A AMREC! 🚀 Ao lado do Governador @jorginhomello, trabal"
"instagram","17973933017824137","","FEED","2025-02-26T22:08:55+0000","https://www.instagram.com/p/DGjWBgOpY4Z/","Bancada Progressistas sempre unida! 🚀🎯 📸 @brunocollaco"
"instagram","18060331702956424","","REELS","2025-02-25T17:44:09+0000","https://www.instagram.com/reel/DGgQ44GJ5LW/","Direto da Eikto, a maior empresa de baterias de lítio do MUNDO! 🌍🔥 ✅"
"instagram","18105659794484976","","FEED","2025-02-23T16:29:32+0000","https://www.instagram.com/p/DGbAzIVJZcT/","Momentos especiais ao pôr do sol em família! ❤️"
"instagram","18052754606512499","","FEED","2025-02-22T18:48:44+0000","https://www.instagram.com/p/DGYr7uFpRnS/","Arrasta pro lado e confira as notícias da semana! 💪🚀"
"instagram","17983229585796745","","REELS","2025-02-21T19:15:42+0000","https://www.instagram.com/reel/DGWJwgHJOuB/","MAIS RECURSOS PARA A SAÚDE DE JAGUARUNA! 🏥✅ Estive no Hospital de Car"
"instagram","18150438484361562","","FEED","2025-02-20T21:02:18+0000","https://www.instagram.com/p/DGTxoQOyDgf/","📌 É nas comissões que analisamos os projetos! Antes de uma lei ser ap"
"instagram","17862952227346721","","REELS","2025-02-19T19:30:50+0000","https://www.instagram.com/reel/DGRB6APJ08Q/","🚀 MADE IN LAGUNA PRO MUNDO! 🌍🔋 A maior produtora de baterias de lít"
"instagram","18063779623906883","","FEED","2025-02-18T20:28:43+0000","https://www.instagram.com/p/DGOkMhzp_9h/","COMPROMISSO COM O DESENVOLVIMENTO 💪 Ao lado do governador @jorginhome"
"instagram","18057941180004744","","FEED","2025-02-17T16:36:58+0000","https://www.instagram.com/p/DGLk4UVpaX7/","Entrando pra Trend e percebendo que o tempo passa rápido e a gente se "
"instagram","18485448172060293","","FEED","2025-02-15T15:11:32+0000","https://www.instagram.com/p/DGGRg2bON5-/","NOSSA DEFESA PELO CARATINENSE NAS FILAS! 🛣️💥 Arrasta pro lado e conf"
"instagram","17956842668910517","","REELS","2025-02-14T21:34:28+0000","https://www.instagram.com/reel/DGEXkuMpZG6/","🚁 Prevenção antes da tragédia! O projeto da redragagem dos molhes da "
"instagram","18344010274151684","","REELS","2025-02-12T16:25:10+0000","https://www.instagram.com/reel/DF-qmxtuyk-/","NOSSA LUTA CONTINUA: FILAS, NÃO! 💥 CCR precisa seguir o contrato e re"
"instagram","17973793952817437","","REELS","2025-02-11T11:28:14+0000","https://www.instagram.com/reel/DF7j45MunnM/","🚨 É UM ABSURDO ESSAS FILAS! 💥 A @ccr_oficial tem que nos ouvir! Fila"
"instagram","18083199715607574","","REELS","2025-02-10T22:12:36+0000","https://www.instagram.com/reel/DF6JMYIJGs2/","🗣️Estamos esperando ansiosos pelo projeto da Redragagem. É uma luta c"
"instagram","17868826248225202","","FEED","2025-02-08T15:56:46+0000","https://www.instagram.com/p/DF0VIDnuM0g/","Arrasta pro lado e vê as notícias da semana! ➡️😉"
"instagram","18388624579111762","","REELS","2025-02-07T17:07:15+0000","https://www.instagram.com/reel/DFxxCy-OlM_/","MAIS UM DESAFIO ACEITO ✅ A Comissão de Constituição e Justiça é a mais"
"instagram","17855307231369949","","REELS","2025-02-05T19:45:47+0000","https://www.instagram.com/reel/DFtAc6tyuxf/","CCJ EM BOAS MÃOS! 🫶 Minhas meninas obrigado, papai tá muito feliz! 🥰"
"instagram","17942793968824663","","REELS","2025-02-04T19:54:47+0000","https://www.instagram.com/reel/DFqcsXuyMWC/","📢 INICIATIVA NOSSA, GANHANDO DESTAQUE 💙 O projeto do censo será entr"
"instagram","17911834062071300","","FEED","2025-02-03T17:18:01+0000","https://www.instagram.com/p/DFnmcuIJzBC/","CONCLUÍDO COM SUCESSO ✅ Janeiro foi um mês de muito diálogo e compromi"
"instagram","18053715775887327","","FEED","2025-02-01T20:57:18+0000","https://www.instagram.com/p/DFi19ESS6ND/","Parabéns amigo @juliogarciasc que seu novo biênio como presidente da A"
"instagram","17961195320744795","","REELS","2025-01-31T19:53:25+0000","https://www.instagram.com/reel/DFgJHybyrQr/","JANEIRO INTENSO!🔥🚀 O que podemos ter certeza é que trabalhamos MUITO"
"instagram","17850730155349432","","REELS","2025-01-30T17:14:37+0000","https://www.instagram.com/reel/DFdRxhHpQbp/","🚧 Mobilidade e segurança no Sul de SC! 🚧 Seguimos firmes na luta pel"
"instagram","18059783533772608","","REELS","2025-01-28T20:50:25+0000","https://www.instagram.com/reel/DFYhVV-yXc1/","Precisamos ser ouvidos! 🗣️ A bancada do sul já destinou 5 milhões pro"
"instagram","17915058927061181","","REELS","2025-01-27T16:12:02+0000","https://www.instagram.com/reel/DFVcfQ7uRFI/","📍RIO FORTUNA 👏 Recurso enviado, obra pronta e a gente fiscalizando d"
"instagram","18141990559370077","","REELS","2025-01-23T23:33:53+0000","https://www.instagram.com/reel/DFL8Pc3OCle/","JUNTOS, FAZENDO HISTÓRIA 🚀👊 Hoje é um dia histórico para a comunidad"
"instagram","17923176591006150","","REELS","2025-01-22T21:41:36+0000","https://www.instagram.com/reel/DFJKJr-yElg/","E O SUL DE SANTA CATARINA? 🧐 Precisamos de investimentos em contençõe"
"instagram","18012689960689564","","REELS","2025-01-21T21:51:07+0000","https://www.instagram.com/reel/DFGnE2TyanV/","📍PEDRAS GRANDES! 👏 A visão do prefeito @agnaldofilippi para o turism"
"instagram","18326972980092549","","FEED","2025-01-21T10:48:38+0000","https://www.instagram.com/p/DFFbjXLOJwj/","Alôô Tubarãoo! Hoje não esquece de tomar água e passar protetor solar."
"instagram","17882081778123769","","FEED","2025-01-20T19:40:58+0000","https://www.instagram.com/p/DFDzreDSZsc/","Acompanhando as mudanças da política global, seguimos! 🚀"
"instagram","18048176957331413","","REELS","2025-01-20T12:22:13+0000","https://www.instagram.com/reel/DFDAZr2OzDO/","📍 ORLEANS Investir em saúde é investir na qualidade de vida das pesso"
"instagram","18053230045866457","","REELS","2025-01-16T17:54:58+0000","https://www.instagram.com/reel/DE5UF6ZJC2k/","📍 Cocal do Sul 🚀 Prefeito e toda a equipe farão um excelente mandato"
"instagram","17864492127312613","","REELS","2025-01-14T22:37:42+0000","https://www.instagram.com/reel/DE0qKbJOmnH/","1 Milhão pra nossa amada Nova Veneza! 🚀 @angelaghislandi vai começar "
"instagram","17994212822746835","","FEED","2025-01-13T21:33:47+0000","https://www.instagram.com/p/DEx_Bm5SAJv/","PLAY 2025! ✅ Visitei os prefeitos eleitos da região sul, reforçando no"
"instagram","17918997879041497","","REELS","2025-01-11T17:49:13+0000","https://www.instagram.com/reel/DEsaz5DpX9A/","📍LAGUNA +1 milhão pra nossa linda cidade de Anita. Laguna, você merec"
"instagram","18032154944216008","","REELS","2025-01-10T17:07:41+0000","https://www.instagram.com/reel/DEpxifCpts_/","📍PAULO LOPES! Fui conferir de perto os recursos que conseguimos pra e"
"instagram","17910546135064965","","REELS","2025-01-08T22:22:46+0000","https://www.instagram.com/reel/DElL-s4pqc7/","AUTISMO: PROJETO DO CENSO É PIONEIRO! 🧩 Nossa iniciativa de parceria "
"instagram","18060190183903932","","REELS","2025-01-04T12:12:52+0000","https://www.instagram.com/reel/DEZzUZaR98X/","Isso é o que desejo a você em 2025! 👏 Alguém que te apoie e ajude a c"
"instagram","18056753047784742","","FEED","2025-01-02T12:29:23+0000","https://www.instagram.com/p/DEUr-rrOQqG/","Parabéns, meu irmão @henriquecastropp11! 🎉 Você merece todo esse suce"
"instagram","18057020800945551","","FEED","2024-12-31T20:01:29+0000","https://www.instagram.com/p/DEQWIQDJQqi/","Foram tantos momentos que não cabem em um só álbum, obrigado 2024! 🎉 "
"instagram","18030129536613173","","REELS","2024-12-29T20:31:02+0000","https://www.instagram.com/reel/DELPSTiSwrq/","2025 tá chegando com tudo!!! 🚀"
"instagram","18041457665033379","","FEED","2024-12-25T13:24:44+0000","https://www.instagram.com/p/DEAL9DjOPVD/","FELIZ NATAL! 🎁🎄"
"instagram","17866333263275624","","REELS","2024-12-23T17:07:09+0000","https://www.instagram.com/reel/DD7beoXptHK/","MAIS ENTREGA! 🚙 Entregamos um veículo novo pra Apae de Içara que faz "
"instagram","18044346224513220","","REELS","2024-12-22T21:08:17+0000","https://www.instagram.com/reel/DD5SH-4SQ7z/","Desejamos a vocês um Natal repleto de amor e união!♥️🎁"
"instagram","17974795391796244","","REELS","2024-12-20T21:37:27+0000","https://www.instagram.com/reel/DD0LmJ7yzp_/","🚒🧑‍🚒 ENTREGAMOS! Um carro novinho pra essa instituição que tanto co"
"instagram","18062871937830767","","REELS","2024-12-18T21:22:26+0000","https://www.instagram.com/reel/DDu_yAXSxh6/","ENTREGAS DA BANCADA DO SUL! ✅ 24 milhões a mais na região pelo nosso t"
"instagram","18085262056487679","","REELS","2024-12-17T23:24:02+0000","https://www.instagram.com/reel/DDsp7yuOKZO/","ASSINADO! ✍️ Nosso termo de cooperação para o desenvolvimento do censo"
"instagram","18051624506003893","","REELS","2024-12-16T21:21:42+0000","https://www.instagram.com/reel/DDp0fN4yDFO/","🗳️ Educação que transforma o futuro!📚 Você sabia que a Educação Mora"
"instagram","18034296971380057","","REELS","2024-12-15T14:18:58+0000","https://www.instagram.com/reel/DDmiJRKuvXL/","Making off da série Senna!!!"
"instagram","18111134578432461","","REELS","2024-12-11T22:45:07+0000","https://www.instagram.com/reel/DDdIiqlOO5U/","🚀OVINOCAPRINOCULTURA VALORIZADA! 🐑🐐 🌱 Potencial incrível para cres"
"instagram","18042630452162825","","FEED","2024-12-05T18:29:38+0000","https://www.instagram.com/p/DDNO8yypXzO/","✨ #TBT Especial da Comenda do Legislativo! Um momento marcante onde ti"
"instagram","17948556185882897","","FEED","2024-12-04T00:45:45+0000","https://www.instagram.com/p/DDIwZ0_upbc/","“Hoje é dia da nossa pequena Lelê brilhar! 🌟 Ela está se formando no "
"instagram","18079745014519465","","REELS","2024-12-03T18:16:25+0000","https://www.instagram.com/reel/DDIAOxppH4L/","MATO NAS RODOVIAS! 🌱🛣️🌿 Questionei o estado por esse abandono das r"
"instagram","18073041133620917","","REELS","2024-12-02T17:26:05+0000","https://www.instagram.com/reel/DDFTmWEpgM_/","AUTISMO, eu defendo! 🧩💙 🚨 Conquistas que transformam vidas: 📽️ Lei"
"instagram","17913149570943005","","FEED","2024-11-29T21:59:59+0000","https://www.instagram.com/p/DC-KQH5ypfD/","2024 Que ano! 🎯 Entrando na #Trend e vendo que foi um ano cheio de de"
"instagram","18129305020383086","","FEED","2024-11-28T14:11:35+0000","https://www.instagram.com/p/DC6v2oJOWbk/","SESSÃO ITINERANTE! ✅ Finalizamos com sucesso nossas sessões itinerante"
"instagram","18038960183257874","","FEED","2024-11-22T19:41:52+0000","https://www.instagram.com/p/DCr44fWy2FJ/","MEDALHA🎖️ Agradecemos ao Corpo de Bombeiros Militar de Santa Catarina"
"instagram","18136151725335980","","FEED","2024-11-21T15:45:12+0000","https://www.instagram.com/p/DCo5AGVuzDs/","A PREVENÇÃO É NECESSÁRIA! 🚨 Não podemos só falar das enchentes quando"
"instagram","18313234696166393","","REELS","2024-11-19T22:57:43+0000","https://www.instagram.com/reel/DCkgmnmOeYs/","PROGRESSISTAS! 💙 Nosso partido cada vez mais unido e pronto pros desa"
"instagram","18188862379306266","","REELS","2024-11-19T00:09:14+0000","https://www.instagram.com/reel/DCiDxXxOrtd/","MAIOR HONRARIA DO LEGISLATIVO! 🏅 Um verdadeiro empreendedor visionári"
"instagram","17868448596238091","","REELS","2024-11-16T21:08:52+0000","https://www.instagram.com/reel/DCcl5pXSh3j/","Amor aos animais exige responsabilidade! 🐾❤️ Com uma emenda de R$ 150"
"instagram","17990562182723344","","FEED","2024-11-15T15:48:54+0000","https://www.instagram.com/p/DCZcqDXpbei/","Celebramos um marco fundamental na história do Brasil: a Proclamação d"
"instagram","18044912045492981","","REELS","2024-11-14T19:35:53+0000","https://www.instagram.com/reel/DCXRElYysgo/","Que trabalho lindo! 🧩 Dedicação, união e perseverança pela causa auti"
"instagram","18346267399121080","","REELS","2024-11-14T00:05:30+0000","https://www.instagram.com/reel/DCVLVQHOluM/","ALESC ITINERANTE SERRANA 🌲 A Sessão Itinerante em Lages representando"
"instagram","18019194146324900","","REELS","2024-11-08T22:17:58+0000","https://www.instagram.com/reel/DCIHCUdyYYL/","MEDIDAS PROVISÓRIAS NO CONGRESSO DE 35 ANOS DA CONSTITUIÇÃO DE SC! ✅ U"
"instagram","17965722428687710","","REELS","2024-11-07T23:14:41+0000","https://www.instagram.com/reel/DCFo83RuVwA/","Boas notícias para Santa Catarina! 📰🚀 A empresa argentina IMAP, espe"
"instagram","17953133066844723","","FEED","2024-11-04T20:24:37+0000","https://www.instagram.com/p/DB9nd2ty-jm/","📢 Notícia Boa! 📢 As emendas já estão nas contas das prefeituras! 🎉 "
"instagram","18046968611099018","","REELS","2024-11-01T21:16:58+0000","https://www.instagram.com/reel/DB1-NSZyG0d/","UM CENSO DE AUTISMO 🧩 Um passo essencial para garantir políticas públ"
"instagram","18045961067317088","","FEED","2024-10-30T21:25:45+0000","https://www.instagram.com/p/DBw2fMByBaA/","APOIO, COMPROMISSO E RESULTADO! 🤝✨ Estamos ao lado dos prefeitos e ve"
"instagram","18102572197455060","","REELS","2024-10-29T19:18:23+0000","https://www.instagram.com/reel/DBuCrSKJaHK/","EXAMES RÁPIDOS EM FARMÁCIAS! ✅ Nossa lei já está em vigor e facilita a"
"instagram","18059144938770026","","FEED","2024-10-26T13:59:24+0000","https://www.instagram.com/p/DBlwOjrOnef/","“Orgulho em cada movimento! Minhas meninas arrasaram no festival de ju"
"instagram","17943383852867798","","REELS","2024-10-25T15:51:07+0000","https://www.instagram.com/reel/DBjX19IuNkg/","Trabalhando pelo Sul de Santa Catarina! 💪 Questionamos o andamento da"
"instagram","17906755956043618","","FEED","2024-10-25T13:44:25+0000","https://www.instagram.com/p/DBjJt5nOY1x/","Mais de 3 milhões já enviados! 🎉 Parabéns à querida cidade de Pescari"
"instagram","18052089724936082","","FEED","2024-10-23T21:04:29+0000","https://www.instagram.com/p/DBeyfTUSNyN/","Avanços e Desafios do Anel Viário da SC-108 🛣️ Com apenas 1% da execu"
"instagram","18037922189275127","","REELS","2024-10-21T19:24:28+0000","https://www.instagram.com/reel/DBZdUUwyYCD/","Estágio Visita! 📚 Um programa que faz a diferença na formação polític"
"instagram","18046499393069092","","REELS","2024-10-17T20:03:31+0000","https://www.instagram.com/reel/DBPOme6y-1j/","Hoje é o dia dela. 💕 Do meu amor, aquela que está sempre ao meu lado."
"instagram","18042989213318910","","REELS","2024-10-16T19:11:38+0000","https://www.instagram.com/reel/DBMi8USSS8w/","Garopaba merece sempre mais! 🚀 Mais de 2 milhões foram destinados a d"
"instagram","18043431944046837","","FEED","2024-10-15T22:18:02+0000","https://www.instagram.com/p/DBKUjAOStSy/","Feliz Bodas de Linho pra gente! Que esses nossos 13 anos sejam sempre "
"instagram","18118406194395961","","FEED","2024-10-12T13:47:23+0000","https://www.instagram.com/p/DBBruQ_OApq/","Feliz dia das crianças! 🫶"
"instagram","18344428951133733","","FEED","2024-10-08T21:01:30+0000","https://www.instagram.com/p/DA4KOQ0SNOJ/","Voltamos com tudo! 🚀 CCJ e plenário a todo o vapor para fazer leis ef"
"instagram","18042722450017649","","FEED","2024-10-07T13:11:59+0000","https://www.instagram.com/p/DA0vsl5OLB1/","O SUL ACORDOU MAIS AZUL HOJE! 💙💙💙💙 Quem ganhou ai também, comenta!"
"instagram","18138537610359356","","REELS","2024-10-05T14:48:47+0000","https://www.instagram.com/reel/DAvw2DXOI4b/","QUEM É 1️⃣1️⃣ COMENTA SUA CIDADE! ⬇️✅"
"instagram","17872836675189081","","REELS","2024-10-03T20:37:23+0000","https://www.instagram.com/reel/DArPMs8SPS0/","Nossa Judoca trocou de faixa hoje! 💕✨ Esportes e artes marciais ensin"
"instagram","18354301483138117","","FEED","2024-09-25T14:00:40+0000","https://www.instagram.com/p/DAV7uqrulM0/","APOIE NOSSO TIME! 1️⃣1️⃣✅"
"instagram","18240292147286708","","FEED","2024-09-21T19:46:52+0000","https://www.instagram.com/p/DAMQKyQyj5C/","DIA DE CURTIR A FAMÍLIA! 💕 O colégio @saojosetubarao fez essa festa d"
"instagram","17968066352788839","","FEED","2024-09-18T19:08:23+0000","https://www.instagram.com/p/DAEdYYlyzIa/","🗣️Um pouco de informação pra essa campanha! 🗞️ Compartilha com o can"
"instagram","17960943935801222","","REELS","2024-09-17T21:52:15+0000","https://www.instagram.com/reel/DACKtO2uU9a/","🤣ERROS DE GRAVAÇÃO! 🎬 Foram várias horas trabalhando e gravando para"
"instagram","18249990328249093","","REELS","2024-09-15T14:54:47+0000","https://www.instagram.com/reel/C_8RYnbuztJ/","VALORIZAR A NOSSA REGIÃO!🌍✨ É sobre unir forças para o desenvolviment"
"instagram","18021850415523904","","REELS","2024-09-11T19:59:07+0000","https://www.instagram.com/reel/C_yhiW3ySLT/","Essa é nossa mini Deputada Helena dominando a Assembleia! Quem aguenta"
"instagram","18074079361492791","","REELS","2024-09-07T16:17:22+0000","https://www.instagram.com/reel/C_n04Rqunlh/","🇧🇷LIBERDADE, NÃO RELATIVIZE A VERDADE! 👊 Relativizar a verdade é en"
"instagram","17927110364831008","","REELS","2024-09-06T22:14:37+0000","https://www.instagram.com/reel/C_l47hVO6vz/","SAÚDE EM TREZE DE MAIO 🏥 Nosso recurso bem investido no município, no"
"instagram","18029998100262850","","REELS","2024-09-03T21:48:47+0000","https://www.instagram.com/reel/C_eGg3hy3Rp/","PROJETO DA REESTRUTURAÇÃO DO PORTO DE LAGUNA ✍️ Nossa Bancada do Sul s"
"instagram","17879699688109305","","FEED","2024-09-02T21:05:50+0000","https://www.instagram.com/p/C_beGiRSmY1/","Tempo vai devagar porque ela já tá aprendendo a Marchar! 🇧🇷 Desfile "
"instagram","18100527040436817","","REELS","2024-08-31T22:25:37+0000","https://www.instagram.com/reel/C_WcqmgOGgn/","🚀 Agosto foi uma correria daquelas! 🌪️ Visitando mais de 50 cidades,"
"instagram","18029595905191566","","FEED","2024-08-30T00:22:10+0000","https://www.instagram.com/p/C_RhY_muWk6/","O FUTURO DAS CIDADES ESTÁ AQUI! 🚀 Com um trabalho intenso na região s"
"instagram","18236004316275952","","REELS","2024-08-17T22:21:58+0000","https://www.instagram.com/reel/C-yZL73pu2S/","SC DE PERTO! 🗺️ Política é sobre se conectar verdadeiramente com cada"
"instagram","18072381070551116","","FEED","2024-08-15T22:14:11+0000","https://www.instagram.com/p/C-tPndwO2Ik/","ISSO É POLÍTICA! 👊 É fundamental visitar a região e olhar nos olhos d"
"instagram","18067954132572541","","REELS","2024-08-13T14:40:04+0000","https://www.instagram.com/reel/C-nRc4IO5Yl/","O SEGREDO DA LONGEVIDADE! 😅 A Manu e a Lelê deixaram tudo pronto pra "
"instagram","18035585321285175","","FEED","2024-08-11T11:27:41+0000","https://www.instagram.com/p/C-hycxuugLl/","Obrigado minhas meninas! 😍 Papai ama muito vocês e sinto muito orgulh"
"instagram","18031616897154388","","REELS","2024-08-10T23:55:53+0000","https://www.instagram.com/reel/C-gh6MMuEjU/","Mais de 8 municípios visitados em 36h! ✅ Um roteiro de sucesso onde ve"
"instagram","17900063484017991","","REELS","2024-08-06T21:29:00+0000","https://www.instagram.com/reel/C-V972uJGgz/","VITÓRIA DO PADEL! 🎾 🏓 A Associação de Padelistas Brasileiros foi apr"
"instagram","18047650903870080","","REELS","2024-08-05T15:43:42+0000","https://www.instagram.com/reel/C-SynpCuRnO/","EXAMES EM FARMÁCIAS SANCIONADO! ✅ 🔬📋 A Lei N° 19.011, que permite a "
"instagram","18008659655545820","","FEED","2024-08-04T19:56:12+0000","https://www.instagram.com/p/C-QrFJWpoBU/","APOIANDO AO ESPORTE! 🏆 Taça de Vice-Campeão entregue ao time do Santo"
"instagram","18071655232483426","","FEED","2024-07-30T19:39:05+0000","https://www.instagram.com/p/C-DxJYnJ3Au/","Qual time você está? 👀 Não é só a Manu que tá louca pra acompanhar to"
"instagram","17881801428095335","","REELS","2024-07-29T16:27:24+0000","https://www.instagram.com/reel/C-A18TNuyeR/","PARABÉNS LAGUNA! 🎉 Celebramos com orgulho os 348 anos desta cidade hi"
"instagram","18051156997809687","","FEED","2024-07-28T20:38:33+0000","https://www.instagram.com/p/C9-uXNcJqWi/","PRONTOS PARA FAZER A DIFERENÇA! 🚀 As convenções confirmam: a campanha"
"instagram","17913731129970399","","REELS","2024-07-25T19:22:07+0000","https://www.instagram.com/reel/C922_EPJH29/","ORGULHO EM FAZER PARTE DESSA CONQUISTA 🚀 Olhar lá na frente e ver a c"
"instagram","17991510626667461","","FEED","2024-07-23T19:48:54+0000","https://www.instagram.com/p/C9xwtLfJHJW/","🇮🇹 AMAMOS NOSSAS TRADIÇÕES! Celebrando a cultura e a gastronomia ita"
"instagram","18055592761672722","","REELS","2024-07-21T17:33:31+0000","https://www.instagram.com/reel/C9sWS5SOOMn/","Tirar um tempinho para viajar com a família é fundamental para renovar"
"instagram","18022186193344722","","REELS","2024-07-18T16:44:21+0000","https://www.instagram.com/reel/C9kjQLcu4UB/","AGRADECER O TRABALHO EM EQUIPE! 👊 O projeto da redragagem do Porto at"
"instagram","18128007958362070","","REELS","2024-07-16T17:30:34+0000","https://www.instagram.com/reel/C9fepkju1dF/","Político só dá as caras em época de eleição? 👀 AQUI NÃO TEM ESSA! 👊 "
"instagram","17860258446146821","","FEED","2024-07-15T14:11:08+0000","https://www.instagram.com/p/C9cjsT3JAxX/","DESENVOLVIMENTO LOCAL 🚧 É fundamental que nossas comunidades sejam es"
"instagram","18055675237640457","","FEED","2024-07-13T15:12:12+0000","https://www.instagram.com/p/C9XhF4wpkR6/","CONQUISTAS HISTÓRICAS 🚢 5 milhões da Bancada do Sul para o projeto de"
"instagram","17979412790583777","","REELS","2024-07-12T19:53:03+0000","https://www.instagram.com/reel/C9VcMD9pHHr/","SUL EM FOCO 🌟 Debater os assuntos do Sul do Estado na sessão itineran"
"instagram","18443010643037782","","REELS","2024-07-11T20:35:17+0000","https://www.instagram.com/reel/C9S8USuPyjo/","PROJETO DRAGAGEM ✅ 🌊🚢 Hoje damos um passo importante para a seguranç"
"instagram","18060009598552658","","REELS","2024-07-10T20:38:09+0000","https://www.instagram.com/reel/C9QXYQPpHE6/","FOFOCA BOA! 💥 R$ 5 Milhões serão anunciados amanhã pela Bancada do su"
"instagram","17983734890686239","","REELS","2024-07-08T18:54:23+0000","https://www.instagram.com/reel/C9LBw85J9_n/","TRANSFORMAÇÃO SOCIAL 👏 🌟 Hoje encerramos o ciclo de seminários sobre"
"instagram","18034545241875273","","FEED","2024-07-07T13:14:49+0000","https://www.instagram.com/p/C9H242nufKX/","Te amo Filha! Feliz aniversário, que Deus continue te guiando e abenço"
"instagram","18028047893509802","","FEED","2024-07-05T23:20:06+0000","https://www.instagram.com/p/C9DykVThHB6/","Exames clínicos agora também poderão ser feitos em farmácias de SC htt"
"instagram","18003501056340731","","FEED","2024-07-05T20:17:06+0000","https://www.instagram.com/p/C9Ddn9-RZd4/","O VERDADEIRO LEGISLADOR! Por Milton Alves https://diariodosul.com.br/c"
"instagram","18003771740343892","","REELS","2024-07-04T21:19:14+0000","https://www.instagram.com/reel/C9A_bMtpnEr/","UM RECADO AO STF 💥 O congresso nacional deve legislar sobre esse tema"
"instagram","18438926680047325","","REELS","2024-07-03T19:54:52+0000","https://www.instagram.com/reel/C8-RWZJpSYO/","PROJETO EXAMES NAS FARMÁCIAS, aprovado! ✅ Facilitar a vida do catarine"
"instagram","18057165301617460","","REELS","2024-07-02T21:33:12+0000","https://www.instagram.com/reel/C8730KgplUx/","Apresentação emocionante! 👏 Parabéns @orquestra.teresinha pelo trabal"
"instagram","18443004073001088","","FEED","2024-07-01T12:09:06+0000","https://www.instagram.com/p/C84SmSyNvrG/","Sempre em defesa da INCLUSÃO! 🙌"
"instagram","18190491874289953","","FEED","2024-06-30T15:43:27+0000","https://www.instagram.com/p/C82GVW5uPx0/","Com esse friozinho aquela deliciosa sopa na 114ª Festa de São Pedro em"
"instagram","18320871625180042","","FEED","2024-06-27T13:10:09+0000","https://www.instagram.com/p/C8uGZxuIIrd/","Saudade Delas! ❤ @brubrunelcollaco @manu_brunel_collaco"
"instagram","17869342095117344","","REELS","2024-06-26T19:30:40+0000","https://www.instagram.com/reel/C8sNDohJJkW/","MAIS DE 5️⃣ MILHÕES! 🌽 TUBARÃO 📍Pavimentação da rua Adolfo José de S"
"instagram","18035415400979752","","FEED","2024-06-24T12:09:07+0000","https://www.instagram.com/p/C8mRCRXPxig/","Precisamos de atenção ao desenvolvimento das nossas cidades! 👊"
"instagram","18029635094507782","","FEED","2024-06-22T11:47:12+0000","https://www.instagram.com/p/C8hE8AkuSct/","O ESPORTE MUDA VIDAS! 👊 Estamos entusiasmados com as skatistas catari"
"instagram","17890475370028233","","REELS","2024-06-20T21:53:20+0000","https://www.instagram.com/reel/C8dAZbKOTQj/","VISITE O FAROL DE LAGUNA! 🌅✨ ACERTOU QUEM PENSOU NO FAROL DE SANTA MA"
"instagram","18260623186245638","","FEED","2024-06-20T12:09:08+0000","https://www.instagram.com/p/C8b92zsPQjE/","NOS TEMPOS ATUAIS VIVEMOS O QUE FALAMOS LÁ ÁTRAS! #TBT No Senado, deba"
"instagram","18033373846998113","","FEED","2024-06-18T22:10:20+0000","https://www.instagram.com/p/C8X5EgXOI7i/","Nosso projeto ganhando destaque! ✨ Os exames nas farmácias facilitará "
"instagram","17942478560821679","","FEED","2024-06-14T15:43:21+0000","https://www.instagram.com/p/C8M5mmOu8G4/","É US GURI! 💥 A caminhada começa agora e vai até outubro, rumo a uma g"
"instagram","18036447616791528","","REELS","2024-06-11T20:14:03+0000","https://www.instagram.com/reel/C8Fo5KeplQT/","APROVADO NA CCJ ✅ 🇮🇹🍽️ O Tombo da Polenta como patrimônio cultural "
"instagram","18016073249357569","","FEED","2024-06-09T00:53:24+0000","https://www.instagram.com/p/C7-bx_axi_8/","Momento de muita oração onde nos preenchemos de fé e amor. Recebendo a"
"instagram","18003425057335075","","FEED","2024-06-08T16:55:08+0000","https://www.instagram.com/p/C79lDH1Rd-6/","Nosso pré-candidato a prefeito de Gravatal, Clei, está mais do que pre"
"instagram","18029784170106967","","FEED","2024-06-08T00:01:54+0000","https://www.instagram.com/p/C77xF8FOxne/","QUE PRESENTE DE JAGUARUNA! Obrigado a todos pelo reconhecimento do tra"
"instagram","17902597562991876","","FEED","2024-06-05T22:15:26+0000","https://www.instagram.com/p/C72bUaUuW3T/","PASSANDO PRA AVISAR 🗣️ Que o seminário estadual Autismo de Joinville "
"instagram","17936743805837431","","FEED","2024-06-04T13:18:03+0000","https://www.instagram.com/p/C7y5BnaOGGR/","Querido Pai, hoje é dia de te lembrar o quanto você me inspira, o quan"
"instagram","18070311961516168","","FEED","2024-06-02T14:57:29+0000","https://www.instagram.com/p/C7t60OYuaW9/","Quem aí aceita uma tainha na telha? 🤤🐟 Pode ir pra Quermesse em Garo"
"instagram","17875035204092327","","REELS","2024-06-01T15:18:37+0000","https://www.instagram.com/reel/C7rX3n5u-gz/","CHEIRINHO DE SUCESSO! 💥 Destinamos 1,5 milhão para reperfilagem de ru"
"instagram","18334287667190356","","FEED","2024-05-31T16:28:59+0000","https://www.instagram.com/p/C7o7sjEufdh/","Um absurdo! 💥"
"instagram","18072758644457369","","REELS","2024-05-29T21:40:02+0000","https://www.instagram.com/reel/C7kT53uuIaY/","CAMPEÕES DE JIU-JITSU DE PESCARIA BRAVA! 🥋🏆 Homenagem aos talentosos"
"instagram","17982899756523729","","FEED","2024-05-28T20:16:03+0000","https://www.instagram.com/p/C7hnTDQJtnF/","🎙️ Novo episódio! O podcast Ordem do Dia @assembleiasc 💬 foi muito l"
"instagram","18440615629041985","","REELS","2024-05-27T12:31:46+0000","https://www.instagram.com/reel/C7eNCUoOtLs/","🎉🎂 Parabéns, Tubarão! Hoje você completa 154 anos de história e forç"
"instagram","18061582867577468","","REELS","2024-05-26T14:05:50+0000","https://www.instagram.com/reel/C7by435OOYU/","MAIO LARANJA, CONSCIENTIZE-SE! 🧡 Precisamos nos unirmos contra o abus"
"instagram","18029268899290573","","REELS","2024-05-24T18:54:48+0000","https://www.instagram.com/reel/C7XJjKeJ6df/","A REGIÃO SUL MAIS DESENVOLVIDA!🌟 Com portos, aeroportos e duplicações"
"instagram","18049952635634855","","FEED","2024-05-22T20:41:14+0000","https://www.instagram.com/p/C7SNaN7JMPc/","UNIDOS PELO COMBATE AO CÂNCER🌸 Na Rede Feminina de Combate ao Câncer "
"instagram","18239212990252163","","REELS","2024-05-22T14:38:19+0000","https://www.instagram.com/reel/C7RioHgu2xi/","O PROJETO DO DUODÉCIMO DA DEFESA CIVIL! 👊 ✅ Aprovamos a PEC que garan"
"instagram","18027133211290553","","FEED","2024-05-21T13:44:52+0000","https://www.instagram.com/p/C7O4915uCzq/","🗣️🚨 APOIO À PEC 08/2021! 🚨🗣️ Decisões mais justas e equilibradas n"
"instagram","17970293516602549","","FEED","2024-05-20T21:57:33+0000","https://www.instagram.com/p/C7NMjd0uTPu/","INSCRIÇÕES ESTÃO ABERTAS! 💥🧩 Seminário Estadual de Autismo - diagnós"
"instagram","18022440161175873","","REELS","2024-05-17T21:56:48+0000","https://www.instagram.com/reel/C7Fd8RIOqXM/","MIGRAÇÃO DO RIO GRANDE DO SUL PARA SANTA CATARINA! 🙏 Vamos pensar e e"
"instagram","18042434743677227","","REELS","2024-05-15T19:53:54+0000","https://www.instagram.com/reel/C7AFqHzOr5C/","DEFENDO COM UNHAS E DENTES A REDRAGAGEM 🫡 Precisamos investir na prev"
"instagram","18052103236577090","","FEED","2024-05-13T19:40:12+0000","https://www.instagram.com/p/C667RYJu3Jj/","Sofremos com medidas unilaterais que não levam em consideração as comu"
"instagram","18058254946574640","","REELS","2024-05-12T23:23:50+0000","https://www.instagram.com/reel/C64v2E9umxS/","O FINAL PODE TE SURPREENDER 🏃‍♂️👀 Por aqui tentamos desgastar o que "
"instagram","18044812984776940","","FEED","2024-05-10T19:35:21+0000","https://www.instagram.com/p/C6zMVJqOupu/","ALTO VALE COM QUALIDADE ✅ É nesses momentos que sentimos orgulho de se"
"instagram","18033896428788183","","FEED","2024-05-07T20:42:22+0000","https://www.instagram.com/p/C6rlnd5Ov6w/","ALESC MAIS PERTO DE VOCÊ! 🤝 O Programa Alesc Itinerante chega a Blume"
"instagram","18025551596497631","","REELS","2024-05-06T23:05:33+0000","https://www.instagram.com/reel/C6pQ6rXuwqz/","Casa dos Autistas de Agrolândia! 🧩 Um trabalho lindo e emocionante, o"
"instagram","18266308366226903","","FEED","2024-05-03T19:27:54+0000","https://www.instagram.com/p/C6hJ6jpPHvS/","ESTAMOS PREPARADOS! 💪 A cada evento realizado, um grupo está preparad"
"instagram","17990324624486436","","FEED","2024-05-01T15:25:16+0000","https://www.instagram.com/p/C6bkjs8uPsE/","TRABALHO SÉRIO E COMPROMETIDO! 💪 No dia do trabalhador venho prestar "
"instagram","17925242066860262","","FEED","2024-04-30T20:17:10+0000","https://www.instagram.com/p/C6ZhKtQudIK/","PM E BOMBEIROS SOLICITANDO INVESTIMENTOS! 🚒👮‍♂️ A PM apresentou o pr"
"instagram","17994435353430689","","REELS","2024-04-30T13:55:38+0000","https://www.instagram.com/reel/C6Y1LUIuRhS/","GAFE COMETIDA! 👀 Mas 100 mil foram destinados a rede feminina! 💖 Nos"
"instagram","17850216630163460","","REELS","2024-04-29T22:38:26+0000","https://www.instagram.com/reel/C6XMVwauqLg/","Balneário Camboriú foi um sucesso!✨ Com 600 participantes, o evento so"
"instagram","17895074777996690","","REELS","2024-04-28T20:19:56+0000","https://www.instagram.com/reel/C6UW88iuvlb/","PÉ NA ESTRADA! 🦶🛣️ Com direito a ministério do Trabalho pra a viabil"
"instagram","18087066406435724","","REELS","2024-04-26T18:56:16+0000","https://www.instagram.com/reel/C6PDviFOWi4/","🏥A defesa do Hospital Nossa Senhora da Conceição é crucial diante das"
"instagram","18079990603421130","","REELS","2024-04-25T21:46:13+0000","https://www.instagram.com/reel/C6MxqZGu7nT/","ATENÇÃO! 👀 O projeto do Morro dos Cavalos está recebendo atenção prio"
"instagram","17917087256910051","","REELS","2024-04-22T21:04:14+0000","https://www.instagram.com/reel/C6E_4F0OiNx/","Redragagem do Rio Tubarão! 👀 É crucial atualizar o projeto para evita"
"instagram","17981802974649158","","REELS","2024-04-20T15:32:49+0000","https://www.instagram.com/reel/C5_QOxJOrIU/","A SELEÇÃO DA BOA POLÍTICA 🇧🇷 Essa taça a gente ergue com orgulho. 🏆"
"instagram","17902329611970319","","REELS","2024-04-20T00:04:08+0000","https://www.instagram.com/reel/C59mUcCOFtL/","SERRA DO CORVO BRANCO 🚧 OBRA RETOMADA! ✨ A retomada dessa obra é um p"
"instagram","17995660532380398","","REELS","2024-04-18T22:03:02+0000","https://www.instagram.com/reel/C56zooQOaA9/","🌟INVESTIMENTO EM INCLUSÃO! Apae de Capivari de Baixo está fazendo um "
"instagram","18004257872426892","","REELS","2024-04-16T23:06:24+0000","https://www.instagram.com/reel/C51xVloO02U/","🕕6 HORAS! Um absurdo que conhecemos muito bem! Enquanto o sul ficou i"
"instagram","18348643177103145","","FEED","2024-04-16T17:09:15+0000","https://www.instagram.com/p/C51IiJgOreN/","🌟🧩👏 Emocionante! A Feamas recebeu uma merecida homenagem na Alesc p"
"instagram","18125078173343512","","REELS","2024-04-16T00:25:16+0000","https://www.instagram.com/reel/C5zVVn8OEuf/","À DEDICAÇÃO DAS FEAMAS COM AS PESSOAS COM TEA! 👏 É isso que homenagea"
"instagram","17992933517421541","","FEED","2024-04-09T21:00:43+0000","https://www.instagram.com/p/C5jhdTkOEiB/","MINHA PARTE FAVORITA! 👀 A Comissão de Constituição e Justiça desempen"
"instagram","18010413140118092","","REELS","2024-04-08T21:52:56+0000","https://www.instagram.com/reel/C5hBdN1uhP6/","ABSURDO NO BAIRRO SÃO CRISTÓVÃO! 👊 A CCR tem que repensar a mobilidad"
"instagram","17926093847853906","","FEED","2024-04-07T20:58:35+0000","https://www.instagram.com/p/C5eXn5fOhpw/","Sabemos a censura e a arbitrariedade que estamos vivendo. Só não vê qu"
"instagram","18144404278315452","","FEED","2024-04-04T15:20:28+0000","https://www.instagram.com/p/C5WCi5AuKXE/","FOI BOM DEMAIS PRA NÃO VIRAR TBT! 🧩 Fizemos o nosso melhor e foi um s"
"instagram","17917467359905832","","REELS","2024-04-03T22:28:39+0000","https://www.instagram.com/reel/C5UOUSnOC9b/","A CCR TEM QUE NOS OUVIR! 🗣️ Nossas marginais da BR-101 estão sendo al"
"instagram","17918819336873002","","REELS","2024-04-02T16:03:40+0000","https://www.instagram.com/reel/C5Q9xM6uj11/","EU DEFENDO O AUTISMO E VOCÊ? 🧩 Essa pauta é uma das minhas bandeiras,"
"instagram","17872324581076778","","REELS","2024-03-31T13:10:11+0000","https://www.instagram.com/reel/C5LgLgfudSm/","Jesus ressuscitou pra que nós pudéssemos estar aqui! 🙏 O melhor feliz"
"instagram","18016844888485746","","REELS","2024-03-27T18:18:29+0000","https://www.instagram.com/reel/C5BwHPCuCXL/","Um bombom pra alegrar a tarde de todo mundo que passa no Gabinete 34! "
"instagram","17917262102902179","","FEED","2024-03-26T20:43:09+0000","https://www.instagram.com/p/C4_cUbsOppS/","Progressistas, em frente! 🚀 #progressistas #progressistassc #pepecoll"
"instagram","18427807819058183","","FEED","2024-03-25T23:47:27+0000","https://www.instagram.com/p/C49MnWbOOYx/","Um passo importante para o futuro de Tubarão! 👊😉 Dia de filiar o dr."
"instagram","18226559419259818","","REELS","2024-03-25T15:55:50+0000","https://www.instagram.com/reel/C48Wb8HuSvf/","Junte-se a nós na busca pela redragagem do Rio Tubarão! A obra é nossa"
"instagram","17858313666113303","","REELS","2024-03-22T18:27:13+0000","https://www.instagram.com/reel/C40464BO-Sg/","MAIS DE 800 PESSOAS! ✨🧩 A cidade de Tubarão discutiu e aprendeu sobre"
"instagram","17929706228749809","","REELS","2024-03-21T17:56:04+0000","https://www.instagram.com/reel/C4yQkGEOqkT/","UNIVERSIDADE GRATUITA 📚 Um programa que impacta na vida dos catarinen"
"instagram","17848840032172119","","REELS","2024-03-20T19:21:17+0000","https://www.instagram.com/reel/C4v1rzZu17p/","AUTISMO EM PAUTA! 🧩 Sexta nosso encontro é no Seminário Estadual sobr"
"instagram","17882554086023506","","FEED","2024-03-18T23:56:12+0000","https://www.instagram.com/p/C4rMDaKOqW5/","Que emocionante presenciar a alegria de um universitário se formando e"
"instagram","18002728943238998","","REELS","2024-03-17T21:49:54+0000","https://www.instagram.com/reel/C4oYWzsOsS8/","Um pouco de eleições nesse bate-papo com a @unitvsc 🙌"
"instagram","17996450351605700","","REELS","2024-03-16T16:22:25+0000","https://www.instagram.com/reel/C4lNs85O2fh/","NOVIDADES PARA HOSPITAL DE LAGUNA! 🏥 Orgulhosos de anunciar as melhor"
"instagram","18030967090917910","","REELS","2024-03-13T19:58:59+0000","https://www.instagram.com/reel/C4d4SiKue_n/","🧩SEMINÁRIO DE AUTISMO! Anote as datas: 📍Tubarão (22/03) 📍Fraiburgo "
"instagram","18007323947130617","","REELS","2024-03-12T16:48:02+0000","https://www.instagram.com/reel/C4a9AH5uNTt/","Complete a frase: SER PROGRESSISTA É… 💙 Mais de 150 pessoas foram fil"
"instagram","18020825840099228","","REELS","2024-03-11T17:07:42+0000","https://www.instagram.com/reel/C4YbFgBOxO8/","Que incrível ver o impacto positivo da bancada do Sul! 👊 Esses R$2 mi"
"instagram","18247322857216977","","FEED","2024-03-09T21:00:08+0000","https://www.instagram.com/p/C4Tsv4UOpUD/","Unindo forças para o futuro das nossas cidades 🤝✨ Articulações e polí"
"instagram","18423288346040571","","FEED","2024-03-08T11:27:44+0000","https://www.instagram.com/p/C4QGcnSukd6/","Elas são tudo pra mim! minha razão de viver, minha alegria, meu mundo."
"instagram","18043361524639643","","REELS","2024-03-07T20:40:43+0000","https://www.instagram.com/reel/C4Og68mu7-F/","Aqui o trabalho não para e o tempo voa, como a bola do jogo de taco! �"
"instagram","18010908719512785","","FEED","2024-03-07T15:38:12+0000","https://www.instagram.com/p/C4N-UQquWRk/","Entrando na #trend e mostrando resultado! 😉👊"
"instagram","18423507922047855","","FEED","2024-03-06T20:40:45+0000","https://www.instagram.com/p/C4L8JWouXL3/","Essa é a minha opinião!👊 Qual é a sua?👀"
"instagram","17865444420089962","","FEED","2024-03-06T16:33:36+0000","https://www.instagram.com/p/C4Lf3IPuV-d/","😁Alegria em trazer alguém que é uma referência dentro e fora das quad"
"instagram","18028550494913523","","REELS","2024-03-03T14:12:45+0000","https://www.instagram.com/reel/C4Df724uaji/","DE OLHO NAS ESTRADAS! 👀 A Serra do Corvo Branco necessita de atenção,"
"instagram","18290582884080364","","FEED","2024-03-02T22:02:08+0000","https://www.instagram.com/p/C4ByR4EOx8T/","A serra catarinense é linda, e eu posso provar! 😉 📍 Serra do Corvo B"
"instagram","18314036884120139","","FEED","2024-03-01T19:47:54+0000","https://www.instagram.com/p/C3--H1AOm12/","PARTICIPAR ATIVAMENTE DO DESENVOLVIMENTO É ISSO!⚡️ Nos esforçamos para"
"instagram","18000259373242976","","FEED","2024-02-29T19:48:12+0000","https://www.instagram.com/p/C38ZXJ8O8qy/","O #tbt que a gente gosta: Família, Flusão e Emoção!🇮🇹"
"instagram","18027752008915328","","REELS","2024-02-27T22:59:33+0000","https://www.instagram.com/reel/C33lk3ZOl4Q/","O JOAQUIM FALOU, Tá falado! 😉 A cartilha “Sou diferente, e daí?” Será"
"instagram","17942448146791297","","FEED","2024-02-26T21:36:31+0000","https://www.instagram.com/p/C303X7KuFpf/","SUPERANDO TODAS AS EXPECTATIVAS! 🚚 Isso é mais do que uma festa; é a "
"instagram","18018536546299460","","REELS","2024-02-22T19:25:26+0000","https://www.instagram.com/reel/C3qU9D3Or-n/","Esse é só um pouquinho do meu trabalho!😜 #deputadoestadual #pepecolla"
"instagram","17999988722409153","","FEED","2024-02-21T16:39:43+0000","https://www.instagram.com/p/C3ndbsBOwbI/","DIA NACIONAL DO IMIGRANTE ITALIANO 🇮🇹 1 - A Gaita! O instrumento que"
"instagram","17991405008354384","","REELS","2024-02-20T19:39:54+0000","https://www.instagram.com/reel/C3lNLU1uaD3/","A capital da Baleia-Franca chegou por aqui! 🐋 400 mil reais em invest"
"instagram","17944149749784128","","REELS","2024-02-17T18:46:39+0000","https://www.instagram.com/reel/C3dYcWAuAHY/","JOAQUIM SUA IDEIA CHEGOU AQUI! ⬇️ Você está convidado a ir no meu gabi"
"instagram","18001155233456291","","FEED","2024-02-17T14:11:09+0000","https://www.instagram.com/p/C3c5P7jCtuR/","🛣 JAGUARUNA, GAROPABA E IMBITUBA PRECISAM DE ATENÇÃO! 👀 Melhorando o"
"instagram","18047555221535096","","REELS","2024-02-15T19:45:51+0000","https://www.instagram.com/reel/C3YUCfTui0Z/","3 MILHÕES! 🌽🌽🌽 O Centro de Educação infantil Prof. Joelma de Bona f"
"instagram","18013706162167050","","REELS","2024-02-14T16:17:44+0000","https://www.instagram.com/reel/C3VZO9BuTtn/","🗣️LAGUNA MERECE RESPEITO! Tem muita gente que curtiu o carnaval de la"
"instagram","18417622435062741","","FEED","2024-02-12T18:21:11+0000","https://www.instagram.com/p/C3Qd5ChOsQ0/","Mais um carnaval cheio de histórias pra contar! 🎉 Até no Trio do Bloc"
"instagram","18249194839240508","","REELS","2024-02-09T22:24:16+0000","https://www.instagram.com/reel/C3JJqGEuenO/","“NÃO TEM BURACO, NÃO TEM LAMA E NEM POEIRA” - Roseli Camilo, moradora "
"instagram","18026794687925759","","FEED","2024-02-06T21:20:56+0000","https://www.instagram.com/p/C3BVsT9urWF/","Vem pro Gabinete 34! 🚀 Aqui tá faltando algumas pessoas que fazem par"
"instagram","18312960340192285","","REELS","2024-02-03T15:26:29+0000","https://www.instagram.com/reel/C24-ojculcV/","A PESCARIA FOI BOA! 🎣 Mais de 3 milhões de reais foram entregues em r"
"instagram","17845006137153191","","FEED","2024-01-30T19:24:10+0000","https://www.instagram.com/p/C2vGw5yOg5m/","EXAMES CLÍNICOS EM FARMÁCIA! 🙌 Compartilhando esse projeto que vai fa"
"instagram","17984358686457131","","FEED","2024-01-26T22:06:54+0000","https://www.instagram.com/p/C2lGNUWuywS/","Ano eleitoral o assunto não poderia ser outro: política e eleições! 😉"
"instagram","17984909192427526","","FEED","2024-01-24T21:18:43+0000","https://www.instagram.com/p/C2f3Gnsu3Bi/","PALAVRA CUMPRIDA! 🤝 Capivari de Baixo vai receber R$ 2 milhões para o"
"instagram","17987102942384190","","REELS","2024-01-23T17:02:05+0000","https://www.instagram.com/reel/C2cz8InukK1/","PRONTA PRA SALVAR VIDAS! 🩸 A nova sede do Hemosc inaugurada em Tubarã"
"instagram","17962303685696046","","FEED","2024-01-11T14:11:12+0000","https://www.instagram.com/p/C19n2GTK55o/","PRA COMEÇAR O ANO INSPIRADO! 🌸💪 Elas que apoiam umas as outras em mo"
"instagram","17984650457392512","","FEED","2024-01-09T22:06:47+0000","https://www.instagram.com/p/C15Urjmunp7/","ROTA TURÍSTICA DAS ÁGUAS TERMAIS! 👏🩵"
"instagram","18088649824404023","","FEED","2024-01-07T13:48:26+0000","https://www.instagram.com/p/C1zSD1Eul7H/","Um ano de trabalho intenso se passou! 🚀💼 A dedicação trouxe muitas c"
"instagram","17965022861549418","","FEED","2023-12-31T20:00:34+0000","https://www.instagram.com/p/C1h7FNIMgQ6/","FELIZ ANO NOVO! 🤩"
"instagram","18013725581091710","","REELS","2023-12-31T15:17:30+0000","https://www.instagram.com/reel/C1hZ_9KuSii/","Obrigado 2023! 🎉 Estes são apenas alguns momentos de muitas lembrança"
"instagram","17919533846835460","","FEED","2023-12-25T11:08:05+0000","https://www.instagram.com/p/C1RhX-7tPeH/","FELIZ NATAL!🎄 Que as luzes do natal iluminem seu coração com o nascim"
"instagram","18029688214662379","","REELS","2023-12-24T14:52:20+0000","https://www.instagram.com/reel/C1PVmDxO5RZ/","FELIZ NATAL A TODOS OS CATARINENSES!🎄🎅❤️ #natal #feliznatal #catarin"
"instagram","17992633802447037","","REELS","2023-12-22T15:07:48+0000","https://www.instagram.com/reel/C1KLn8ZOj-J/","BALANÇO DO ANO! ✅ Primeiro ano de mandato de muito aprendizado e traba"
"instagram","18396121729065075","","REELS","2023-12-17T14:35:37+0000","https://www.instagram.com/reel/C09SH1fOt7w/","TUBARÃO MERECE! 🦈 No primeiro ano de mandato, conquistamos R$ 10 milh"
"instagram","17981572571618701","","FEED","2023-12-12T22:08:24+0000","https://www.instagram.com/p/C0xOm8fO2OT/","📍 A Comissão de Constituição e Justiça na Assembleia Legislativa de S"
"instagram","17887757756898175","","REELS","2023-12-11T21:43:25+0000","https://www.instagram.com/reel/C0ulgFfu95l/","QUE TRABALHO LINDO! 🌻 Orgulho de ver de perto esse trabalho que impac"
"instagram","17957263631588105","","REELS","2023-12-11T11:31:20+0000","https://www.instagram.com/reel/C0tg4UiunFW/","Começamos bem a semana, acompanhe nossa entrevista para a @radiolitora"
"instagram","18370127020075490","","FEED","2023-12-08T23:57:27+0000","https://www.instagram.com/p/C0nH6LpuTTQ/","Papai Noel encanta e Tubarão tá encantando mais ainda! Com uma caravan"
"instagram","18029445748704070","","REELS","2023-12-07T21:12:44+0000","https://www.instagram.com/reel/C0kQMkpObIq/","NOTÍCIA IMPORTANTE! 🏥✨ O Hospital Nossa Senhora da Conceição, em Tuba"
"instagram","17993719979197271","","REELS","2023-12-07T13:48:06+0000","https://www.instagram.com/reel/C0jX2iwumC4/","🚨Atenção, organizações da sociedade civil! O Governo está com inscriç"
"instagram","17892785843942233","","FEED","2023-12-04T23:18:53+0000","https://www.instagram.com/p/C0cwUJru-Vj/","Parabéns a Luciana Ceretta por receber o título de cidadã catarinense "
"instagram","18286904938154043","","FEED","2023-12-04T17:14:02+0000","https://www.instagram.com/p/C0cGj5vux22/","Notícia Boa a gente compartilha! ✌🏼😉"
"instagram","18067923316415692","","REELS","2023-12-01T11:35:50+0000","https://www.instagram.com/reel/C0Txc2gOd4R/","Semana movimentada com muito trabalho e dedicação. Atendimento, comiss"
"instagram","17875185552004565","","REELS","2023-11-29T20:31:40+0000","https://www.instagram.com/reel/C0Pkd3Ru59A/","🌽 R$ 150 MILHÕES 🌽 Para reconstruir a infraestrutura afetada pelas i"
"instagram","18028414708737415","","REELS","2023-11-27T20:57:53+0000","https://www.instagram.com/reel/C0KegwPOc6m/","Em uma conversa com a Magda e o Ramon da Rádio Tuba, falamos da import"
"instagram","17936811494666442","","REELS","2023-11-26T21:54:24+0000","https://www.instagram.com/reel/C0H_qt3uP64/","Lelê adora a época do Natal, e há um motivo especial! Sabemos que part"
"instagram","18400683538045004","","FEED","2023-11-22T20:04:25+0000","https://www.instagram.com/p/Cz9ghZ7OEJn/","Essa é a felicidade de trabalhar com o que se gosta! 👊🏼"
"instagram","17989295723256266","","REELS","2023-11-21T22:38:42+0000","https://www.instagram.com/reel/Cz7Lra1ueic/","💸Hospital de Tubarão recebe R$ 400 mil para a emergência 🏥O Hospital"
"instagram","17912213246839639","","REELS","2023-11-21T00:07:58+0000","https://www.instagram.com/reel/Cz4yTFAOvKV/","COMENDA DO LEGISLATIVO🏅 Parabéns ao Arilton Barreiros de Souza! 🎉 Co"
"instagram","17974913411624924","","FEED","2023-11-18T16:51:03+0000","https://www.instagram.com/p/Czy3NjauFlt/","Sucesso total na Confraternização do Progressista em Morro da Fumaça! "
"instagram","18009280637300004","","FEED","2023-11-18T11:41:54+0000","https://www.instagram.com/p/CzyT1UAud1U/","Você já sabia disso? 👀 O Conselheiro Tutelar desempenha um papel fund"
"instagram","18017970547754839","","FEED","2023-11-17T18:23:59+0000","https://www.instagram.com/p/CzwdDVQOMGm/","Mesmo com chuva aqui não tem parada! 💪🌧️ Agenda intensa em Braço do "
"instagram","17885436431959767","","REELS","2023-11-17T01:16:11+0000","https://www.instagram.com/reel/CzunVEiIuHQ/","DEFENDO E ME EMOCIONO EM DEFESA DA PESSOA COM ESPECTRO AUTISTA! 🧩🤝 A"
"instagram","18025068091763938","","FEED","2023-11-16T19:49:59+0000","https://www.instagram.com/p/CzuCGWUuI7i/","Construindo pontes, quebrando barreiras: juntos pela inclusão social! "
"instagram","18308146261191103","","FEED","2023-11-15T18:17:25+0000","https://www.instagram.com/p/CzrSti_u3RO/","INCENTIVAR CRIANÇAS AO ESPORTE! ⚽️🥎🏃 É isso que aprendi com meus ano"
"instagram","17903082200869186","","FEED","2023-11-14T20:14:08+0000","https://www.instagram.com/p/Czo7RenJben/","DIA INTENSO! 🏃‍♂️ Entre comissões, votações, plenário e atendimentos "
"instagram","18109768864341807","","REELS","2023-11-10T19:17:41+0000","https://www.instagram.com/reel/CzehgwXu44Z/","LEVANTANDO NOSSAS BANDEIRAS!👊🏼 👀Veja o comentário do @andersonsilva"
"instagram","17994068918366129","","REELS","2023-11-07T15:18:07+0000","https://www.instagram.com/reel/CzWXvGfOi3b/","2️⃣OBRAS IMPORTANTES!⬇️ 🛣️ Repasse para revitalização do acesso Sul d"
"instagram","18006033203116105","","FEED","2023-11-06T20:44:24+0000","https://www.instagram.com/p/CzUYYKVuIgt/","Juntos, fazendo a diferença em Capivari de Baixo! 💪 Emenda de 1,5 mil"
"instagram","18011808277987184","","FEED","2023-11-04T23:23:02+0000","https://www.instagram.com/p/CzPg8RqOSv2/","Sem palavras! ❤️💚"
"instagram","17963733500647497","","REELS","2023-11-02T13:30:56+0000","https://www.instagram.com/reel/CzJS-_7Oc6i/","🚨PRECISO DA AJUDA DE VOCÊS 👇🏼 Manuzinha quer que esse vídeo chegue "
"instagram","18097839826332353","","REELS","2023-11-01T20:40:13+0000","https://www.instagram.com/reel/CzHftoEuECa/","PRAZOS DEFINIDOS PRA ATUALIZAÇÃO DO PROJETO DA REDRAGAGEM DO RIO TUBAR"
"instagram","17993806316110425","","REELS","2023-10-31T21:11:14+0000","https://www.instagram.com/reel/CzE-N6muqkX/","ALEGRANDO MEU DIA! ☺️ Os vereadores mirins de Treze de Maio estiveram "
"instagram","18000566306485489","","REELS","2023-10-31T16:21:28+0000","https://www.instagram.com/reel/CzEcm3pOOqk/","FIQUE ATENTO! 🚨 Em defesa da Redragagem do Rio Tubarão, estaremos ama"
"instagram","17952193286695055","","REELS","2023-10-26T20:23:08+0000","https://www.instagram.com/reel/Cy4BLR7Oi1u/","EM DEFESA DOS CATARINENSES! 🫡 No debate sobre os fenômenos climáticos"
"instagram","17999487377500480","","REELS","2023-10-25T16:10:54+0000","https://www.instagram.com/reel/Cy0_gWsuSvq/","ENTREGANDO UM PRESENTE! 🎁 Nós desejamos o melhor para Pescaria Brava,"
"instagram","18214766770255831","","REELS","2023-10-24T20:51:03+0000","https://www.instagram.com/reel/Cyy5afMut5P/","Parabéns Rotary e Lions!💗 Vocês merecem nossas palmas por toda dedica"
"instagram","18069351001429530","","REELS","2023-10-21T14:17:56+0000","https://www.instagram.com/reel/Cyqe4gVOyzp/","➡️ No Programa Balanço Geral em Criciúma, falando um pouquinho sobre a"
"instagram","17973538007439734","","REELS","2023-10-20T22:24:59+0000","https://www.instagram.com/reel/CyoyHq7OHUL/","ARREGAÇANDO AS MANGAS EM CRICIÚMA! 👊🏼 Um dia lotado de agendas por C"
"instagram","17963743421640971","","FEED","2023-10-20T13:07:37+0000","https://www.instagram.com/p/CynylxbO1aO/","➡️AS ANDANÇAS COMEÇARAM! É muito bom começar nossas visitas regionais "
"instagram","17894954570908117","","REELS","2023-10-18T22:11:31+0000","https://www.instagram.com/reel/CyjmaP_OoWG/","EMOCIONANTE 🌸🎗️ Mulheres incríveis soltaram a voz em aplausos às red"
"instagram","17942419910712543","","FEED","2023-10-17T14:06:45+0000","https://www.instagram.com/p/CygK-LpOvo5/","Hoje é o dia dela, minha morena, que está cada dia mais linda. Ela é o"
"instagram","18005924858021550","","FEED","2023-10-16T20:13:55+0000","https://www.instagram.com/p/CyeQMg6uVAC/","👉🏽 FAÇA A SUA INSCRIÇÃO! O programa Universidade Gratuita está com a"
"instagram","17893385039910966","","REELS","2023-10-11T21:28:33+0000","https://www.instagram.com/reel/CyRgl_hOgK4/","OUTUBRO ROSA É PREVENÇÃO! 💗 Mulheres, façam seus exames!🙌"
"instagram","17994087407258677","","REELS","2023-10-10T22:09:40+0000","https://www.instagram.com/reel/CyO_0HlObf5/","POVO DE TUBARÃO! 🗣️ A redragagem do Rio Tubarão é fundamental para am"
"instagram","17994882998209778","","FEED","2023-10-09T21:14:46+0000","https://www.instagram.com/p/CyMVmEFuEqu/","UNIÃO E EMPATIA, é o que precisamos nesse momento tão difícil pra Sant"
"instagram","17985698432215165","","REELS","2023-10-07T20:39:38+0000","https://www.instagram.com/reel/CyHHPFIOydT/","🚨ATUALIZAÇÕES! A previsão continua a ser de muita chuva amanhã aqui e"
"instagram","17852546892058513","","REELS","2023-10-07T16:31:12+0000","https://www.instagram.com/reel/CyGrD0YOwKY/","RIO TUBARÃO ESTÁ EM NÍVEL DE ATENÇÃO! 🚨 A previsão ainda é muita chuv"
"instagram","17983514900399480","","REELS","2023-10-07T12:12:17+0000","https://www.instagram.com/reel/CyGNC9GOl4y/","CUIDE-SE! ☔️As chuvas estão se agravando em todo o estado. Estou em co"
"instagram","17969281775480698","","REELS","2023-10-06T21:56:09+0000","https://www.instagram.com/reel/CyEqqN-O_6g/","SALVAR VIDAS NÃO É PRA QUALQUER UM! 🚒👩‍🚒 Ver de perto a dedicação, "
"instagram","18017951224799899","","FEED","2023-10-05T12:45:57+0000","https://www.instagram.com/p/CyBIL5mOasb/","O #TBT de hoje não poderia ser diferente! ❤️💚 Pra cima Flusão! #flumi"
"instagram","18009102586832978","","REELS","2023-10-04T22:37:58+0000","https://www.instagram.com/reel/Cx_mSwHun_W/","TA TODO MUNDO CONVIDADO! 🌎 A festa do Colono pelo capricho da criança"
"instagram","17973900398555091","","REELS","2023-10-03T21:27:41+0000","https://www.instagram.com/reel/Cx85QdiOm4m/","Um dia repleto de desafios e conquistas, onde o esforço e a dedicação "
"instagram","17878573433957265","","FEED","2023-10-02T19:28:47+0000","https://www.instagram.com/p/Cx6H5v6OEfK/","Um ano se passou desde a eleição. Foi um dia inesquecível. Me lembro d"
"instagram","18003089000101150","","REELS","2023-10-01T12:14:17+0000","https://www.instagram.com/reel/Cx2xTk6uK69/","➡️VEREADOR, esse post é pra você!😜 Gratidão pelo seu compromisso em t"
"instagram","18035675533564914","","REELS","2023-09-28T21:12:29+0000","https://www.instagram.com/reel/CxwAer4uI_q/","🗣️PREFEITOS E VICES! Nosso mandato tem que ter a participação de noss"
"instagram","18385126168036465","","REELS","2023-09-27T21:44:47+0000","https://www.instagram.com/reel/CxtfajxucWO/","➡️ Você sabia que um doador de órgãos e tecidos pode salvar até dez vi"
"instagram","17882406455882375","","FEED","2023-09-23T20:37:13+0000","https://www.instagram.com/p/CxjElHsO_NX/","Foto para eternizar o fusca e a infância das meninas ❤️ #fusca #latave"
"instagram","17914695362802317","","FEED","2023-09-21T12:59:38+0000","https://www.instagram.com/p/CxdGn7DOUpT/","Lembrando disso todos os dias! A inclusão é indispensável para uma soc"
"instagram","18000058193302995","","FEED","2023-09-19T17:34:16+0000","https://www.instagram.com/p/CxYcdnhuH9E/","🔉 UNIVERSITÁRIO! Essa é uma oportunidade de vivenciar o legislativo e"
"instagram","17993016020065201","","REELS","2023-09-17T21:12:43+0000","https://www.instagram.com/reel/CxTrmYuOKMD/","REDRAGAGEM DO RIO TUBARÃO! ✅ Uma obra de mais de 500 milhões de reais "
"instagram","17982698354236356","","REELS","2023-09-16T21:16:23+0000","https://www.instagram.com/reel/CxRHTJfO2Wx/","➡️ Acessar o site da biblioteca Oliveira Lima e conheça esse acervo in"
"instagram","17898461054854258","","REELS","2023-09-15T21:39:49+0000","https://www.instagram.com/reel/CxOlOj_uiUd/","➡️As políticas públicas são fundamentais para alcançar os melhores res"
"instagram","18065158459426380","","FEED","2023-09-15T11:11:43+0000","https://www.instagram.com/p/CxNdgNvOU2F/","Que nossa padroeira nos abençoe e sempre interceda por nós 🙏 #tubarao"
"instagram","18051633685480368","","FEED","2023-09-14T19:49:42+0000","https://www.instagram.com/p/CxLz_J6OIlz/","Visita na Embaixada Brasileira! 🇧🇷 Muito bem recebido pelo Ministro "
"instagram","17889019757909789","","REELS","2023-09-13T21:03:34+0000","https://www.instagram.com/reel/CxJXlVvOkaL/","Uma universidade cheia de história que faz parte da luta por igualdade"
"instagram","17902125158783108","","FEED","2023-09-12T18:59:07+0000","https://www.instagram.com/p/CxGkm7wu7i-/","🚨Posicionamento claro e direto! ✅ Precisamos de investimentos no aero"
"instagram","18039922606524313","","REELS","2023-09-07T19:40:17+0000","https://www.instagram.com/reel/Cw5xQZ_u_9d/","Um dia marcante que ecoa na história. Celebre a independência com orgu"
"instagram","18233207974209745","","REELS","2023-09-06T21:31:10+0000","https://www.instagram.com/reel/Cw3YpYauqbE/","5️⃣PAUTAS QUE A BANCADA DO SUL VAI DEFENDER! ✅ Essas são algumas das p"
"instagram","18036955342537020","","FEED","2023-09-04T20:13:32+0000","https://www.instagram.com/p/CwyGw_iulOK/","A bancada dos Progressistas de Santa Catarina, trabalhando juntos para"
"instagram","17998037021107241","","REELS","2023-09-01T22:31:43+0000","https://www.instagram.com/reel/CwqiPpaOxLJ/","CONEXÃO ENTRE POLÍTICOS E EMPREENDEDORES! 🤝 Os modais auxiliam o dese"
"instagram","17877744140891753","","REELS","2023-08-31T20:42:47+0000","https://www.instagram.com/reel/Cwn2z2konUX/","Não poderia ficar fora dessa! 😉✅✌🏼"
"instagram","18070245856406831","","FEED","2023-08-29T21:18:00+0000","https://www.instagram.com/p/CwixX6LOY51/","+ um dia de trabalho, + um dia corrido, com a certeza de estar no cami"
"instagram","18011285881856412","","REELS","2023-08-25T01:28:59+0000","https://www.instagram.com/reel/CwV17iDoSLB/","LUTANDO PELOS ACESSOS DAS MARGINAIS! ✅ Estivemos na ANTT para reivindi"
"instagram","18018892276736589","","FEED","2023-08-24T13:09:28+0000","https://www.instagram.com/p/CwVBfdzuijQ/","A infância deve ser aproveitada ao máximo! Nossas crianças precisam br"
"instagram","18031645546560194","","FEED","2023-08-23T22:49:15+0000","https://www.instagram.com/p/CwTfDDXO7Ws/","Entre Senadores, Deputados Federais, audiências públicas, ANTT, o dia "
"instagram","17849573436017484","","FEED","2023-08-21T21:10:35+0000","https://www.instagram.com/p/CwOKKpyvANz/","Algumas notícias importantes para começarmos a semana bem informados! "
"instagram","17872517792951218","","REELS","2023-08-18T20:13:02+0000","https://www.instagram.com/reel/CwGUufWoNwC/","💸DREX é uma das novidades anunciadas pelo Milton Campos Presidente do"
"instagram","18077222464384087","","REELS","2023-08-17T22:05:38+0000","https://www.instagram.com/reel/CwD8fl3ouqz/","Vereador Mirim! Essa é uma das formas de incentivarmos as crianças a p"
"instagram","17983031456161551","","FEED","2023-08-16T14:28:05+0000","https://www.instagram.com/p/CwAkIRsu0gG/","💚Arrasta pro lado! ▶️"
"instagram","18152680246294116","","REELS","2023-08-13T12:00:00+0000","https://www.instagram.com/reel/Cv4k2jtuMFN/","FOFURÔMETRO EXPLODINDO! 😍 Me emocionei e compartilho com vocês as hom"
"instagram","17975899283522483","","FEED","2023-08-12T13:10:56+0000","https://www.instagram.com/p/Cv2IHs8O5bA/","PROGRESSISTAS UNIDOS! 🩵 A reunião em Araranguá foi linda e evidenciou"
"instagram","17964170006615209","","REELS","2023-08-11T11:17:24+0000","https://www.instagram.com/reel/CvzURY5ukfj/","Sou advogado e já fui estudante por muito tempo.📚 Aliás, na vida públ"
"instagram","18004803532779758","","FEED","2023-08-08T15:36:00+0000","https://www.instagram.com/p/CvsFioeOAfm/","Manuzinha aprovou vários projetos hoje na Comissão de Constituição e J"
"instagram","17979322697212637","","FEED","2023-08-07T15:37:18+0000","https://www.instagram.com/p/Cvpg5SguSTQ/","Boa sorte! 🍀"
"instagram","18035270278479847","","FEED","2023-08-04T15:01:52+0000","https://www.instagram.com/p/CvhudKBuMIu/","🗣️Quem adivinha o tema do Podcast Ordem do dia que gravamos nesta sem"
"instagram","17997276773047633","","FEED","2023-08-03T21:12:58+0000","https://www.instagram.com/p/Cvf0ISxOX2a/","Rebobina pro primeiro dia! 🔚 Me peguei pensando que já se foram 6 mes"
"instagram","18191464510280324","","REELS","2023-08-02T21:44:36+0000","https://www.instagram.com/reel/CvdSWzAMf40/","PRESTAR CONTAS 🎯 Muito trabalho, aprendizado e dedicação. Espero que "
"instagram","17944781309572361","","REELS","2023-08-01T21:33:25+0000","https://www.instagram.com/reel/CvasDflOJoU/","UNIVERSIDADE GRATUITA ✅ Aprovado, assinado e que os universitários apr"
"instagram","17943949172571742","","REELS","2023-07-29T11:01:48+0000","https://www.instagram.com/reel/CvR196JMYng/","Parabéns, lagunense! 🎉🎂 Neste aniversário da cidade, vamos celebrar "
"instagram","18015055603733977","","FEED","2023-07-28T14:08:57+0000","https://www.instagram.com/p/CvPm1fvu7aT/","Arrasta pro lado e vê a correria de julho! 🚀"
"instagram","18066389407408354","","REELS","2023-07-27T14:30:33+0000","https://www.instagram.com/reel/CvNEIa8Lx0j/","Você já foi nessa igreja? 🙏 📍 Igreja Matriz Santo Antônio dos Anjos "
"instagram","17989997887992788","","FEED","2023-07-24T20:29:59+0000","https://www.instagram.com/p/CvF_QyZuHok/","🧩É fazendo grupos de trabalho da Frente Parlamentar do Autismo que ag"
"instagram","17964698984564683","","REELS","2023-07-24T15:39:17+0000","https://www.instagram.com/reel/CvFdkJhr7sQ/","Vai Brasil! 🇧🇷 Já começamos bem! Fizeram bonito nesse primeiro jogo "
"instagram","17984267759082130","","REELS","2023-07-21T21:39:30+0000","https://www.instagram.com/reel/Cu-XlbusbR7/","GAROPABA E PAULO LOPES BEM REPRESENTADAS! 👏 Hoje o dia foi de muito t"
"instagram","17939682827591684","","REELS","2023-07-20T19:30:10+0000","https://www.instagram.com/reel/Cu7k5VNsjxh/","Na Barra do molhes só deu frio e botos! 🥶🐬 📍 Laguna #laguna #moles "
"instagram","18045421519464382","","REELS","2023-07-19T20:50:14+0000","https://www.instagram.com/reel/Cu5JJL9sZBv/","Lutando por Laguna e fortalecendo a região! Colaborando com o desenvol"
"instagram","17984635001331316","","FEED","2023-07-18T19:26:14+0000","https://www.instagram.com/p/Cu2bMiYJIBm/","Bastidores são massa! 🎬 É aqui que o @luizprrudencio me segura pra qu"
"instagram","17842709952027723","","FEED","2023-07-16T19:30:03+0000","https://www.instagram.com/p/CuxSCuUuxAu/","Quem não gosta de uma tainha assada em um domingo de sol? 🐟 Essa aqui"
"instagram","17993620823099405","","FEED","2023-07-14T20:50:35+0000","https://www.instagram.com/p/CusRqzbuOv2/","Nova emergência do HNSC! 🏥 Nós precisamos dessa mudança para atender "
"instagram","17912743094696505","","REELS","2023-07-13T19:27:03+0000","https://www.instagram.com/reel/CupieS9sHkG/","SURPRESA! 🎉 Entre lideranças, amigos, família e equipe percebo o quan"
"instagram","18043101259470213","","REELS","2023-07-13T11:48:52+0000","https://www.instagram.com/reel/CuotbjGO-kY/","PARABÉNS, PEPÊ! 🎊 Hoje, nós confiscamos o Instagram do Pepê pra que e"
"instagram","17848067649013735","","REELS","2023-07-12T22:07:28+0000","https://www.instagram.com/reel/CunQbX0snAM/","ATENÇÃO AO HOSPITAL DE IÇARA 🏥 A bancada do sul se reuniu para lutar "
"instagram","18000823798789047","","FEED","2023-07-11T20:31:58+0000","https://www.instagram.com/p/CukhJ11OXZ9/","VITÓRIA DA EDUCAÇÃO✅ Defender a educação e o acesso à graduação para a"
"instagram","17993413679075746","","REELS","2023-07-10T18:18:13+0000","https://www.instagram.com/reel/CuhrFV3Rtik/","UNIVERSIDADE GRATUITA É APROVADA NAS COMISSÕES! ✅ As Comissões de Cons"
"instagram","17935486367606295","","REELS","2023-07-08T21:05:37+0000","https://www.instagram.com/reel/Cuc2PQQO6kd/","FEAGRO! 🐂 A maior feira do gado Jersey da América Latina, várias expo"
"instagram","18035334172507654","","FEED","2023-07-07T12:17:28+0000","https://www.instagram.com/p/CuZVYghueLt/","Parabéns, minha doce Manuzinha! 🎉Que seu dia seja recheado de sorriso"
"instagram","17962663766396911","","REELS","2023-07-06T21:05:06+0000","https://www.instagram.com/reel/CuXsvuoN2Jw/","Respondendo alguns comentários! Aqui o debate é sério e gostamos de sa"
"instagram","17973490448421447","","FEED","2023-07-05T15:52:03+0000","https://www.instagram.com/p/CuUkWf6OZrn/","Tô super moderninho! 😂 Até que a Inteligência Artificial foi boazinha"
"instagram","17982088076203663","","FEED","2023-07-04T22:09:47+0000","https://www.instagram.com/p/CuSqyK0OyJ3/","APROVADO NA CCJ! 🙌 Vamos na luta a favor do contribuinte!"
"instagram","17937541268680143","","FEED","2023-06-30T18:03:52+0000","https://www.instagram.com/p/CuH7dhQuME2/","Quero muito saber sua opinião sobre isso! Deixa aqui! ⬇️ #bolsonaro #l"
"instagram","17979427448110453","","REELS","2023-06-29T18:42:38+0000","https://www.instagram.com/reel/CuFa3NVOwA6/","ROTA TURÍSTICA DAS ÁGUAS TERMAIS! 💦 O turismo, a cultura e a terra da"
"instagram","18030158554531777","","REELS","2023-06-27T22:19:58+0000","https://www.instagram.com/reel/CuAqK5duYua/","SAÚDE É VIDA! ♥️ Investir nessa área é investir em todos nós. Hospitai"
"instagram","18013958872642735","","FEED","2023-06-26T19:06:55+0000","https://www.instagram.com/p/Ct9vfzXOZeH/","Qual desses você não sabia? 😅 🍍A roça de abacaxi foi o que mais surp"
"instagram","18026356957558651","","REELS","2023-06-24T20:13:27+0000","https://www.instagram.com/reel/Ct4s2gds_T3/","SC NO GLOBO REPÓRTER! 😎 Foi lindo ver nossas ondas, nossos vinhos, no"
"instagram","17963201744596197","","FEED","2023-06-22T22:03:41+0000","https://www.instagram.com/p/Ctzwi9DOpDn/","Uma manhã diferente com a Turma do Terceirão da escola Saul Ulysséa fa"
"instagram","17934451457677851","","REELS","2023-06-21T22:50:22+0000","https://www.instagram.com/reel/CtxQTnsLzV_/","🎀Mulheres inspiradoras da Rede Feminina do Câncer, unidas em busca de"
"instagram","17845147938009539","","REELS","2023-06-20T21:26:49+0000","https://www.instagram.com/reel/CtuidD7JmgF/","Defender o meio ambiente sim, frear o desenvolvimento não! Impor medid"
"instagram","17993301820994245","","FEED","2023-06-18T15:08:22+0000","https://www.instagram.com/p/Ctot1rFuLCR/","🧩 Celebre o Dia do Orgulho autista e promova a inclusão! Junte-se a n"
"instagram","18371779837018390","","FEED","2023-06-17T15:13:19+0000","https://www.instagram.com/p/CtmJnAZOP0t/","Pra manter todo mundo informado! 1️⃣ Seminário Estadual de Adoção e Pr"
"instagram","18067510810386767","","REELS","2023-06-15T21:50:18+0000","https://www.instagram.com/reel/CthtQLbtWyY/","Erros de gravação bons demais pra ficarem perdidos na galeria do celul"
"instagram","18001509205858783","","REELS","2023-06-14T21:59:27+0000","https://www.instagram.com/reel/CtfJdlRLa47/","LEVANTANDO A BANDEIRA DO AUTISMO 🧩 Com instituições apaixonadas pela "
"instagram","18005543161783914","","REELS","2023-06-13T22:04:30+0000","https://www.instagram.com/reel/CtclQhMJNzC/","A correria entre audiências, Plenário e CCJ - tudo em modo turbo - enf"
"instagram","17989094945082662","","FEED","2023-06-12T21:39:42+0000","https://www.instagram.com/p/CtZ92ktJi5B/","Nós! ♥️ @brubrunelcollaco"
"instagram","17973700472514434","","REELS","2023-06-12T13:26:43+0000","https://www.instagram.com/reel/CtZEX7iuU3T/","+ de R$ 13 milhões em investimentos de equipamentos e veículos, 🚒 🧑‍"
"instagram","17931738071607010","","REELS","2023-06-09T22:02:21+0000","https://www.instagram.com/reel/CtSRxrPJB3i/","Nada de FERIADO! 😱 Trabalhando a toda hora, em todo lugar, os momento"
"instagram","17989617422019506","","REELS","2023-06-08T20:56:31+0000","https://www.instagram.com/reel/CtPllHfAhGq/","Bem-vindo, Junho! 🔥 É tempo de celebrar a alegria das festas juninas,"
"instagram","17997698569770700","","FEED","2023-06-07T21:08:08+0000","https://www.instagram.com/p/CtNCRDvuFBI/","Meio ano se foi num piscar de olhos! 😮✨ 2023 tem sido intenso e reple"
"instagram","17957780468604816","","REELS","2023-06-06T22:00:56+0000","https://www.instagram.com/reel/CtKjUzKNHhw/","ADOÇÃO! ♥️ Despertando corações e construindo lares: O Seminário da Ad"
"instagram","17991138830064574","","FEED","2023-06-04T15:26:07+0000","https://www.instagram.com/p/CtEsvXruOhF/","Meu querido pai, o Galo velho da família, tá comemorando mais um ano d"
"instagram","18019162729601083","","REELS","2023-06-02T22:38:51+0000","https://www.instagram.com/reel/CtATc55semj/","A ADOÇÃO DESPERTA SORRISOS! 👏😃 O seminário de adoção foi um sucesso "
"instagram","17938319561667552","","REELS","2023-06-01T18:58:46+0000","https://www.instagram.com/reel/Cs9WZ6FNln_/","O poder transformador da adoção! 💙✨ Debater sobre esse tema tão impor"
"instagram","17885742860793614","","REELS","2023-05-31T21:18:57+0000","https://www.instagram.com/reel/Cs7BnM5pfSU/","ROTINA INTENSA! Os bastidores do dia de um Deputado Estadual são inten"
"instagram","17974284401142085","","FEED","2023-05-30T22:27:36+0000","https://www.instagram.com/p/Cs4lAGypeH1/","✨ Como regionalista comprometido, estou empenhado em transformar proje"
"instagram","17972073752166586","","REELS","2023-05-27T14:07:55+0000","https://www.instagram.com/reel/Csv9QHONFjb/","Parabéns, Tubarão! 🦈🎉 Hoje comemoramos 153 anos da Cidade Azul. Minh"
"instagram","17871529817912501","","REELS","2023-05-26T17:28:46+0000","https://www.instagram.com/reel/CstvVSKRaHm/","Foi importante para minha formação como homem e como profissional! ✍🏼"
"instagram","18001118506701824","","FEED","2023-05-24T21:38:33+0000","https://www.instagram.com/p/CspCnnEuWgc/","Defendi isso na CCJ e repito! ✅ #RedragagemUrgente #LeisSimplificadas "
"instagram","17978664782065192","","FEED","2023-05-23T21:18:53+0000","https://www.instagram.com/p/CsmbkoluKXr/","Quero desejar um feliz aniversário pro companheiro de partido, amigo e"
"instagram","17964684608291544","","FEED","2023-05-19T21:46:47+0000","https://www.instagram.com/p/CscLlc6JfL4/","Quando paramos para ouvir, entregamos resultados reais! 🎯👂🏼 Estar p"
"instagram","18037902010463838","","REELS","2023-05-18T21:21:38+0000","https://www.instagram.com/reel/CsZjeJqpjV1/","Defendo a pavimentação da Rodovia Ageu Medeiros com unhas e dentes! 💪"
"instagram","17990197426972384","","REELS","2023-05-17T22:25:01+0000","https://www.instagram.com/reel/CsXF28wO8BP/","Uma verdadeira maratona! 💪💼 Hoje participei da Comissão de Tecnologi"
"instagram","17993396914819727","","FEED","2023-05-17T20:03:53+0000","https://www.instagram.com/tv/CsW2MW1oaca/","Uma obra tão importante quanto a Rodovia Ageu Medeiros deve ter sua de"
"instagram","18035991391477628","","REELS","2023-05-16T21:32:13+0000","https://www.instagram.com/reel/CsUbRVQO5YG/","Uma festa que aquece corações! 🎉 Recebi um convite especial para a 33"
"instagram","17866506632878660","","FEED","2023-05-15T20:20:42+0000","https://www.instagram.com/p/CsRujdIuQMJ/","Notícias pra começarmos a semana com o 🦶 Direito e informados! 👊🏼😜"
"instagram","17942776067513010","","FEED","2023-05-14T14:03:24+0000","https://www.instagram.com/p/CsOelLPOFFr/","Nossa Manu e Lelê têm muita sorte em ter uma mãe como você. És uma mãe"
"instagram","18016066384589710","","REELS","2023-05-12T22:57:15+0000","https://www.instagram.com/reel/CsKRzstLAHn/","A segunda edição da Agropolo tá acontecendo hoje, sábado e domingo, no"
"instagram","17982336508976677","","FEED","2023-05-11T19:15:48+0000","https://www.instagram.com/p/CsHT8q_uPci/","Unidos pela saúde pública, Zé Gotinha, eu e o Deputado Napoleão estamo"
"instagram","18008485297639004","","REELS","2023-05-10T21:51:19+0000","https://www.instagram.com/reel/CsFA20iJleX/","TODOS CONTRA A DENGUE! 🦟 Ações simples como manter bem tampados caixa"
"instagram","17918254079642859","","FEED","2023-05-09T21:53:40+0000","https://www.instagram.com/p/CsCcbL0uXyg/","Santa Catarina tem de tudo e precisamos escoar nossos produtos com mai"
"instagram","17982110660157834","","REELS","2023-05-08T21:40:53+0000","https://www.instagram.com/reel/Cr_1jTPMFd-/","AMPLIAÇÃO DO PORTO! R$ 92 milhões para o Cais 3, custeado pela SCPAR, "
"instagram","17984526056102930","","FEED","2023-05-08T13:44:17+0000","https://www.instagram.com/p/Cr-_n5Suncu/","Desenvolver o turismo é valorizar o que há de melhor na nossa terra! �"
"instagram","17957399348589448","","REELS","2023-05-06T21:04:44+0000","https://www.instagram.com/reel/Cr6oQWYMbXY/","Bora aprender a fazer Mac & Cheese com a Manu e a Lelê! 🧀"
"instagram","18035806756465302","","REELS","2023-05-04T20:45:18+0000","https://www.instagram.com/reel/Cr1cSntuekS/","PORTO DE IMBITUBA 🚢 O porto recebeu a Licença Ambiental de Instalação"
"instagram","17915272040727375","","REELS","2023-05-03T21:35:54+0000","https://www.instagram.com/reel/Cry81W5udwB/","Uma homenagem simples, mas de coração ao Lar da Menina de Tubarão! 👏 "
"instagram","17994029038756371","","FEED","2023-05-02T19:28:11+0000","https://www.instagram.com/p/CrwKNe1uVX9/","✈️AEROPORTO REGIONAL DE JAGUARUNA! ⬆️ Arrasta pro lado e confere. ✅ #a"
"instagram","18084578854342430","","FEED","2023-05-01T15:44:50+0000","https://www.instagram.com/p/CrtL2s_ueUO/","🤝A todos os trabalhadores que se dedicam, exercem suas profissões com"
"instagram","18264012619177566","","FEED","2023-04-28T21:05:58+0000","https://www.instagram.com/p/CrmCOMIuX34/","Notícias da semana! ✅ #politicasc #deputadoestadual #deputado #parlame"
"instagram","17951285429608964","","REELS","2023-04-27T22:47:30+0000","https://www.instagram.com/reel/CrjovNVtJzf/","AEROPORTO REGIONAL DE JAGUARUNA ✈️ Com uma média de 11 mil passageiros"
"instagram","18039757156422329","","FEED","2023-04-27T13:19:23+0000","https://www.instagram.com/tv/CrioAInoDFI/","Aeroporto de Jaguaruna merece atenção ! ✈️"
"instagram","17993603386743723","","FEED","2023-04-26T21:22:29+0000","https://www.instagram.com/p/Crg6hapO7kn/","ATENDIMENTOS ✅ Que correria boa do dia a dia atender todos que procura"
"instagram","17984563103069201","","FEED","2023-04-25T19:49:48+0000","https://www.instagram.com/p/CreLHqZOYF2/","ATUALIZAÇÃO É O SEGREDO 📚 Agora o ritmo aumentou. As comissões e os p"
"instagram","17982580960924935","","REELS","2023-04-24T20:35:02+0000","https://www.instagram.com/reel/CrbpKwvLGaV/","✈️ Estive em Jaguaruna hoje para me colocar à disposição e buscar as m"
"instagram","17998890439773254","","REELS","2023-04-21T21:52:35+0000","https://www.instagram.com/reel/CrUFtc1u9HJ/","Investir em saúde é investir na população! 🏥 Fazer parte desse moment"
"instagram","18160296187304817","","REELS","2023-04-20T22:53:23+0000","https://www.instagram.com/reel/CrRnxxlu8nT/","A Reinauguração do Ginásio Osnizão é importante pro lazer, esporte e s"
"instagram","17866189028910191","","REELS","2023-04-19T22:35:18+0000","https://www.instagram.com/reel/CrPBBR6NIm4/","MAIS SEGURANÇA NAS ESCOLAS! 👮‍♂️ Aprovamos o projeto que coloca os CT"
"instagram","17999451874747895","","FEED","2023-04-18T21:45:30+0000","https://www.instagram.com/p/CrMWy7rOfh7/","EM DEFESA DE TUBARÃO! 🦈 Buscamos recursos para sanar problemas que im"
"instagram","18355418164055939","","FEED","2023-04-14T21:32:17+0000","https://www.instagram.com/p/CrCCGtCOmrr/","🗣️Temos muitas pautas que merecem atenção no âmbito regional. E, como"
"instagram","17981250665030645","","REELS","2023-04-13T21:17:39+0000","https://www.instagram.com/reel/Cq_Z1fiOSCS/","Sabe como é a rotina de trabalho de um deputado na Assembleia Legislat"
"instagram","18043601692431605","","REELS","2023-04-12T22:03:38+0000","https://www.instagram.com/reel/Cq87AUHg-9Q/","Um assunto difícil: o atentado em Blumenau marcou a história de SC e e"
"instagram","17995264138838975","","FEED","2023-04-11T21:51:52+0000","https://www.instagram.com/p/Cq6V9eQufSi/","Hoje tivemos a reunião de líderes sobre a Segurança Pública nas escola"
"instagram","17976352304290615","","FEED","2023-04-09T12:14:11+0000","https://www.instagram.com/p/Cq0KQsXOnHT/","É tempo de celebrar a vida! Feliz Páscoa! ✨"
"instagram","18049277947410787","","FEED","2023-04-08T19:08:30+0000","https://www.instagram.com/p/CqyU4QLOGIk/","Confira as notícias da semana! 📰"
"instagram","17991652723745296","","FEED","2023-04-07T11:30:00+0000","https://www.instagram.com/p/Cqu7oysO3Cy/","É tempo de celebrar e refletir sobre a vida, renovar a fé e pedir por "
"instagram","18004115464640861","","FEED","2023-04-06T21:49:28+0000","https://www.instagram.com/p/CqtdthmOsca/","Um #tbt recente e marcante de inclusão.🧩 Nosso evento de lançamento d"
"instagram","17984402134996575","","FEED","2023-04-05T19:53:53+0000","https://www.instagram.com/tv/Cqqrqo1osYR/","Com tristeza e pesar falo sobre o atentado as crianças da creche Bom P"
"instagram","17962718861376510","","FEED","2023-04-05T14:25:17+0000","https://www.instagram.com/p/CqqGFTxO35R/","Estamos de #Luto 🖤 que Deus conforte as famílias."
"instagram","17958213626313340","","REELS","2023-04-04T22:01:36+0000","https://www.instagram.com/reel/CqoVSfhsuzO/","Um SUCESSO! 🚀 O lançamento da Frente Parlamentar em Defesa da Pessoa "
"instagram","17843854712969134","","REELS","2023-04-03T21:36:37+0000","https://www.instagram.com/reel/Cqlth_PDTYQ/","🧩 Autismo é uma maneira diferente de ver o mundo. Venha participar do"
"instagram","17968139189335651","","REELS","2023-04-02T19:07:23+0000","https://www.instagram.com/reel/Cqi37UjDa8D/","➡️Hoje é o Dia Mundial da Conscientização sobre o Autismo e nada melho"
"instagram","18038085310415927","","FEED","2023-03-31T18:13:54+0000","https://www.instagram.com/p/CqdoRWLuDze/","Fique atento: a segunda edição da Sessão Azul em Tubarão acontece ness"
"instagram","18260594938180714","","REELS","2023-03-30T21:11:09+0000","https://www.instagram.com/reel/CqbXlV1jKDy/","Como diz meu sogro Brunel, NOSSO CAPIVARI está de parabéns pelos 31 an"
"instagram","17887321337804114","","FEED","2023-03-29T21:45:23+0000","https://www.instagram.com/p/CqY24jkOw99/","➡️Voltando da Marcha dos Prefeitos a Brasília, reafirmei o compromisso"
"instagram","18052898050392297","","REELS","2023-03-28T21:37:07+0000","https://www.instagram.com/reel/CqWQw2RD41P/","🙋‍♂️Diretamente da Marcha dos Prefeitos, represento você em pautas im"
"instagram","17895362267711503","","REELS","2023-03-27T20:41:10+0000","https://www.instagram.com/reel/CqTlN0FD2gE/","🤓Fique atento: O lançamento da Frente Parlamentar em Defesa da Pessoa"
"instagram","17895206726714853","","REELS","2023-03-24T19:55:26+0000","https://www.instagram.com/reel/CqLx07xDEbE/","É sobre a força do Povo de Tubarão! 👊🏼 Só quem já passou por enchent"
"instagram","18275936479117093","","FEED","2023-03-23T21:09:37+0000","https://www.instagram.com/p/CqJWBW6uLF1/","🔊O projeto do reajuste do salário mínimo regional foi aprovado por un"
"instagram","17975113495992799","","FEED","2023-03-22T21:44:34+0000","https://www.instagram.com/p/CqG1OfGufrM/","CONVIDO TODOS A PARTICIPAREM! 🙌 O lançamento da Frente Parlamentar da"
"instagram","17970682007328315","","REELS","2023-03-20T20:57:44+0000","https://www.instagram.com/reel/CqBlsWPj7Dj/","Vem me conhecer um pouquinho melhor! 🙌🚀 #politico #santacatarina #de"
"instagram","17877620828834512","","REELS","2023-03-17T20:17:45+0000","https://www.instagram.com/reel/Cp5yaxxD5rt/","Uma semana em 30 segundos! 🚀 Trabalho, reuniões, sessões, eventos, at"
"instagram","17871109868856905","","FEED","2023-03-16T21:43:16+0000","https://www.instagram.com/p/Cp3YTvFO4zG/","#tbt do alicerce da minha vida no dia de Corpus Cristi! ❤️"
"instagram","18013743733557868","","REELS","2023-03-15T23:48:43+0000","https://www.instagram.com/reel/Cp1Bu_krsoT/","🗣️ REDRAGAGEM DO RIO TUBARÃO! Lembrar da data de 24 de março é reaviv"
"instagram","17844439034957957","","FEED","2023-03-15T19:38:01+0000","https://www.instagram.com/tv/Cp0lJ8doMGC/","O projeto da Redragagem do Rio Tubarão tem que sair do papel, já que e"
"instagram","17992034386830684","","FEED","2023-03-14T21:55:40+0000","https://www.instagram.com/p/CpyQIybOD1p/","Mais um dia cheio! 🙌 Começamos cedo com entrevista no caminho para Fl"
"instagram","18028646986480285","","REELS","2023-03-13T23:49:56+0000","https://www.instagram.com/reel/Cpv4BANjp3F/","A redragagem é uma obra que temos que debater! 🗣️ Vai impactar na vid"
"instagram","17865452462887330","","REELS","2023-03-10T17:06:13+0000","https://www.instagram.com/reel/CpnWl4vDCco/","Já que vocês comentaram, fiz a parte 2! E, quero saber o que acha de u"
"instagram","17947159436419076","","FEED","2023-03-09T20:57:32+0000","https://www.instagram.com/p/CplRgr0uLPW/","Não podemos esperar as épocas de chuvas e enchentes para falar de um a"
"instagram","18200522245217118","","REELS","2023-03-08T14:16:18+0000","https://www.instagram.com/reel/Cph93DRDHda/","As mulheres são exemplos de força, coragem e amor. Mães, avós, filhas,"
"instagram","17878025456786116","","REELS","2023-03-07T21:23:10+0000","https://www.instagram.com/reel/CpgHD1BDa2x/","Aproveitando o fim do expediente pra responder alguns comentários! 🙌 "
"instagram","17951704328334723","","FEED","2023-03-04T22:02:25+0000","https://www.instagram.com/p/CpYg9eXu_Cj/","Pra obras que mudam a vida das pessoas, nós batemos palmas! 👏 A ponte"
"instagram","17967596084198388","","FEED","2023-03-03T21:29:00+0000","https://www.instagram.com/p/CpV4VzWuV-J/","Resumo de notícias da semana. Confere aí! ⬆️✅"
"instagram","17968506308331792","","FEED","2023-03-02T15:08:39+0000","https://www.instagram.com/p/CpSoBOnOyMl/","O #TBT é delas. Papai tá com saudade, amo vocês! ❤️ #santacatarina #fa"
"instagram","17947013960391346","","REELS","2023-03-01T22:34:31+0000","https://www.instagram.com/reel/CpQ1XDTD0fP/","3️⃣ coisas que aprendi em um mês como deputado estadual! ✅ #santacatar"
"instagram","17856955958913461","","REELS","2023-02-28T23:24:49+0000","https://www.instagram.com/reel/CpOV8l_DwtA/","Dias corridos nos fazem agradecer por estarmos vivos e trabalhando! 🚀"
"instagram","17976751514048628","","FEED","2023-02-27T21:18:24+0000","https://www.instagram.com/p/CpLj8sguIWe/","➡️ Conheça 5️⃣ projetos que farão a diferença no nosso Estado. Vamos b"
"instagram","17983638451793262","","FEED","2023-02-24T20:31:45+0000","https://www.instagram.com/p/CpDwOa7up1M/","O movimento Pepê por Elas foi fundamental durante a campanha e reconhe"
"instagram","17967141944218806","","REELS","2023-02-23T23:12:51+0000","https://www.instagram.com/reel/CpBdcYNDu_I/","O dia é corrido e a gente gosta! 👊🏼 Começou cedo, plenário, atendime"
"instagram","17948042933347679","","FEED","2023-02-21T21:18:44+0000","https://www.instagram.com/p/Co8HN9juYpO/","🎉O carnaval foi em família, entre amigos, prestigiando os eventos de "
"instagram","17984001310929394","","FEED","2023-02-17T18:54:41+0000","https://www.instagram.com/p/CoxjjYPuCN3/","📰COMEÇOU! Criamos 6 frentes parlamentares, estaremos em 4 comissões, "
"instagram","18174590965259760","","REELS","2023-02-16T23:00:26+0000","https://www.instagram.com/reel/Covau_UDwD_/","Na conversa com a @magdatuba e o @ramon._silveira na @radiotuba, falam"
"instagram","18178191868254512","","FEED","2023-02-15T22:35:33+0000","https://www.instagram.com/p/CoszPUUOLdc/","COMISSÕES PERMANENTES DEFINIDAS ✅ Essas que expliquei um pouco serão a"
"instagram","17996169982711181","","REELS","2023-02-14T22:05:03+0000","https://www.instagram.com/reel/CoqIzqjjGbj/","QUEREMOS A INCLUSÃO! ✅ Trabalhando diariamente para representar todos "
"instagram","17988664111711316","","FEED","2023-02-14T19:03:06+0000","https://www.instagram.com/tv/Cop2GjToxSh/","Universidade para Todos é o assunto da nossa tribuna hoje! ✅ Ficamos f"
"instagram","18230177509162501","","FEED","2023-02-13T23:32:40+0000","https://www.instagram.com/p/ConwL3wOK5r/","📌Defender o direito das pessoas com Autismo é uma das nossas bandeira"
"instagram","17952351299306054","","REELS","2023-02-10T22:40:24+0000","https://www.instagram.com/reel/Cof7aFQjAC3/","UNIVERSIDADE GRATUITA ✅ Luto pelos jovens que sonham em ter uma univer"
"instagram","17973520052027625","","REELS","2023-02-09T20:10:24+0000","https://www.instagram.com/reel/CodFiIDJ180/","🌾O ARROZ DA NOSSA MESA VEM DO CAMPO! ✅ A 5ª Abertura Oficial da Colhe"
"instagram","17977299791000487","","FEED","2023-02-09T14:06:17+0000","https://www.instagram.com/p/CoccME5us7a/","☕️Começando o dia com uma boa conversa com o Governador @jorginhomello"
"instagram","17875608392780356","","FEED","2023-02-08T18:51:56+0000","https://www.instagram.com/tv/CoaYDqSog6-/","Ao vivo da tribuna falando diretamente com os jovens que sonham com um"
"instagram","17938283348489864","","FEED","2023-02-07T14:18:31+0000","https://www.instagram.com/p/CoXT_4aOaJL/","Que honra ser LÍDER DA BANCADA PROGRESSISTA! 👏 Agradeço a confiança d"
"instagram","18328477348071968","","FEED","2023-02-03T21:28:38+0000","https://www.instagram.com/p/CoNyCukOrYQ/","📰Essas são algumas das nossas bandeiras, ideias e compromissos e faze"
"instagram","17940545738551674","","REELS","2023-02-02T21:20:49+0000","https://www.instagram.com/reel/CoLL2rgjy4V/","Hoje é dia de #TBT e já podemos relembrar da posse de ontem?🫣 Ficamos"
"instagram","17964107435238392","","FEED","2023-02-01T21:30:30+0000","https://www.instagram.com/p/CoIoqmPPLuP/","Começamos com o pé direito! 🚀 Nosso time veio em peso prestigiar a po"
"instagram","17952646697270137","","REELS","2023-02-01T15:52:03+0000","https://www.instagram.com/reel/CoIA_r9DD59/","Que dia Especial!✨Hoje inicia o nosso mandato de deputado estadual. So"
"instagram","18159003913286904","","FEED","2023-01-25T21:52:34+0000","https://www.instagram.com/p/Cn2poIzuTFH/","Chegou o dia! Convido você para a cerimônia de posse como deputado est"
"instagram","17958507701253372","","FEED","2023-01-01T17:27:12+0000","https://www.instagram.com/p/Cm4YLcNOzXr/","Que ano pra ficar na memoria! Só tenho que agradecer esse maravilhoso "
"instagram","18017571700480165","","FEED","2022-12-24T21:48:35+0000","https://www.instagram.com/p/CmkPu6iOiXH/","Desejo a todos um feliz natal, com muito amor no coração, cheio de luz"
"instagram","17973722710932850","","REELS","2022-12-20T00:14:55+0000","https://www.instagram.com/reel/CmXoKHyJFCI/","Oficialmente diplomado deputado estadual ✅ Agora é aguardar a posse, n"
"instagram","17912169653668199","","FEED","2022-12-19T02:41:42+0000","https://www.instagram.com/p/CmVUgklI_nW/","É Hoje! Chegou a nossa vez! 🙌🏻 Nesta segunda-feira (19), às 17h, no "
"instagram","17936366738399333","","REELS","2022-12-06T00:31:47+0000","https://www.instagram.com/reel/ClznP1ep_es/","Feliz pelo convite para ser o paraninfo dos formandos do CEI. Irene Bo"
"instagram","17981799274795127","","REELS","2022-11-30T21:22:20+0000","https://www.instagram.com/reel/ClmZZOsD8NJ/","Junto ao prefeito @joares.ponticelli e lideranças da nossa cidade, em "
"instagram","17890620287733645","","REELS","2022-11-25T23:25:42+0000","https://www.instagram.com/reel/ClZvjsEp0Aw/","APAE de Capivari de Baixo inaugura as novas salas com o nome de Áurea "
"instagram","17971130995756225","","REELS","2022-10-28T18:40:24+0000","https://www.instagram.com/reel/CkRI3MIJRqb/",""
"instagram","17950305710246883","","REELS","2022-10-27T03:45:36+0000","https://www.instagram.com/reel/CkM9ov4jPqs/","22"
"instagram","17880694688746151","","REELS","2022-10-18T16:01:51+0000","https://www.instagram.com/reel/Cj3GeKrDKDQ/","Reafirmo meu compromisso de lutar pelo desenvolvimento da minha região"
"instagram","18012389014433907","","FEED","2022-10-17T19:30:46+0000","https://www.instagram.com/p/Cj056AoJr3y/","E hj é o dia da Nega! Mãezona da Manú e da Lelê e minha companheira de"
"instagram","17948204531259949","","FEED","2022-10-11T18:05:10+0000","https://www.instagram.com/p/CjlTVyvuV_x/","Somos 22! Acompanhado dos prefeitos @joares.ponticelli e @dalvaniacard"
"instagram","17981712709651533","","FEED","2022-10-06T17:19:09+0000","https://www.instagram.com/p/CjYWGcHuDPz/","No primeiro turno, já estava fechado com Bolsonaro! Agora, no segundo "
"instagram","17999458483503261","","FEED","2022-10-02T01:07:50+0000","https://www.instagram.com/p/CjMTww4OArq/","A campanha já deixa saudade! E faço meu último post antes do grande di"
"instagram","17949025718196229","","FEED","2022-10-01T20:53:15+0000","https://www.instagram.com/p/CjL2oIVp9cG/","VOTE CERTO! Pra votar 1️⃣1️⃣2️⃣2️⃣3️⃣, não esqueça dos documentos e da"
"instagram","17994488308530146","","REELS","2022-10-01T15:10:40+0000","https://www.instagram.com/reel/CjLPSUtjfuW/","Ter a FAMÍLIA junto na busca de um sonho por si só já é uma realização"
"instagram","18224963950194923","","FEED","2022-10-01T11:20:36+0000","https://www.instagram.com/p/CjK1F8Tu43c/","É amanhã! Bora multiplicar votos! Faltam poucas horas para a eleição e"
"instagram","17981171689650772","","REELS","2022-09-30T17:31:31+0000","https://www.instagram.com/reel/CjI6mIvDWED/","TÁ CHEGANDO A HORA!!! Domingo, você vai votar em cinco candidatos. Pra"
"instagram","18054082051349076","","REELS","2022-09-30T01:02:17+0000","https://www.instagram.com/reel/CjHJNg-DrD6/","Que timaço! É pra eleger de verdade! Mais de 300 lideranças reunidas n"
"instagram","17944655102142115","","FEED","2022-09-29T21:05:37+0000","https://www.instagram.com/p/CjGuc-8JozT/","As mulheres e seu olhar carinhoso 🥰 Foram 4 anos de trabalho e nessa "
"instagram","17979174067662312","","FEED","2022-09-29T14:48:46+0000","https://www.instagram.com/p/CjGDU27uMuK/","Faltam 3 dias e conto com você nessa reta final! ▶️ Sabe aquele amigo,"
"instagram","17900236397665036","","REELS","2022-09-28T16:05:23+0000","https://www.instagram.com/reel/CjDnFQVjSX3/","O apoio do prefeito de Garopaba Júnior e do vice-prefeito Guto enche n"
"instagram","17870800409733002","","REELS","2022-09-27T22:44:51+0000","https://www.instagram.com/reel/CjBvg6LpooW/","Mulheres fortes unidas por um projeto em comum têm feito a diferença n"
"instagram","17862945947768654","","FEED","2022-09-27T20:26:11+0000","https://www.instagram.com/p/CjBgWWHpzSX/","Trago 11 motivos para votar 11223! 🗳 Compartilho com você 11 motivos "
"instagram","17982602044627735","","REELS","2022-09-27T00:14:08+0000","https://www.instagram.com/reel/Ci_TaKnDgAu/","Amigo e grande líder Deka May traz uma mensagem que emociona e motiva "
"instagram","17915061449512218","","REELS","2022-09-25T22:06:24+0000","https://www.instagram.com/reel/Ci8h8RppBlV/","O prefeito de Pedras Grandes e presidente da Amurel Agnaldo Filippi te"
"instagram","17980636474650987","","REELS","2022-09-24T16:36:14+0000","https://www.instagram.com/reel/Ci5XResDeM-/","Mais do que nunca, é hora de estar junto aos eleitores, pedir voto e e"
"instagram","18177962635244273","","FEED","2022-09-23T16:04:36+0000","https://www.instagram.com/p/Ci2vO9iO-_f/","Estamos chegando na reta final! Com muito trabalho e humildade, estamo"
"instagram","17934594287426084","","FEED","2022-09-21T11:35:13+0000","https://www.instagram.com/p/CixG0MJu5L8/","Faltam 1️⃣1️⃣ dias pra votarmos no 1️⃣1️⃣2️⃣2️⃣3️⃣ pra deputado estadu"
"instagram","18259237249108963","","FEED","2022-09-20T21:52:02+0000","https://www.instagram.com/p/CivonCRJBTU/","O carinho que tenho recebido por onde passo renova as energias e me mo"
"instagram","17956280825032859","","FEED","2022-09-19T21:38:56+0000","https://www.instagram.com/p/CitCUQup0Wb/","Tenho muitas ideias que podem fazer a diferença na vida dos catarinens"
"instagram","17960987839843528","","REELS","2022-09-19T16:13:26+0000","https://www.instagram.com/reel/CisdA9EDMRJ/","Começando a penúltima semana antes das eleições com muito bom humor 😄"
"instagram","17877633662746212","","REELS","2022-09-18T23:45:52+0000","https://www.instagram.com/reel/CiqrkRrj76H/","Até a Lelê sabe que o papai está trabalhando pela nossa região e tem m"
"instagram","17937590807244621","","REELS","2022-09-18T20:20:16+0000","https://www.instagram.com/reel/CiqUFmuJFK5/","Tá quase! Faltam duas semanas pra digitar 1️⃣1️⃣2️⃣2️⃣3️⃣ pra deputado"
"instagram","17952106352004144","","REELS","2022-09-17T22:16:33+0000","https://www.instagram.com/reel/Cin8NXjpweH/","Mais um evento lindo organizado por elas e para elas. Dessa vez em Cap"
"instagram","17955706126946570","","REELS","2022-09-17T17:57:00+0000","https://www.instagram.com/reel/CineyBQjJTJ/","Nós estamos na rua pedindo seu apoio nessa reta final! A caminhada em "
"instagram","17943073346475479","","FEED","2022-09-16T22:27:38+0000","https://www.instagram.com/p/CilZgTTJQ2P/","📽️ As sessões de cinema especiais pra autistas são um grande passo na"
"instagram","17869234928773576","","REELS","2022-09-16T15:29:57+0000","https://www.instagram.com/reel/CikpIQJj1rd/","Já decorou o nosso jingle? Bora treinar e cantar muito até 2 de outubr"
"instagram","18231509563183871","","REELS","2022-09-15T22:18:19+0000","https://www.instagram.com/reel/CiizGMjJQaz/","Ter meu sogro Brunel me apoiando nessa caminhada em busca de represent"
"instagram","17958774823998090","","FEED","2022-09-15T15:58:05+0000","https://www.instagram.com/p/CiiIIVXuH98/","📲 Ainda não recebe as notícias sobre a nossa campanha e ações? Salva "
"instagram","17978219719646159","","REELS","2022-09-14T22:10:17+0000","https://www.instagram.com/reel/CigM_jwpYgN/","Sou privilegiado 😍 Receber a confiança de mulheres fortes engajadas n"
"instagram","17905765826568186","","FEED","2022-09-14T15:18:38+0000","https://www.instagram.com/p/Cife0beOQBT/","Pra desenvolver, precisa planejar! 👏🏼 📍O novo anel viário é uma pos"
"instagram","17948214209277673","","FEED","2022-09-14T00:01:41+0000","https://www.instagram.com/p/Cid14iwuiRE/","Na noite de hoje foi a vez das mulheres de Garopaba realizarem o Pepê "
"instagram","17948683748286676","","REELS","2022-09-13T16:08:43+0000","https://www.instagram.com/reel/Cic_hYpjifh/","Quando não temos representantes que lutem de fato pelo que é necessári"
"instagram","17942437409474007","","REELS","2022-09-12T22:12:22+0000","https://www.instagram.com/reel/CibDxoApXEc/","Não estou sozinho nesse projeto de busca pela ampliação da representat"
"instagram","17990241268502639","","FEED","2022-09-12T14:57:26+0000","https://www.instagram.com/p/CiaSzeFO9-z/","O Brasil possui um rebanho de aproximadamente 17,5 milhões de ovinos �"
"instagram","17996401744518543","","REELS","2022-09-11T15:14:51+0000","https://www.instagram.com/reel/CiXvugUjcW2/","Mais alguns registros do encontro de ontem em Pescaria Brava pra refor"
"instagram","17935511222277558","","REELS","2022-09-10T22:18:31+0000","https://www.instagram.com/reel/CiV66lXJ6HW/","As mulheres têm exercido um grande papel nesse importante projeto de b"
"instagram","17957290199009164","","FEED","2022-09-09T21:53:52+0000","https://www.instagram.com/p/CiTUE29pIp-/","A nossa região precisa da SC-370 duplicada. A rodovia escoa a maior pa"
"instagram","17978741371713590","","REELS","2022-09-09T00:21:26+0000","https://www.instagram.com/reel/CiQ92OApAnn/","Estar de volta à Sanga do Lageado é sempre muito emocionante. Foi aqui"
"instagram","17939780141187127","","REELS","2022-09-08T15:24:50+0000","https://www.instagram.com/reel/CiQCLq0jUEd/","Vale #tbt de ontem? Quando se trata de lindas demonstrações de patriot"
"instagram","17993987707522802","","FEED","2022-09-07T20:33:05+0000","https://www.instagram.com/p/CiOBPbSP_iE/","Pátria amada Brasil 🇧🇷"
"instagram","17951422468994368","","REELS","2022-09-06T22:19:45+0000","https://www.instagram.com/reel/CiLoa1lpQCt/","O Hospital Nossa Senhora da Conceição é um dos maiores patrimônios do "
"instagram","17949992267150152","","FEED","2022-09-05T21:39:30+0000","https://www.instagram.com/p/CiI_QJUpqhx/","Quero muito saber o motivo ou os motivos . Pode ser mais de um tá 😃 C"
"instagram","17933317775408047","","REELS","2022-09-04T21:51:46+0000","https://www.instagram.com/reel/CiGbwbnJxUH/","Nossa região precisa de pessoas comprometidas e com conhecimento para "
"instagram","17941768850144605","","FEED","2022-09-03T16:12:51+0000","https://www.instagram.com/p/CiDQR9UOJ2p/","Mensagens de incentivo como essas dão ainda mais gás nessa intensa cam"
"instagram","17937424874199425","","REELS","2022-09-02T21:51:08+0000","https://www.instagram.com/reel/CiBSGcKpvqG/","Em 2 de outubro, digita 1️⃣1️⃣2️⃣2️⃣3️⃣ para deputado estadual e confi"
"instagram","18246468121138051","","REELS","2022-09-02T16:06:27+0000","https://www.instagram.com/reel/CiAqjsljgaN/","Queremos pessoas do bem nos cargos públicos, aqueles que pensam no col"
"instagram","17932597907395947","","FEED","2022-09-01T15:17:07+0000","https://www.instagram.com/p/Ch-AUBkO3KE/","Estas são duas ações realizadas no Legislativo Municipal que sinto mui"
"instagram","17962443055800299","","REELS","2022-08-31T21:36:32+0000","https://www.instagram.com/reel/Ch8GtwPppB-/","🎵Com licença, minha gente, eu quero lhe apresentar esse filho do Sul "
"instagram","17955477683056707","","REELS","2022-08-31T15:56:23+0000","https://www.instagram.com/reel/Ch7e8najZgi/","Depois do grande sucesso da primeira sessão de cinema especial para cr"
"instagram","17957246680987304","","REELS","2022-08-30T21:53:26+0000","https://www.instagram.com/reel/Ch5je7XpsvK/","Foi emocionante ver tantas crianças e adolescentes autistas se diverti"
"instagram","17949184064142320","","REELS","2022-08-29T23:50:22+0000","https://www.instagram.com/reel/Ch3MiDNJmvc/","Apresentei rapidamente minha trajetória como candidato a deputado esta"
"instagram","17918098376564972","","REELS","2022-08-28T22:29:05+0000","https://www.instagram.com/reel/Ch0eVZtJhWw/","Faltam dois dias para Tubarão se tornar referência em mais um assunto."
"instagram","17935193177243463","","FEED","2022-08-28T15:05:44+0000","https://www.instagram.com/p/Chzr1EsOU0z/","Estou PREPARADO. Estou MOTIVADO. Estou PRONTO. 11223 é a chave que pre"
"instagram","17977183429719725","","REELS","2022-08-27T15:41:48+0000","https://www.instagram.com/reel/ChxKs4hjrZo/","Tenho orgulho da minha terra, da minha família, da minha gente. E peço"
"instagram","17989670026546451","","REELS","2022-08-26T21:05:28+0000","https://www.instagram.com/reel/ChvLVVJDZpk/","😃 Depois que apresentei na Assembleia Legislativa o projeto de lei qu"
"instagram","17922668363422765","","REELS","2022-08-25T21:35:30+0000","https://www.instagram.com/reel/Chsptm-pwTD/","☺️ Sou apaixonado pela vida pública e tenho experiência e conhecimento"
"instagram","17957995696944998","","REELS","2022-08-24T15:07:23+0000","https://www.instagram.com/reel/ChpYsXJjvcE/","Não é de hoje que o STF tem sido arbitrário, com decisões autoritárias"
"instagram","17946389312047545","","REELS","2022-08-23T15:21:55+0000","https://www.instagram.com/reel/Chm1b01DLxO/","✈️O desenvolvimento não pode parar, ele precisa continuar! É aí que en"
"instagram","17935512707241507","","FEED","2022-08-22T15:18:08+0000","https://www.instagram.com/p/ChkQepLOv6D/","Vamos construir juntos uma nova história? 🙋🏻‍♂️ Chegou a nossa vez, "
"instagram","17848473326821563","","FEED","2022-08-21T20:26:01+0000","https://www.instagram.com/p/ChiO60vprod/","🚗🚙O Adesivaço organizado pelo amigo Joares hoje deu mais um gás pra "
"instagram","17988654961553429","","FEED","2022-08-21T14:05:01+0000","https://www.instagram.com/p/ChhjUTcu9k_/","No dia 2 de outubro, já vá decorando: é 1️⃣1️⃣2️⃣2️⃣3️⃣ para deputado "
"instagram","17970027229664960","","FEED","2022-08-20T13:27:10+0000","https://www.instagram.com/p/Che6MIGu_X5/","✅ Chegou a nossa vez de ter representatividade. ✅ Chegou a nossa vez d"
"instagram","17988707509551575","","REELS","2022-08-19T21:23:27+0000","https://www.instagram.com/reel/ChdL1gnpHQL/","Entrei na #trend pra lembrar que #chegouanossavez. Para deputado estad"
"instagram","18125607094304018","","REELS","2022-08-19T18:54:27+0000","https://www.instagram.com/reel/Chc6kAWpTGz/","O querido Deka May aceitou o nosso convite para ser o coordenador polí"
"instagram","18148216477256415","","REELS","2022-08-18T00:11:08+0000","https://www.instagram.com/reel/ChYU8w1DhCT/","BORA TIMEE! 🙌🏼 A plotagem dos carros com o nosso material já começou"
"instagram","17918014640581174","","REELS","2022-08-16T22:39:48+0000","https://www.instagram.com/reel/ChVmEmgJgX0/","COMEÇOU! É PÉ NA ESTRADA! Conto com você, com o seu apoio, curtindo, c"
"instagram","17942653274243145","","REELS","2022-08-15T22:34:47+0000","https://www.instagram.com/reel/ChTA1_gpGCN/","Joares é um grande amigo, um dos meus principais mentores, que sempre "
"instagram","17959313647807149","","REELS","2022-08-14T12:09:04+0000","https://www.instagram.com/reel/ChPT8ntD4Yl/","Os filhos são nossas maiores riquezas e o melhor presente que eu poder"
"instagram","17966376925721841","","REELS","2022-08-12T21:43:23+0000","https://www.instagram.com/reel/ChLMQ-HpkNU/","Elas me emocionaram! 😍 Mais de 300 mulheres mostrando sua força, sua "
"instagram","18052308478340923","","FEED","2022-08-12T01:03:06+0000","https://www.instagram.com/p/ChI-rakO2Pv/","Elas estão comigo e eu estou por Elas. ✊🏻 Me sinto honrado em ter ess"
"instagram","17954420269989710","","FEED","2022-08-10T21:46:17+0000","https://www.instagram.com/p/ChGDXEIJQEC/","O sul foi esquecido! Obras que levaram anos para serem concluídas, out"
"instagram","17951462609105782","","REELS","2022-08-09T21:19:10+0000","https://www.instagram.com/reel/ChDbNa8pono/","Sabe por que ter um representante da região é tão importante? Vem ver "
"instagram","17916963242543978","","REELS","2022-08-08T15:47:19+0000","https://www.instagram.com/reel/ChAQW2cDe5W/","Apesar da correria da pré-campanha, sempre que possível reservo um tem"
"instagram","18222540784149362","","REELS","2022-08-07T17:09:02+0000","https://www.instagram.com/reel/Cg9z0ykj-9V/","O Timaço tá formado! 👊🏼Trabalhando pra resgatar nossa representativi"
"instagram","17864445581732205","","FEED","2022-08-06T16:43:05+0000","https://www.instagram.com/p/Cg7Ne37OnZI/","Foi incrível! Que time! Que força! 🤩 A reunião deste sábado com lider"
"instagram","17997685057485195","","FEED","2022-08-05T15:03:55+0000","https://www.instagram.com/p/Cg4dVpnuqFR/","Sei o que nossa terra precisa, conheço os problemas daqui e também o q"
"instagram","17958486409917466","","REELS","2022-08-04T22:28:38+0000","https://www.instagram.com/reel/Cg2rE7UJZ4Y/","É emocionante ver um sonho que começou pequeno crescer e ter tanta gen"
"instagram","17966709217680786","","REELS","2022-08-04T15:14:31+0000","https://www.instagram.com/reel/Cg15eFujlg2/","#tbt cheio de orgulho e significado para mim. 🙌🏼 A homenagem que pro"
"instagram","17908273499611356","","REELS","2022-08-03T21:42:52+0000","https://www.instagram.com/reel/Cg0BLc9J_Ja/","Trabalhamos com competência, dinamismo e capacidade de representar a n"
"instagram","18210437701094653","","REELS","2022-08-02T15:27:18+0000","https://www.instagram.com/reel/CgwxggujW-X/","As melhores águas termais ficam em Santa Catarina e podemos usar essa "
"instagram","17944969403156962","","REELS","2022-08-01T21:34:09+0000","https://www.instagram.com/reel/Cgu2jEApi0k/","O Zico é daquelas pessoas que a gente tem orgulho de conhecer e de cha"
"instagram","17915804813579759","","FEED","2022-07-29T21:53:08+0000","https://www.instagram.com/p/CgnKmwgpV_E/","Temos mais um canal à disposição para você ficar por dentro das nossas"
"instagram","17852899145777966","","FEED","2022-07-29T00:15:41+0000","https://www.instagram.com/p/Cgk2H6Eu_4g/","Me sinto muito honrado em poder homenagear pessoas que contribuíram pa"
"instagram","18145147186271939","","REELS","2022-07-28T16:14:12+0000","https://www.instagram.com/reel/Cgj-NcAjHV5/","Uma criança com transtorno do espectro autista pode apresentar dificul"
"instagram","17961107461861698","","REELS","2022-07-27T21:16:23+0000","https://www.instagram.com/reel/Cgh8QRpJb4V/","Não vou descansar enquanto não conseguir algum encaminhamento sobre a "
"instagram","17947966258958963","","FEED","2022-07-26T15:28:06+0000","https://www.instagram.com/p/CgewKGcOUoT/","Melhores acessos aos municípios, efetivação da Rodovia Serramar, dupli"
"instagram","17958790666770435","","FEED","2022-07-24T14:54:22+0000","https://www.instagram.com/p/CgZitQBubcS/","Com a agenda intensa de trabalho, tenho ficado menos do que gostaria c"
"instagram","17891927084659372","","FEED","2022-07-22T22:35:31+0000","https://www.instagram.com/p/CgVN5DFhRWC/","Estive no Hospital Nossa Senhora da Conceição nesta sexta-feira (22) p"
"instagram","17956062973816898","","REELS","2022-07-21T21:27:39+0000","https://www.instagram.com/reel/CgShOjLJ68J/","Sete ex-deputados que representaram Tubarão em diferentes épocas serão"
"instagram","17948177117079532","","FEED","2022-07-21T16:02:31+0000","https://www.instagram.com/tv/CgR8HhygHed/","Falei sobre a importância da duplicação da SC-370 na sessão desta quin"
"instagram","17941000229065690","","REELS","2022-07-20T22:42:41+0000","https://www.instagram.com/reel/CgQFE1rp-Ih/","#PEPÊDEFENDE Não é de hoje que a SC-370 não comporta a quantidade de c"
"instagram","18303347497065171","","FEED","2022-07-19T21:40:29+0000","https://www.instagram.com/p/CgNZNZdpexO/","São muitas as bandeiras que defendo e considero importantes para o des"
"instagram","17933982821484784","","FEED","2022-07-18T21:54:36+0000","https://www.instagram.com/p/CgK2B6pJyoU/","Com a oportunidade que estou tendo de ser deputado, tenho ainda mais c"
"instagram","18014339311422508","","REELS","2022-07-18T15:00:20+0000","https://www.instagram.com/reel/CgKGdeZMUeT/","Está chegando a hora de oficializar a candidatura. A convenção estadua"
"instagram","17948380678929115","","FEED","2022-07-17T19:56:57+0000","https://www.instagram.com/p/CgIDxTOFaBH/","Reunião de trabalho com os prefeitos de Tubarão @joares.ponticelli, Gr"
"instagram","17994650638489118","","REELS","2022-07-15T23:36:16+0000","https://www.instagram.com/reel/CgDS_ptpfCM/","Como deputado, tenho discutido com várias lideranças meios de tirar do"
"instagram","17938397975089157","","FEED","2022-07-14T15:06:10+0000","https://www.instagram.com/p/Cf_0G9Su3I8/","O #tbt desta quinta-feira é de cinco anos atrás, quando eu era vereado"
"instagram","17916801458449701","","REELS","2022-07-13T12:14:05+0000","https://www.instagram.com/reel/Cf87Q03D31p/","A postagem deste 13 de julho está diferente. A família do Pepê ""invadi"
"instagram","17950910440891049","","REELS","2022-07-12T22:07:14+0000","https://www.instagram.com/reel/Cf7arSDD4EB/","Como diz o provérbio, pouco se aprende com a vitória, mas muito com a "
"instagram","18053447191328434","","FEED","2022-07-11T21:47:12+0000","https://www.instagram.com/p/Cf4znh5B6Mn/","Meu interesse por política surgiu muito cedo. Em casa, sempre foi comu"
"instagram","18046351249317984","","REELS","2022-07-10T21:35:59+0000","https://www.instagram.com/reel/Cf2NHbFp9VM/","É o grande momento do sul catarinense defender os modais necessários p"
"instagram","17942587430140907","","FEED","2022-07-08T22:01:53+0000","https://www.instagram.com/tv/CfxG6KLDhh1/","Esta semana estará eternamente guardada no meu coração. Além das cente"
"instagram","17963168950780610","","REELS","2022-07-08T14:33:28+0000","https://www.instagram.com/reel/CfwTdCODXtf/","Nossa Manú completou mais um ano de vida e comemorou com uma festa do "
"instagram","17942390261140772","","FEED","2022-07-07T22:10:42+0000","https://www.instagram.com/p/CfujIMrJtn-/","Continuo emocionado e grato pelo tanto de carinho que recebi de amigos"
"instagram","17936469506247793","","FEED","2022-07-06T23:27:37+0000","https://www.instagram.com/tv/CfsHIejlNVC/","Agradeço a todos que prestigiaram e acompanharam a minha posse como de"
"instagram","17950747489953431","","FEED","2022-07-05T16:48:28+0000","https://www.instagram.com/p/Cfo0qQrugmK/","Por meio de um gesto partidário do deputado Altair Silva e do presiden"
"instagram","18064803775315929","","FEED","2022-07-04T21:59:47+0000","https://www.instagram.com/p/CfmzfgyJ9qx/","Me preparei muito para esse momento e sinto que estou pronto para mais"
"instagram","17849708714792271","","REELS","2022-07-03T14:30:08+0000","https://www.instagram.com/reel/CfjbM0DDWhH/","A próxima terça-feira será um dia especial. Tomar posse como deputado "
"instagram","17950218031994224","","FEED","2022-07-02T12:28:11+0000","https://www.instagram.com/p/CfgofQRsFwv/","Hoje é um dia muito especial para a minha família. É o dia do aniversá"
"instagram","17938097969232409","","REELS","2022-07-01T21:13:37+0000","https://www.instagram.com/reel/Cfe_cM2pae-/","Mais uma semana intensa e produtiva está chegando ao fim. Nossa caminh"
"instagram","17884019066676622","","FEED","2022-06-30T16:06:19+0000","https://www.instagram.com/p/Cfb33LcuC-R/","A energia desse time foi o combustível que levou a campanha de 2018 at"
"instagram","17949213133886783","","FEED","2022-06-29T20:39:44+0000","https://www.instagram.com/p/CfZyWyBhTPo/","Tenho falado com frequência em representatividade justamente por este "
"instagram","18301383844044789","","REELS","2022-06-28T21:15:27+0000","https://www.instagram.com/reel/CfXReorpAfN/","A democracia nos permite optar pela renovação em diversas áreas da vid"
"instagram","17931570701493896","","FEED","2022-06-27T22:49:03+0000","https://www.instagram.com/p/CfU3kPJJQ7e/","Muitas pessoas perguntam as razões pelas quais coloquei meu nome para "
"instagram","17918958458348219","","FEED","2022-06-24T14:33:43+0000","https://www.instagram.com/p/CfMQftlup8n/","Reunimos mais de 60 lideranças de Pescaria Brava nesta quinta-feira (2"
"instagram","17932840532139182","","FEED","2022-06-23T21:40:44+0000","https://www.instagram.com/p/CfKckTPBPpL/","Quando olho pra trás, percebo o quanto aprendi e ainda aprendo com as "
"instagram","17924015852396749","","REELS","2022-06-23T13:47:06+0000","https://www.instagram.com/reel/CfJmPfsu33-/","Tubarão passou por um momento muito difícil no início do mês passado. "
"instagram","18031253152369885","","REELS","2022-06-22T14:29:57+0000","https://www.instagram.com/reel/CfHF0ymDWvD/","A noite de ontem foi muito especial. Agora sou um cidadão honorário de"
"instagram","18014562655407628","","FEED","2022-06-21T23:05:12+0000","https://www.instagram.com/p/CfFcpR1JU2J/","Exatamente dez anos atrás, Tubarão se despedia de um grande homem. Dr."
"instagram","18303495124045933","","FEED","2022-06-21T20:44:09+0000","https://www.instagram.com/p/CfFMgSSp1EU/","Recebi com muita alegria mais um resultado positivo na enquete do @ext"
"instagram","17999675746458672","","REELS","2022-06-20T21:12:00+0000","https://www.instagram.com/reel/CfCqeFFpyDr/","Tenho orgulho da minha história e do incentivo que sempre recebi da fa"
"instagram","17913928538442423","","REELS","2022-06-16T20:19:48+0000","https://www.instagram.com/reel/Ce4RcjHJJTH/","Os tapetes da procissão de Corpus Christi sempre fizeram parte da noss"
"instagram","17947468375882061","","REELS","2022-06-12T21:25:13+0000","https://www.instagram.com/reel/CeuFvs7pvfq/","É muito gratificante ter ao meu lado tantas pessoas engajadas para for"
"instagram","18301989271001516","","FEED","2022-06-12T14:32:26+0000","https://www.instagram.com/p/CetWz2Hud9q/","Construímos uma família abençoada, com muito amor, respeito e cumplici"
"instagram","18031442929368888","","FEED","2022-06-10T19:36:36+0000","https://www.instagram.com/p/CeowB4UJBgn/","Assim como em Tubarão, o apoio em nomes da região para as eleições de "
"instagram","17965485751658659","","FEED","2022-06-08T22:59:10+0000","https://www.instagram.com/p/Cej9nw7JAUS/","Precisamos falar sobre isso. Trata-se de um ato autoritário, arbitrári"
"instagram","17955616222737219","","FEED","2022-06-05T19:01:16+0000","https://www.instagram.com/p/Ceb0ApzJ13V/","O Galo Velho completa 78 anos e só temos a agradecer por ter o senhor "
"instagram","17906916254495864","","REELS","2022-06-05T15:53:58+0000","https://www.instagram.com/reel/CebeKBkj8mv/","Que festa linda o @pe_edison e a comunidade organizaram na Passagem! É"
"instagram","18095381143295595","","REELS","2022-06-03T21:11:48+0000","https://www.instagram.com/reel/CeW5BmWJVKz/","A semana foi de muito trabalho, graças a Deus. Várias visitas, reuniõe"
"instagram","17979499645534080","","REELS","2022-06-01T22:59:50+0000","https://www.instagram.com/reel/CeR7uq_J2ii/","Esse não é um projeto só meu, do Caio ou do Joares. É o projeto de um "
"instagram","17895780968541057","","REELS","2022-05-27T23:24:08+0000","https://www.instagram.com/reel/CeFF751p5lO/","Tenho muito orgulho de ser tubaronense. Tubarão é a cidade onde nasci,"
"instagram","17922630692262050","","REELS","2022-05-21T20:14:22+0000","https://www.instagram.com/reel/Cd1UHFDJPsw/","Orgulho, felicidade e emoção definem esse momento. A entrega da ordem "
"instagram","17931555173237464","","FEED","2022-05-21T00:35:34+0000","https://www.instagram.com/p/CdzNjPau87f/","O repasse de R$ 3 milhões para execução de duas importantes obras de p"
"instagram","17939358233085437","","FEED","2022-05-19T21:20:37+0000","https://www.instagram.com/p/CdwScd5JrMf/","Agradeço ao Milton Alves pelas palavras na coluna no Diário do Sul. A "
"instagram","18178721716206648","","REELS","2022-05-18T15:14:55+0000","https://www.instagram.com/reel/CdtDJx3DyBh/","Aumentar a representatividade na Assembleia Legislativa pode significa"
"instagram","18052380304317742","","FEED","2022-05-15T13:49:54+0000","https://www.instagram.com/p/CdlLr1kOkxL/","Família é o amor na sua forma mais pura, o melhor presente, o porto on"
"instagram","17902092698508665","","FEED","2022-05-14T00:03:48+0000","https://www.instagram.com/p/CdhIWW8uizJ/","#REPOST @vereadorabiaalves with @get__repost__app 🗓Hoje estivemos na "
"instagram","18030050083361843","","FEED","2022-05-12T15:10:33+0000","https://www.instagram.com/p/Cddmh7dLBA4/","Se tem palavras que podem definir bem os tubaronenses são resiliência,"
"instagram","17971345396574331","","FEED","2022-05-08T11:37:46+0000","https://www.instagram.com/p/CdS6_6uOxes/","MÃE... São três letras apenas, As desse nome bendito: Três letrinhas, "
"instagram","17888536637581230","","FEED","2022-05-06T16:29:35+0000","https://www.instagram.com/p/CdOSzgTuC34/","Muitas famílias ainda não podem voltar para suas casas, outras perdera"
"instagram","17909470361424924","","FEED","2022-05-06T00:11:55+0000","https://www.instagram.com/p/CdMi64LOmDq/","Logo logo voltaremos à normalidade e essa situação adversa ficará marc"
"instagram","17910922703522920","","FEED","2022-05-05T02:51:39+0000","https://www.instagram.com/p/CdKQZ4fOLAS/",""
"instagram","18168632182161962","","FEED","2022-05-04T19:48:07+0000","https://www.instagram.com/p/CdJf70dpXji/","Estamos acompanhando e rezando por todos os moradores afetados pelas f"
"instagram","17949422497748048","","REELS","2022-05-02T15:21:45+0000","https://www.instagram.com/reel/CdD3nmlDXD4/","É muito bom voltar à normalidade. Rever as pessoas de perto. E celebra"
"instagram","17949996847842102","","FEED","2022-05-01T20:34:10+0000","https://www.instagram.com/p/CdB20jnJAlc/","Um brinde aos 145 anos da imigração italiana no sul de Santa Catarina "
"instagram","17930808851276064","","FEED","2022-05-01T11:32:21+0000","https://www.instagram.com/p/CdA40GDukxg/","A você, trabalhador, que faz as coisas acontecerem e mantém o mundo em"
"instagram","17917315559421406","","FEED","2022-04-28T21:32:54+0000","https://www.instagram.com/p/Cc6PKFLpXPo/","Volto a reforçar a importância do Hospital Nossa Senhora da Conceição "
"instagram","17939059184054835","","FEED","2022-04-27T13:43:13+0000","https://www.instagram.com/p/Cc20nHTuW3a/","As mulheres que se dedicam para mudar as estatísticas e aumentar a par"
"instagram","17933086316032788","","FEED","2022-04-26T21:48:02+0000","https://www.instagram.com/p/Cc1HTKDpi6d/","As regiões precisam de representantes para discutir suas pautas, lutar"
"instagram","17849860310755137","","FEED","2022-04-21T21:22:41+0000","https://www.instagram.com/p/CcoMbInpoy8/","Um #tbt para relembrar que a família é o nosso alicerce, o bem mais pr"
"instagram","17956150051653996","","FEED","2022-04-20T21:31:13+0000","https://www.instagram.com/p/CclomsupcOG/","Os Progressistas de Tubarão formam um grande e forte time 👊🏼1️⃣1️⃣"
"instagram","17996862997442232","","FEED","2022-04-19T15:37:14+0000","https://www.instagram.com/p/CcibTOTuZ5q/","A região precisa do Hospital Nossa Senhora da Conceição e o hospital p"
"instagram","17955144295738725","","FEED","2022-04-17T13:33:12+0000","https://www.instagram.com/p/CcdDhC0OaWh/","As coelhinhas Manu e Lelê desejam a todos uma feliz Páscoa. Que possam"
"instagram","17906347502439612","","FEED","2022-04-14T20:55:29+0000","https://www.instagram.com/p/CcWHvvLpm7J/","Estamos sempre em busca de nossas melhores versões. E essa busca vale "
"instagram","17915377478310455","","REELS","2022-04-13T21:10:41+0000","https://www.instagram.com/reel/CcTknLgpVsR/","Votar é exercer o direito de cidadão. Se seu título estiver irregular "
"instagram","18229874779109547","","FEED","2022-04-08T21:43:52+0000","https://www.instagram.com/p/CcGwg7fpvuP/","Representatividade política caminha lado a lado com o desenvolvimento."
"instagram","17912472326447488","","FEED","2022-04-07T21:08:20+0000","https://www.instagram.com/p/CcEHpxIJVAa/","A política faz parte da minha história desde pequeno. Meus pais me ens"
"instagram","17857651136723313","","FEED","2022-04-04T20:09:39+0000","https://www.instagram.com/p/Cb8SjQzp5_d/","Desde que fui convidado para ocupar a função de superintendente da Agê"
"instagram","17859030464717751","","FEED","2022-04-04T16:57:02+0000","https://www.instagram.com/p/Cb78gjnOp9_/","Nossa família convida para a missa de sétimo dia da minha amada vó, ne"
"instagram","17976747307509604","","FEED","2022-04-02T20:13:36+0000","https://www.instagram.com/tv/Cb3Iw2HJUJq/","Assim como na Estrada da Madre, Estrada de Congonhas também terá a red"
"instagram","18022324816369541","","REELS","2022-04-01T21:33:14+0000","https://www.instagram.com/reel/Cb0tYyRJTy2/","A praça do antigo Angeloni será revitalizada e vai receber equipamento"
"instagram","17889370409613959","","FEED","2022-03-31T01:40:01+0000","https://www.instagram.com/p/CbwAYoYOsgS/","Com muita pesar, informo o falecimento da minha avó Eufrasia Silva Col"
"instagram","17912301707451950","","FEED","2022-03-30T22:16:25+0000","https://www.instagram.com/tv/CbvocwIplse/","Capivari de Baixo está comemorando três décadas de emancipação polític"
"instagram","17962382755615431","","REELS","2022-03-28T21:01:30+0000","https://www.instagram.com/reel/CbqWj00pc-H/","Tubarão foi contemplada com uma apresentação da Esquadrilha da Fumaça "
"instagram","17891786867607243","","REELS","2022-03-22T21:09:38+0000","https://www.instagram.com/reel/Cba61GppDQY/","Cerca de 410 litros de água são tratados por segundo em Tubarão para d"
"instagram","17871130751668726","","FEED","2022-03-18T22:11:22+0000","https://www.instagram.com/tv/CbQu9u-lqTn/","A Sanga do Lageado faz parte da minha história. Foi onde cresci e acom"
"instagram","18154491961240848","","REELS","2022-03-16T15:13:45+0000","https://www.instagram.com/reel/CbK0zMVjqTN/","Um dos meus projetos quando vereador era que os tubos viessem antes do"
"instagram","18044019385319587","","FEED","2022-03-10T15:22:13+0000","https://www.instagram.com/p/Ca7ZyPVOD8G/","No Dia do Sogro, meu #tbt é com meu sogro Brunel. Pai e vô amoroso, li"
"instagram","18208554886121247","","REELS","2022-03-08T13:28:07+0000","https://www.instagram.com/reel/Ca2C-38j0A8/","Os tubos vêm antes do asfalto. Esse lema tenho desde quando era veread"
"instagram","17943005449767516","","FEED","2022-03-08T12:01:41+0000","https://www.instagram.com/p/Ca15PtQshFI/","Venho por meio das mulheres da minha vida reforçar meu apoio àquelas q"
"instagram","17853614708722150","","FEED","2022-03-07T15:03:18+0000","https://www.instagram.com/p/CazpPCOu7Pl/","Como foi muito bem pontuado pelo jornalista Arilton Barreiros na sua c"
"instagram","17968027213552028","","REELS","2022-03-06T22:00:01+0000","https://www.instagram.com/reel/CaxznjjjfkF/","A aplicação de medidas compensatórias gera benefício direto e imediato"
"instagram","17883502094626229","","FEED","2022-03-03T22:14:30+0000","https://www.instagram.com/p/CaqHZseJ4Bw/","O #tbt de hoje é uma homenagem antecipada ao Dia 8 de março, uma lembr"
"instagram","17852132756702854","","FEED","2022-03-01T23:00:45+0000","https://www.instagram.com/p/CalDGvXJuyV/","Carnaval em família ❤️❤️❤️"
"instagram","17900654870526876","","FEED","2022-03-01T21:34:26+0000","https://www.instagram.com/p/Cak5OkAJxzB/","Mesmo no Carnaval, obras importantes de pavimentação foram executadas "
"instagram","17903357669383144","","FEED","2022-02-25T21:31:09+0000","https://www.instagram.com/tv/Caalq3hlHqx/","Chegamos a 33,7 mil tubaronenses com o serviço de coleta e tratamento "
"instagram","17895962138536533","","FEED","2022-02-24T23:52:43+0000","https://www.instagram.com/p/CaYRE8pp52h/","Mais uma importante rua começará a ser pavimentada em Tubarão. A ordem"
"instagram","18001324765409544","","FEED","2022-02-24T11:13:23+0000","https://www.instagram.com/p/CaW6LfEO9Ym/","Os moradores da Rua Tenente João Luís Maus, em Tubarão, poderão dar ad"
"instagram","17842366124742619","","REELS","2022-02-22T00:10:23+0000","https://www.instagram.com/reel/CaQkj_apeBL/","Você sabe mesmo o que significa em sua vida a importância do saneament"
"instagram","18194474947153011","","FEED","2022-02-18T21:43:28+0000","https://www.instagram.com/p/CaIlhCjpOxl/","Mais uma semana de trabalho concluída com sucesso. Que o fim de semana"
"instagram","17893802903555115","","FEED","2022-02-14T19:53:36+0000","https://www.instagram.com/p/CZ-Fw2bJTAa/","Uma reportagem do Fantástico veiculada neste domingo (13) abordou as c"
"instagram","18280272259007281","","FEED","2022-02-12T19:58:30+0000","https://www.instagram.com/tv/CZ48rl2pMXr/","Também entrei pra brincadeira da trend 😁 #pepê #pai #marido #tenista "
"instagram","17862596894646001","","FEED","2022-02-10T18:46:31+0000","https://www.instagram.com/p/CZzq6D5p5cr/","Um #tbt direto do fundo do baú, da época em que me aventurava como DJ "
"instagram","17965906561549107","","FEED","2022-02-09T22:21:25+0000","https://www.instagram.com/p/CZxetJVJByv/","A maior riqueza da vida é a família. É a minha base, o meu alicerce, m"
"instagram","17853120305684665","","FEED","2022-02-04T16:45:13+0000","https://www.instagram.com/p/CZkAQa0JTgW/","Meu agradecimento ao amigo Miri Dagostim, secretário de educação de Cr"
"instagram","17912988227480611","","FEED","2022-02-03T15:05:50+0000","https://www.instagram.com/p/CZhQFj-O4VT/","Memórias são lembranças do passado, gratidão pelo presente e expectati"
"instagram","17906555042408683","","FEED","2022-02-01T16:40:04+0000","https://www.instagram.com/p/CZcRSEQJLPO/","Tubarão está entre as 20 cidades catarinenses que mais geraram vagas d"
"instagram","17957462419604342","","FEED","2022-01-26T21:17:33+0000","https://www.instagram.com/p/CZNURLYJBBR/","Muito obrigado a cada pessoa que acredita e compartilha comigo esse ca"
"instagram","17904977795430556","","FEED","2022-01-22T21:30:29+0000","https://www.instagram.com/p/CZDCkYaJBOU/","Almoço com os prefeitos de Garopaba, Júnior de Abreu, e Agnaldo Filipp"
"instagram","17883418835607177","","FEED","2022-01-21T20:59:37+0000","https://www.instagram.com/p/CZAaPYKp8xs/","Tubarão, terra de belezas históricas que merecem ser contempladas. Uma"
"instagram","18265907614071210","","FEED","2022-01-20T17:35:12+0000","https://www.instagram.com/p/CY9eDVMJCa5/","Manu desde sempre visita o papai no trabalho. Minha pequena tá crescen"
"instagram","17920247501138034","","FEED","2022-01-18T22:34:39+0000","https://www.instagram.com/p/CY42u1ROUlv/","Os rios da faixa litorânea de Santa Catarina tiveram uma melhora na qu"
"instagram","18003763195380397","","FEED","2022-01-13T14:45:28+0000","https://www.instagram.com/p/CYrJEGTOUFZ/","2018 foi um ano muito importante pra mim. Não só porque fiz uma intens"
"instagram","17947681156712588","","FEED","2022-01-12T23:05:38+0000","https://www.instagram.com/p/CYpdgdGp2lq/","Os tubaronenses podem ficar tranquilos que a cidade não corre o risco "
"instagram","17954962213590267","","FEED","2022-01-07T21:36:28+0000","https://www.instagram.com/p/CYcbVFos236/","A nova legislação de apoio à produção de carvão vai garantir que o Com"
"instagram","17956914172563199","","FEED","2021-12-31T22:31:36+0000","https://www.instagram.com/p/CYKgEw1JCuY/","Que nesta mudança de ciclo tenhamos muitos motivos para comemorar e ot"
"instagram","17880492587601413","","FEED","2021-12-25T00:12:12+0000","https://www.instagram.com/p/CX4qBYLJTss/","Muita saúde, paz e prosperidade para você e sua família neste Natal e "
"instagram","17945290231657922","","FEED","2021-12-22T22:15:23+0000","https://www.instagram.com/p/CXzTEC4JX40/","Tenho sido muito questionado sobre qual seria meu voto quanto à reform"
"instagram","17914017467232327","","FEED","2021-12-21T12:59:45+0000","https://www.instagram.com/p/CXvurpGuGfR/","Este investimento é uma grande conquista para a comunidade. Revitaliza"
"instagram","17969750023488256","","FEED","2021-12-19T15:51:32+0000","https://www.instagram.com/p/CXq4wCDO8Mh/","A imigração italiana no Sul de Santa Catarina completou 145 anos. Um c"
"instagram","17981475895417095","","FEED","2021-12-18T23:21:56+0000","https://www.instagram.com/p/CXpHf-xLW0F/","Alguém conhece essa fera? O do lado é o Roberto Dinamite."
"instagram","18108442135278921","","FEED","2021-12-17T23:06:33+0000","https://www.instagram.com/p/CXmg8dnJg8F/","É uma honra contar com o apoio do presidente da Câmara de Vereadores d"
"instagram","17914826399310264","","FEED","2021-12-14T21:11:17+0000","https://www.instagram.com/p/CXelXoNpNMN/","#REPOST @lenoticias with @get__repost__app Advogado especializado em D"
"instagram","17915809631159610","","FEED","2021-12-14T01:04:42+0000","https://www.instagram.com/p/CXcbSXgopFr/","Hoje o dia é da princesinha mais nova que Deus me presenteou. O tempo "
"instagram","17936364736789652","","FEED","2021-12-04T19:14:12+0000","https://www.instagram.com/p/CXEoBVSJ_OM/","É gratificante quando podemos expor nossos projetos e sonhos para um p"
"instagram","17908436141254407","","FEED","2021-11-27T15:06:06+0000","https://www.instagram.com/p/CWyKEDUF2_m/","A participação da mulher, sem dúvida, torna a política mais humana e a"
"instagram","18018096358318843","","FEED","2021-11-16T21:55:57+0000","https://www.instagram.com/p/CWWkOTnJ56I/","O Uber e outras plataformas de transporte podem estar com os dias cont"
"instagram","18177522505196972","","FEED","2021-11-14T15:10:32+0000","https://www.instagram.com/p/CWQsPLkpPSh/","O ano está chegando ao fim com extensa agenda e muito apoio a minha pr"
"instagram","17892866813422547","","FEED","2021-10-17T18:13:41+0000","https://www.instagram.com/p/CVI68BKpufc/","E hoje o dia é dela! O melhor de tudo sempre pra você meu amor. Nossa "
"instagram","17895778283376349","","FEED","2021-10-15T18:08:10+0000","https://www.instagram.com/p/CVDwt5WJ2Pf/","E hoje completamos 10 aninhos de casados. Como passa rápido! Construím"
"instagram","17855603270633445","","FEED","2021-10-04T01:53:37+0000","https://www.instagram.com/p/CUlsceDoJZo/","Domingo para curtir o rio Tubarão!"
"instagram","17883290750516196","","FEED","2021-09-16T22:12:12+0000","https://www.instagram.com/tv/CT5g2PgJUqL/","Um investimento que vai ficar para a posteridade. Não me canso de olha"
"instagram","17988104236387780","","FEED","2021-09-15T17:24:04+0000","https://www.instagram.com/p/CT2b0n1J5T2/","Por muito tempo, demos as costas para o nosso rio. Grande parte em raz"
"instagram","17908427495101299","","FEED","2021-09-14T14:02:57+0000","https://www.instagram.com/p/CTzgAuTFNpW/",""
"instagram","17956040845494539","","FEED","2021-09-10T21:54:37+0000","https://www.instagram.com/p/CTqCyjhpef1/","Em breve as obras da praça do remo e rampa náutica estarão concluídas."
"instagram","17923740625733254","","FEED","2021-09-07T12:20:54+0000","https://www.instagram.com/p/CThSxKfllgV/","Viva a Independência do Brasil! Viva a liberdade dos brasileiros!"
"instagram","17919141904887877","","FEED","2021-08-29T00:34:58+0000","https://www.instagram.com/p/CTI207GsBH7/","Transmissão do campeonato de padel @laspalmeras_padel pelo canal @ph._"
"instagram","17861499527598226","","FEED","2021-08-11T23:44:57+0000","https://www.instagram.com/p/CSc_lwVMoXj/","O direito faz parte da minha vida há muitos anos, com muito orgulho, e"
"instagram","17979286012403241","","FEED","2021-08-08T23:28:06+0000","https://www.instagram.com/p/CSVPRrcMin9/","Hj foi o dia de comemorar, junto com minhas filhas, por ter me tornado"
"instagram","17896624805312028","","FEED","2021-08-02T18:27:11+0000","https://www.instagram.com/p/CSFQEfxp3Z5/","A 1ª Festa da Colônia Azambuja 1877, realizada no fim de semana em Ped"
"instagram","18100379281253838","","FEED","2021-07-29T22:52:52+0000","https://www.instagram.com/p/CR7bS6ZMKeT/","Tubarão tem conquistado importantes obras e investimentos que têm feit"
"instagram","17893724882246823","","FEED","2021-07-28T01:56:42+0000","https://www.instagram.com/p/CR2mvgHoCfh/","Participamos hoje de audiência com o Presidente do Tribunal de Justiça"
"instagram","17889101834111323","","FEED","2021-06-05T02:27:01+0000","https://www.instagram.com/p/CPuMFMlpyXD/","Aniversario do nosso Galo. Viajando nao pude dar o abraço nele. Mas do"
"instagram","17886528356287557","","FEED","2021-05-27T11:31:59+0000","https://www.instagram.com/p/CPX_CcnJLd4/","Obrigado, Tubarão, por nos proporcionar uma história de conquistas, su"
"instagram","18146035249165879","","FEED","2021-05-26T21:10:58+0000","https://www.instagram.com/p/CPWcweMpipq/","Assim que estiverem prontas as rampas náuticas sob a passarela Ângelo "
"instagram","17906880139785944","","FEED","2021-05-12T18:06:25+0000","https://www.instagram.com/p/COyEgn9pWR-/","O trecho ainda não pavimentado da Rodovia do Imigrante Italiano, que l"
"instagram","18005273203321613","","FEED","2021-05-05T03:56:03+0000","https://www.instagram.com/p/COehoJOJTq0/","Santa Catarina está de luto pela morte de três crianças e duas profess"
"instagram","18219634420038451","","FEED","2021-04-26T22:21:01+0000","https://www.instagram.com/p/COJU7TdpWEy/","Antigas e importantes reivindicações do sul catarinense foram apresent"
"instagram","18221295412048196","","FEED","2021-04-21T20:04:59+0000","https://www.instagram.com/p/CN8NYr_pYWV/","TIRADENTES E JESUS CRISTO Hoje acordei com minha filha Manuela me inda"
"instagram","17882442155238436","","FEED","2021-04-19T22:16:39+0000","https://www.instagram.com/p/CN3S3SEpGpt/","A pavimentação asfáltica da Rodovia do Imigrante Italiano vai signific"
"instagram","17914022503676541","","FEED","2021-04-15T22:39:13+0000","https://www.instagram.com/p/CNtCRALpKJ5/","O sistema de coleta e tratamento de esgoto já está disponível para 22,"
"instagram","17891187476054048","","FEED","2021-04-04T13:10:33+0000","https://www.instagram.com/p/CNPscTVpS-o/","""Nestes meses sombrios de pandemia, ouçamos o Senhor ressuscitado, que"
"instagram","17890341524055061","","FEED","2021-03-31T18:50:40+0000","https://www.instagram.com/p/CNGAL9Jpv3k/","Competência não falta ao amigo Leodegar Tiscoski para fazer um grande "
"instagram","17924881099553459","","FEED","2021-03-23T22:34:19+0000","https://www.instagram.com/p/CMxza83Jm-1/","USINA DE ASFALTO A Amurel tem muito a ganhar com a usina de asfalto qu"
"instagram","18155253898120375","","FEED","2021-03-22T13:51:55+0000","https://www.instagram.com/p/CMuS1-5JCfF/","“O equilíbrio e o futuro de nosso planeta dependem da preservação da á"
"instagram","17855724143510425","","FEED","2021-03-20T16:46:42+0000","https://www.instagram.com/p/CMpc6dnpQPM/","Não podemos perder a esperança jamais. A vacina é a nossa porta de ent"
"instagram","17918454817593805","","FEED","2021-03-17T22:28:37+0000","https://www.instagram.com/p/CMiWACpJdaE/","Popularizar a energia solar pode significar uma grande economia ao bol"
"instagram","17864497988400273","","FEED","2021-03-08T16:07:24+0000","https://www.instagram.com/p/CMKfOEeJF7V/","Respeito, admiração e reconhecimento é o mínimo que podemos ter pelas "
"instagram","17904795793695024","","FEED","2021-02-13T16:20:11+0000","https://www.instagram.com/p/CLPSZjvpWN_/","A retomada das aulas presenciais é apontada por especialistas como ess"
"instagram","17853888575506235","","FEED","2021-02-08T03:38:18+0000","https://www.instagram.com/p/CLBDLvPpDNr/",""
"instagram","17892731170809257","","FEED","2021-01-12T01:41:20+0000","https://www.instagram.com/p/CJ7UXo8pDOG/","Saudade de jogar um bom padel. De volta a quadras numa peleia com bona"
"instagram","18132297196147214","","FEED","2021-01-01T04:35:58+0000","https://www.instagram.com/p/CJfToDhpl5w/","Um 2021 cheio de saúde e conquistas. 🙏🙏🙏🙏🙏🙏🙏 💥💥💥💥💥💥💥"
"instagram","17865026423290565","","FEED","2020-12-24T19:26:02+0000","https://www.instagram.com/tv/CJMSn_5JgEr/","O ano de 2020 foi diferente, difícil, de superação. Mas não podemos de"
"instagram","17902130170578317","","FEED","2020-11-17T00:31:09+0000","https://www.instagram.com/p/CHq_1japfAV/","Foi uma campanha diferente em razão da pandemia. Mas a dedicação dos e"
"instagram","18108281407175369","","FEED","2020-11-15T00:29:05+0000","https://www.instagram.com/p/CHl2Apep7E7/","Tubarão tem que continuar no caminho do desenvolvimento e os tubaronen"
"instagram","17906689921541850","","FEED","2020-11-14T20:20:33+0000","https://www.instagram.com/p/CHlZkWEpZik/","Castilho merece ser prefeito de Sangão novamente, ao lado de Jaime da "
"instagram","17875355278899645","","FEED","2020-10-26T15:07:13+0000","https://www.instagram.com/p/CGz6m3oJTWf/",""
"instagram","17847087686387310","","FEED","2020-10-17T21:03:42+0000","https://www.instagram.com/p/CGdYP-fpaF5/","Café da manhã pra nossa aniversariante. Parabéns meu amor! 🤩🤩🤩🤩🤩�"
"instagram","17903922955552269","","FEED","2020-09-27T17:38:26+0000","https://www.instagram.com/p/CFpg3CXJJ_B/","Os candidatos progressistas iniciaram oficialmente hoje a jornada para"
"instagram","17910828802500793","","FEED","2020-09-24T18:44:20+0000","https://www.instagram.com/p/CFh6BFVpR7L/","Hoje nosso post vai dedicado aos amigos santistas e gremistas pelo nos"
"instagram","17860324046142522","","FEED","2020-09-18T00:32:39+0000","https://www.instagram.com/p/CFQgUG9J_ge/","Em Treze de Maio, o nome do Progressistas nesta eleição é Gedinho. Bom"
"instagram","17873084536935717","","FEED","2020-09-17T00:51:37+0000","https://www.instagram.com/p/CFN9sF4JC4M/","Dalvania Cardoso e Jandir Soratto são os nomes do Progressistas para d"
"instagram","17913804940477548","","FEED","2020-09-16T18:08:57+0000","https://www.instagram.com/p/CFNPm4KJTBJ/","Defensor de uma gestão mais eficiente dos recursos públicos, o amigo C"
"instagram","17898506953571270","","FEED","2020-09-15T01:30:14+0000","https://www.instagram.com/p/CFI4hNFJYTJ/","Marcos Tibúrcio foi escolhido nesta segunda-feira como o pré-candidato"
"instagram","17843079788380281","","FEED","2020-09-13T14:54:49+0000","https://www.instagram.com/p/CFFLAYRpmqK/","O nome da amiga Márcia Roberg Cargnin (Progressistas) foi oficializado"
"instagram","18159646645037089","","FEED","2020-09-07T15:13:50+0000","https://www.instagram.com/p/CE1wadJpP0g/","O 7 de setembro sempre foi uma data muito importante para o brasileiro"
"instagram","17854958150153857","","FEED","2020-08-10T01:43:35+0000","https://www.instagram.com/p/CDsNbhVA0uk/","Passarela!!! Top dmais"
"instagram","18118136116188937","","FEED","2020-08-10T01:42:38+0000","https://www.instagram.com/p/CDsNUiigpAL/","Galo tomando uma caipa do Dedé! Esse é meu PAIZÃO! Por causa do covid,"
"instagram","17844779243311137","","FEED","2020-08-05T00:44:31+0000","https://www.instagram.com/p/CDfOse0JkKl/","Acabamos de encerrar uma reunião virtual com pré-candidatos e presiden"
"instagram","17850406157196129","","FEED","2020-08-01T20:41:34+0000","https://www.instagram.com/p/CDXEga9plZ2/","Estou muito feliz de ter participado da live do tradicional grupo Cava"
"instagram","17968249240317623","","FEED","2020-07-27T01:38:17+0000","https://www.instagram.com/p/CDIJsdhJrQD/","Daí Vovó! Aqui estao tuas netas, todas lindas, com alegria, com muita "
"instagram","17857529525047317","","FEED","2020-07-12T23:39:52+0000","https://www.instagram.com/p/CCj4_0xJQ16/","Aqui é Fluminense!"
"instagram","17869310386775496","","FEED","2020-05-27T22:10:28+0000","https://www.instagram.com/p/CAtR-hfpJAY/","Tenho muito orgulho de fazer parte da história da minha Cidade Azul. M"
"instagram","17850675722059807","","FEED","2020-05-25T19:42:55+0000","https://www.instagram.com/p/CAn3vWEJ1_w/","Muitos dos alimentos que estão na minha e na sua sua mesa vieram do es"
"instagram","17873942998662776","","FEED","2020-05-11T01:40:18+0000","https://www.instagram.com/p/CAB4twqJfsh/","Desejo a todas as mamães do mundo, felicidades, amor e carinho. Minha "
"instagram","17855020966977377","","FEED","2020-05-06T00:16:25+0000","https://www.instagram.com/p/B_026YFJq9f/","Tubarão e Capivari de Baixo estão em estado de alerta por causa da est"
"instagram","18133706557010444","","FEED","2020-03-18T23:13:35+0000","https://www.instagram.com/p/B95JyzdJbpC/",""
"instagram","17855210413797547","","FEED","2020-02-20T22:07:00+0000","https://www.instagram.com/p/B8zgtjgAZEl/","To andando!!!! Seguraaaa!!"
"instagram","17875414903514293","","FEED","2020-01-03T23:33:22+0000","https://www.instagram.com/p/B64EbDWJ_8g/","Frozzen 2!!! ☃️❄☃️❄☃️❄"
"instagram","17842694302896922","","FEED","2019-12-24T21:45:10+0000","https://www.instagram.com/p/B6eIG2IpeHb/","Desejo um Natal cheio de energia positiva a todos!"
"instagram","17976554416293146","","FEED","2019-12-19T21:01:19+0000","https://www.instagram.com/p/B6RLHXPpu05/","Tratamento do esgoto em Tubarão/SC"
"instagram","17879269906486242","","FEED","2019-12-15T23:02:54+0000","https://www.instagram.com/p/B6HF2XVJU-o/","1 aninho da nossa princesa mais nova. Como sempre sorridente e de bem "
"instagram","17851564741527036","","FEED","2019-08-23T15:18:16+0000","https://www.instagram.com/p/B1guDifpxLZ/","Desejo muito sucesso ao amigo Miri Dagostim durante o período em que e"
"instagram","17860449364438659","","FEED","2019-06-25T19:00:55+0000","https://www.instagram.com/p/BzJMorSpFp7/","Audiência com o presidente do TJ SC, Rodrigo Collaço, o prefeito e o v"
"instagram","17987047780221055","","FEED","2019-04-11T22:04:38+0000","https://www.instagram.com/p/BwIaCp-h-p_/","Visita aos amigos vereadores de Garopaba. Presidente Micheline, Guto e"
"instagram","17910631765285676","","FEED","2019-02-10T14:18:27+0000","https://www.instagram.com/p/BttE_sBBNu_/","Recebemos com grande felicidade o convite para sermos padrinhos de cas"
"instagram","18017125030064672","","FEED","2019-01-15T23:18:43+0000","https://www.instagram.com/p/BsrGJ_dBHW2/","Precisamos urgentemente de um novo Pacto Federativo, com uma divisão d"
"instagram","17981088931165228","","FEED","2018-12-24T17:33:05+0000","https://www.instagram.com/p/Brx1HLdBYRf/","Helena e Manuela. Papai babando!!!"
"instagram","18011879239047248","","FEED","2018-12-20T16:00:56+0000","https://www.instagram.com/p/BrnXYuCh0Gr/","A comunidade do bairro São Cristóvão, em Tubarão, merecidamente ganhou"
"instagram","18003538480022974","","FEED","2018-11-22T23:12:53+0000","https://www.instagram.com/p/BqgCj-Shvaa/","Não podemos fazer de conta que não enxergamos a realidade. O preconcei"
"instagram","17923154539225754","","FEED","2018-11-06T12:30:58+0000","https://www.instagram.com/p/Bp1sYd0hgBi/","Os botos pescadores são patrimônios de nossa região e precisamos busca"
"instagram","17898839566258065","","FEED","2018-10-18T00:07:02+0000","https://www.instagram.com/p/BpDcJFugtBP/","Hoje o dia é da minha amada Bruna. A super mamãe da Manuela e em breve"
"instagram","17926992202209069","","FEED","2018-10-15T15:16:44+0000","https://www.instagram.com/p/Bo9V3WTgW5n/","Só tenho a agradecer aos mestres que passaram por minha vida. Obrigado"
"instagram","17962003303139723","","FEED","2018-10-08T21:20:11+0000","https://www.instagram.com/p/Bor95I8A3FB/","Fizemos uma campanha bonita, limpa, honesta. A caminhada na busca por "
"instagram","17957067553147954","","FEED","2018-10-06T16:09:53+0000","https://www.instagram.com/p/BomQyp_gp61/","A caminhada do time Pepê Collaço deste sábado, em Tubarão, deu o gás q"
"instagram","17971264072097226","","FEED","2018-10-05T21:21:48+0000","https://www.instagram.com/p/BokPsa5AAtJ/","A menos de 48 horas do início da apuração dos votos, o trabalho em bus"
"instagram","17868029722303738","","FEED","2018-10-05T15:27:19+0000","https://www.instagram.com/p/BojnIFZgxbX/","Na manhã desta sexta-feira, conversei com os diretores e colaboradores"
"instagram","17855099041289432","","FEED","2018-10-05T00:03:12+0000","https://www.instagram.com/p/Boh9Xp3ADHs/","Uma pausa na agenda para pedir bênção ao padre Edison 🙏🏻"
"instagram","17854967878289889","","FEED","2018-10-04T21:11:26+0000","https://www.instagram.com/p/BohptjEg2br/","A receptividade às nossas propostas nas empresas tem sido sensacional."
"instagram","17959995868132165","","FEED","2018-10-04T20:20:50+0000","https://www.instagram.com/p/Bohj6-QAqBS/","O voto não é mais obrigatório para a maioria delas, mas as integrantes"
"instagram","17963843824095632","","FEED","2018-10-04T18:19:09+0000","https://www.instagram.com/p/BohV_rpAcEX/","Tirar do papel o projeto da ponte que ligará Tubarão a Capivari de Bai"
"instagram","17925334252205510","","FEED","2018-10-04T13:42:33+0000","https://www.instagram.com/p/Bog2V1oAjQm/","Percorri na manhã desta quinta-feira a principal saída de Tubarão, a a"
"instagram","17924873917201836","","FEED","2018-10-04T12:05:11+0000","https://www.instagram.com/p/BogrMtyg_qf/","A agenda desta quinta-feira iniciou cedo. O primeiro compromisso do di"
"instagram","17895543943251594","","FEED","2018-10-04T01:23:56+0000","https://www.instagram.com/p/Bofh0BzhAMH/","A agenda da noite desta quarta-feira foi intensa. Acompanhado do verea"
"instagram","17923529587212989","","FEED","2018-10-03T22:45:54+0000","https://www.instagram.com/p/BofPOBmhQa8/","Tenho uma história de amizade com o prefeito Joares Ponticelli há muit"
"instagram","17911695784226090","","FEED","2018-10-03T20:07:51+0000","https://www.instagram.com/p/Boe9o8oh3sy/","Visitei mais dois clubes de mães de Tubarão na tarde desta quarta-feir"
"instagram","17922676924217349","","FEED","2018-10-03T18:48:57+0000","https://www.instagram.com/p/Boe0nGBB60L/","Diversas obras viáveis poderiam sair do papel com representatividade e"
"instagram","17985975379005013","","FEED","2018-10-03T14:58:01+0000","https://www.instagram.com/p/BoeaLt9g7Rr/","Complexo médico de referência no sul do estado, a Pró-Vida possui 280 "
"instagram","17983782922041879","","FEED","2018-10-03T13:39:40+0000","https://www.instagram.com/p/BoeRN5uAH0R/","O #TimePepêCollaço vai se reunir em Tubarão neste sábado para uma gran"
"instagram","17987955193005619","","FEED","2018-10-03T02:02:04+0000","https://www.instagram.com/p/BodBYg8Am-6/","Depois de uma maravilhosa reunião de trabalho com mais de 100 lideranç"
"instagram","17977489489073585","","FEED","2018-10-03T00:25:02+0000","https://www.instagram.com/p/Boc2RzgAudi/","Estamos na reta final e o sentimento que fica é o de que todo o esforç"
"instagram","17949515524173046","","FEED","2018-10-02T18:51:44+0000","https://www.instagram.com/p/BocQIlUhewp/","A cinco dias das eleições, continuo a visitar empresas em busca de apo"
"instagram","17958053698135198","","FEED","2018-10-02T16:50:12+0000","https://www.instagram.com/p/BocCOhQB0O6/","Quem vota em candidato de fora, não dá futuro para a nossa região. Só "
"instagram","17983901491051383","","FEED","2018-10-02T16:09:17+0000","https://www.instagram.com/p/Bob9i2bhpow/","A estrada que dá acesso a um dos locais mais belos do estado, a Serra "
"instagram","17983690285021344","","FEED","2018-10-02T00:43:21+0000","https://www.instagram.com/p/BoaTlFLBIgF/","Em São Ludgero, no bairro Divina Providência, convidado pelo Progressi"
"instagram","17969316298118417","","FEED","2018-10-01T23:32:40+0000","https://www.instagram.com/p/BoaLfVch2Io/","Na noite de hoje participei de um fórum promovido pelo Conselho de Pas"
"instagram","17912446810226983","","FEED","2018-10-01T20:09:07+0000","https://www.instagram.com/p/BoZ0MgXhNmZ/","Dando sequência nas visitas às empresas, estive na Unividros, em Tubar"
"instagram","17942286961199401","","FEED","2018-10-01T19:24:33+0000","https://www.instagram.com/p/BoZvGHHBwXu/","O sentimento do voto regional só cresce à medida que as eleições se ap"
"instagram","17910013648243161","","FEED","2018-10-01T19:06:50+0000","https://www.instagram.com/p/BoZtEXbBMLB/","Tenho visitado vários clubes de mães e da melhor idade da região. Na t"
"instagram","17954956219178323","","FEED","2018-10-01T15:02:29+0000","https://www.instagram.com/p/BoZRGqLhMgw/","A seis dias da eleição, estou intensificou as visitas a empresas. Na m"
"instagram","17956089031192981","","FEED","2018-09-30T23:24:16+0000","https://www.instagram.com/p/BoXlu-hgEQ8/","Fui muito bem recebido nesta noite na casa do empresário Claudio Bliss"
"instagram","17955224719150587","","FEED","2018-09-30T16:22:48+0000","https://www.instagram.com/p/BoW1gE5gagu/","Muito boa a receptividade na Festa de São Francisco de Assis, no bairr"
"instagram","17983325167007140","","FEED","2018-09-30T01:42:07+0000","https://www.instagram.com/p/BoVQtsBgRXE/","Fechando o dia de hoje estive na casa dos amigos Cadu e Cris, onde pud"
"instagram","17962659610089610","","FEED","2018-09-30T00:27:26+0000","https://www.instagram.com/p/BoVIKuOg3qZ/","No amigo Luiz Rodrigo, conversei com a família e ministros da Igreja d"
"instagram","17984281819031250","","FEED","2018-09-29T23:26:45+0000","https://www.instagram.com/p/BoVBOULgDX3/","Comecei a agenda desta noite na confraternização do torneio de futebol"
"instagram","17853654901293464","","FEED","2018-09-29T19:37:06+0000","https://www.instagram.com/p/BoUm8TLAq6q/","O santuário de Santa Teresinha, no bairro Passagem, em Tubarão, está s"
"instagram","17885394439268852","","FEED","2018-09-29T17:39:22+0000","https://www.instagram.com/p/BoUZd_egXVs/","Mais de 200 carros participam no início da tarde deste sábado, 29 de s"
"instagram","17962799788091525","","FEED","2018-09-29T17:09:20+0000","https://www.instagram.com/p/BoUWCCMgnKT/","Cerca de 90 pessoas participaram neste sábado, 29 de setembro, em Tuba"
"instagram","17965623964127932","","FEED","2018-09-29T16:16:44+0000","https://www.instagram.com/p/BoUQAyjAM9m/","Depois de caminhar pelo comércio do centro de Tubarão, neste sábado, 2"
"instagram","17983720435057523","","FEED","2018-09-29T14:25:13+0000","https://www.instagram.com/p/BoUDQCWgMrN/","Você sabia que Pepê Collaço, como presidente da Câmara de Vereadores d"
"instagram","17966970787126309","","FEED","2018-09-29T14:19:43+0000","https://www.instagram.com/p/BoUCntoAUJO/","A oito dias da eleição, o contato com o eleitor é ainda mais important"
"instagram","17908815556242017","","FEED","2018-09-29T02:06:10+0000","https://www.instagram.com/p/BoSurC5giZO/","No quarto compromisso da noite desta sexta-feira, 28 de setembro, fui "
"instagram","17923252810215676","","FEED","2018-09-29T01:40:45+0000","https://www.instagram.com/p/BoSrw5Gg9Jw/","Os amigos Zé Crescêncio e Arlete abriram as portas de sua casa, no cen"
"instagram","17876847928272790","","FEED","2018-09-29T00:45:42+0000","https://www.instagram.com/p/BoSldq7gzht/","A noite desta sexta-feira, 28 de setembro, é de agenda intensa em Tuba"
"instagram","17865896623284518","","FEED","2018-09-28T22:24:54+0000","https://www.instagram.com/p/BoSVWbKgWu5/","Os colaboradores da Cooperativa de Eletrificação Anita Garibaldi (Cerg"
"instagram","17853204982291046","","FEED","2018-09-28T18:57:08+0000","https://www.instagram.com/p/BoR9ksMA9rC/","A atual situação política e econômica do Brasil tem pautado muitas das"
"instagram","17954297158145938","","FEED","2018-09-28T17:54:28+0000","https://www.instagram.com/p/BoR2Zvdga4-/","Estamos a 9 dias da eleição. Já escolheu seu candidato? Pepê Collaço r"
"instagram","17985310912007488","","FEED","2018-09-28T14:54:29+0000","https://www.instagram.com/p/BoRhze9A2m7/","Há diversas obras necessárias para o desenvolvimento da região de Tuba"
"instagram","17905788589246907","","FEED","2018-09-28T14:49:39+0000","https://www.instagram.com/p/BoRhQBSAYsc/","Após caminhar pelo comércio de Tubarão, estive na Metalúrgica Souza, o"
"instagram","17884721392263577","","FEED","2018-09-28T13:52:20+0000","https://www.instagram.com/p/BoRasRNgGzS/","Visitei algumas lojas do centro de Tubarão na manhã desta sexta-feira,"
"instagram","17954583361147837","","FEED","2018-09-28T01:13:25+0000","https://www.instagram.com/p/BoQD11hAdBA/","Fui recebido no Km 37, em Pescaria Brava, na noite desta quinta-feira,"
"instagram","17910448288230574","","FEED","2018-09-28T00:22:44+0000","https://www.instagram.com/p/BoP-CjtgwNW/","Participei na noite desta quinta-feira de um encontro de lideranças or"
"instagram","17974631482073904","","FEED","2018-09-27T20:52:20+0000","https://www.instagram.com/p/BoPl9loA9vo/","O ano de 2018 está prestes a fechar com a maior movimentação da histór"
"instagram","17983505329054298","","FEED","2018-09-27T19:31:27+0000","https://www.instagram.com/p/BoPctLFA7kM/","A receptividade positiva na tarde festiva no Centro de Convivência da "
"instagram","17970434074128788","","FEED","2018-09-27T18:33:54+0000","https://www.instagram.com/p/BoPWHnYgDTk/","Mais de 200 funcionários da GAM me receberam nesta quinta-feira, 27 de"
"instagram","17965734388122895","","FEED","2018-09-26T19:24:08+0000","https://www.instagram.com/p/BoM3Et2gvoO/","Muitos veranistas, turistas e moradores da região da Ilha, em Laguna, "
"instagram","17891615485258094","","FEED","2018-09-26T12:31:43+0000","https://www.instagram.com/p/BoMHobIggHW/","A hora está chegando, são 11 dias que nos separam das eleições. Portan"
"instagram","17952146983148279","","FEED","2018-09-21T15:07:07+0000","https://www.instagram.com/p/Bn_hfbegprO/","""Só quem é daqui sabe o que a gente precisa"". O slogan da campanha #Vo"
"instagram","17945840743168231","","FEED","2018-09-20T19:37:24+0000","https://www.instagram.com/p/Bn9b0npAOYp/","Muitas obras não saem do papel por falta de alguém que lute verdadeira"
"instagram","17938642834195277","","FEED","2018-09-18T23:00:03+0000","https://www.instagram.com/p/Bn4opy3gks2/","Um misto de sentimentos positivos tomou conta de quem participou do la"
"instagram","17979106435064027","","FEED","2018-09-18T16:49:36+0000","https://www.instagram.com/p/Bn3_Bzug4N0/","#RepresentaANossaRegião Com localização privilegiada, entre a serra e "
"instagram","17975827525067823","","FEED","2018-09-18T14:16:34+0000","https://www.instagram.com/p/Bn3tg86gERa/","Há muito o que fazer em prol do desenvolvimento da Amurel. As obras e "
"instagram","17918225815223135","","FEED","2018-09-17T16:51:21+0000","https://www.instagram.com/p/Bn1abw8ApYc/","#RepresentaANossaRegião Principal acesso ao Vale do Braço do Norte, a "
"instagram","17979263203057180","","FEED","2018-09-15T19:54:37+0000","https://www.instagram.com/p/Bnwl0TaByQm/","O dia 15 de setembro é especial para os devotos de Nossa Senhora da Pi"
"instagram","17964956200099333","","FEED","2018-09-14T01:26:19+0000","https://www.instagram.com/p/BnsCL_EBBom/","Que noite! Que honra ter todo esse time junto comigo na caminhada! O l"
"instagram","17981457208039775","","FEED","2018-09-13T18:50:44+0000","https://www.instagram.com/p/BnrU6tahd8V/","#PepêCollaço11223 #PepêCollaçoMeRepresenta #Repost @leodegartiscoski11"
"instagram","17879852293263844","","FEED","2018-09-12T14:39:25+0000","https://www.instagram.com/p/BnoTXH1BQsk/","#RepresentaANossaRegião Hospital com o maior número de leitos pelo SUS"
"instagram","17960691793123393","","FEED","2018-09-12T00:21:31+0000","https://www.instagram.com/p/Bnmvf57gaxw/","Espero você nesta quinta-feira! Vamos fazer um grande lançamento de ca"
"instagram","17860606318281293","","FEED","2018-09-11T12:50:42+0000","https://www.instagram.com/p/BnlhyQCgcU3/","O novo homem público precisa ter uma postura diferenciada, com transpa"
"instagram","17952343912139641","","FEED","2018-09-10T19:14:22+0000","https://www.instagram.com/p/BnjpPKTg98s/","#RepresentaANossaRegião Investir no modal ferroviário é uma aposta ext"
"instagram","17859967984283525","","FEED","2018-09-10T14:18:55+0000","https://www.instagram.com/p/BnjHbKrgwF-/","Você é meu convidado para o lançamento oficial da campanha para deputa"
"instagram","17963021326114368","","FEED","2018-09-08T16:40:05+0000","https://www.instagram.com/p/BneN_WEAlP3/","O lançamento da campanha do candidato a deputado estadual Pepê Collaço"
"instagram","17977499194065243","","FEED","2018-09-07T17:06:54+0000","https://www.instagram.com/p/BnbsQ7JAjJK/","A exatamente um mês das eleições e à espera de uma renovação política,"
"instagram","17977205146003633","","FEED","2018-09-04T22:36:13+0000","https://www.instagram.com/p/BnUjkTMgBC_/","A juventude organizada e mobilizada pode fazer toda a diferença! Nesta"
"instagram","17955296395081245","","FEED","2018-09-04T18:40:24+0000","https://www.instagram.com/p/BnUIlHvASWQ/","#RepresentaANossaRegião Melhorar a estrutura logística é essencial qua"
"instagram","17951049391190729","","FEED","2018-09-04T14:12:27+0000","https://www.instagram.com/p/BnTp6p4AMz-/","Aprovamos na noite desta segunda-feira na Câmara de Vereadores projeto"
"instagram","17845986826288640","","FEED","2018-09-03T14:35:33+0000","https://www.instagram.com/p/BnRHqSegay4/","O Dnit autorizou e o município de Miguel Pereira, no Rio de Janeiro, e"
"instagram","17934146497196864","","FEED","2018-08-31T16:57:20+0000","https://www.instagram.com/p/BnJpmxRgV1J/","Valeu amigo! #Repost @pretocrippa11 (@get_repost) ・・・ Estamos dedicand"
"instagram","17971191532067726","","FEED","2018-08-30T16:23:09+0000","https://www.instagram.com/p/BnHA5c6g5rc/","Terra rica em história, Orleans celebra mais um aniversário neste dia "
"instagram","17900621437240122","","FEED","2018-08-29T12:53:31+0000","https://www.instagram.com/p/BnEEHRFAyJ-/","Já plotou o carro com #PepêCollaço11223 ? Não?!? ⏰ HORÁRIO DO COMITÊ S"
"instagram","17912131189208892","","FEED","2018-08-27T17:16:06+0000","https://www.instagram.com/p/Bm_YkvnF_jV/","A pequena joia do sul do Brasil completa 128 anos! Parabéns a todos os"
"instagram","17974323868038351","","FEED","2018-08-27T16:20:53+0000","https://www.instagram.com/p/Bm_SQTtg11j/","Sim! Renovação! #PepêCollaço11223 #PepêCollaçoMeRepresenta"
"instagram","17973537841018579","","FEED","2018-08-26T23:00:32+0000","https://www.instagram.com/p/Bm9a1yAg8-7/","A 42 dias da eleição, compartilho com vocês a energia da nossa campanh"
"instagram","17973402973036488","","FEED","2018-08-25T23:38:07+0000","https://www.instagram.com/p/Bm66s3lAcd3/","Agradeço a todos os amigos que compareceram neste sábado na inauguraçã"
"instagram","17974064824020016","","FEED","2018-08-24T16:17:27+0000","https://www.instagram.com/p/Bm3jeeQA6aa/","Você é nosso convidado! #PepêCollaço11223 #PepêCollaçoMeRepresenta"
"instagram","17951754250088702","","FEED","2018-08-23T18:40:47+0000","https://www.instagram.com/p/Bm1PFbAgvoN/","Só vamos fazer um país melhor com muita educação. Por isso, devemos co"
"instagram","17852644561281093","","FEED","2018-08-19T20:55:52+0000","https://www.instagram.com/p/BmrLXSWA_0_/","A partir de amanhã começa nossa SEMANA DO ADESIVAÇO. Vá ao nosso comit"
"instagram","17956972309099784","","FEED","2018-08-18T13:50:31+0000","https://www.instagram.com/p/Bmn15DbAky0/","Valeu amigo! ➡ Material já disponível no comitê! #Repost @berolla (@ge"
"instagram","17950846189089799","","FEED","2018-08-18T12:58:58+0000","https://www.instagram.com/p/Bmnv_ePAYZ1/","Muito boa conversa na manhã de hoje com os membros da diretoria do Cen"
"instagram","17934183655149033","","FEED","2018-08-15T21:25:51+0000","https://www.instagram.com/p/Bmg7nafgbGZ/","Queridos amigos, a propaganda eleitoral de 2018 inicia nesta quinta-fe"
"instagram","17955517573099101","","FEED","2018-08-12T16:40:32+0000","https://www.instagram.com/p/BmYr_IpgUYk/","Feliz Dia dos Pais!"
"instagram","17876965573258746","","FEED","2018-08-07T23:29:32+0000","https://www.instagram.com/p/BmMjaV8FHBO/","A exatamente dois meses da eleição, os empresários do sul catarinense "
"instagram","17924558785199364","","FEED","2018-08-03T19:05:37+0000","https://www.instagram.com/p/BmByBxag7dz/","Por vários momentos, nas últimas décadas, fomos prejudicados por obras"
"instagram","17949538402113980","","FEED","2018-07-29T14:29:35+0000","https://www.instagram.com/p/Bl0adsJAflz/","Uma das cidades mais antigas de Santa Catarina, Laguna celebra mais um"
"instagram","17843690536282474","","FEED","2018-07-21T00:51:03+0000","https://www.instagram.com/p/BleWTXtl7Xm/","O Hospital Nossa Senhora da Conceição receberá este ano do município d"
"instagram","17962392691020406","","FEED","2018-07-20T01:18:36+0000","https://www.instagram.com/p/Blb0yebgZ_h/","Uma homenagem singela, mas com um significado gigante. Os cidadãos hom"
"instagram","17926995994174775","","FEED","2018-07-17T18:54:39+0000","https://www.instagram.com/p/BlV_QrGAZ4K/","Os policiais militares de Tubarão e o tenente-coronel Silvio Roberto L"
"instagram","17934318406134992","","FEED","2018-07-15T20:47:49+0000","https://www.instagram.com/p/BlRCnt2gTWf/","Criamos um novo meio de comunicação para difundir ideias e assuntos de"
"instagram","17929326682158463","","FEED","2018-07-07T21:59:34+0000","https://www.instagram.com/p/Bk8keLaAme5/","Há 4 anos, a princesa Manu enche nossas vidas de amor e alegria. Parab"
"instagram","17897072131204746","","FEED","2018-07-01T22:09:01+0000","https://www.instagram.com/p/BktIyMQAqJM/","Participei neste domingo de três eventos super bem organizados: 108ª F"
"instagram","17920723942175800","","FEED","2018-06-22T01:10:00+0000","https://www.instagram.com/p/BkTtjA6AoB2/","Aproximadamente 100 mudas de butiá foram plantadas na Estação de Trata"
"instagram","17939169070108302","","FEED","2018-06-16T01:29:35+0000","https://www.instagram.com/p/BkETBLJA9ut/","Resgatar a trajetória do Hercílio Luz Futebol Clube é lembrar de uma p"
"instagram","17938866016111277","","FEED","2018-06-13T14:22:12+0000","https://www.instagram.com/p/Bj99DW8Az5M/","96 anos e uma trajetória de vida respeitada. Tive a honra de visitar S"
"instagram","17947940482067308","","FEED","2018-06-11T01:32:36+0000","https://www.instagram.com/p/Bj3bY95AbW2/","Assim como nos anos anteriores, a 342ª edição da Festa de Santo Antôni"
"instagram","17890284964209227","","FEED","2018-06-08T14:08:40+0000","https://www.instagram.com/p/BjxDh5WAJhJ/","A importância do Hospital Nossa Senhora da Conceição para todo o sul d"
"instagram","17888366629218847","","FEED","2018-06-04T00:17:13+0000","https://www.instagram.com/p/BjlRMsEg3lg/","Minha gata!!!"
"instagram","17933792875115046","","FEED","2018-05-27T10:44:37+0000","https://www.instagram.com/p/BjRyo4wgT-O/","Parabéns, tubaronenses! Em 148 anos de história, Tubarão viveu muitas "
"instagram","17920107901181697","","FEED","2018-05-25T22:20:08+0000","https://www.instagram.com/p/BjN4pTGgMVN/","Foi uma honra receber o seu Zefiro Giassi e sua família na sessão sole"
"instagram","17870259109246058","","FEED","2018-05-24T16:57:05+0000","https://www.instagram.com/p/BjKqxh0AJDX/","São 148 anos de uma história que merece ser comemorada e compartilhada"
"instagram","17932757785098052","","FEED","2018-05-19T00:45:02+0000","https://www.instagram.com/p/Bi8Hqa_gIZb/","Antigos e novos progressistas!"
"instagram","17868980176244178","","FEED","2018-05-18T17:30:07+0000","https://www.instagram.com/p/Bi7V4-pglCX/","O empresário Zefiro Giassi sempre acreditou em Tubarão, onde emprega m"
"instagram","17945114383031411","","FEED","2018-05-17T00:02:00+0000","https://www.instagram.com/p/Bi25JcnBxsB/","Minha amada avó, dona Eufrásia, comemora 92 anos com muita vitalidade,"
"instagram","17914656091160183","","FEED","2018-05-13T01:10:53+0000","https://www.instagram.com/p/Bistd_LA2mg/","Parabéns a todas as mães por esse dia tão especial!"
"instagram","17915524585176243","","FEED","2018-05-07T22:59:41+0000","https://www.instagram.com/p/Bifm3HogkSf/","Visita das conselheiras tutelares de Tubarão Cintia Nowasco da Silva, "
"instagram","17945891974001059","","FEED","2018-05-05T23:18:46+0000","https://www.instagram.com/p/BiafdNbADBZ/","Abertura do Campeonato Municipal - Taça Cidade de Tubarão, organizado "
"instagram","17925782773123729","","FEED","2018-05-03T16:46:29+0000","https://www.instagram.com/p/BiUo-T4gN09/","Reconquistar a representatividade política da Amurel tem se tornado um"
"instagram","17915922823133139","","FEED","2018-05-01T13:12:09+0000","https://www.instagram.com/p/BiPG2rzAhPD/","Feliz Dia do Trabalhador!"
"instagram","17911284073166838","","FEED","2018-04-28T17:18:28+0000","https://www.instagram.com/p/BiHzrOTFFH9/","Pavimentação da rua Severiano Albino Corrêa. Acesso da cidade pela pon"
"instagram","17926797025118814","","FEED","2018-04-25T14:54:20+0000","https://www.instagram.com/p/Bh_1x3RAGsA/","Parabéns a todos os envolvidos! #Repost @grupobsm (@get_repost) ・・・ Ch"
"instagram","17876878360220482","","FEED","2018-04-14T16:13:03+0000","https://www.instagram.com/p/BhjqCvZAohI/","Encontro de Lideranças, com líderes que fazem toda a diferença. Obriga"
"instagram","17937286213019300","","FEED","2018-04-11T12:56:52+0000","https://www.instagram.com/p/BhblNS_g_QS/","Fui super bem recebido em um jantar em Jaguaruna pelo ex-prefeito Marc"
"instagram","17936470906019404","","FEED","2018-04-05T14:43:12+0000","https://www.instagram.com/p/BhMUmyLFo4J/","Sou otimista quanto ao futuro do nosso país! E você?"
"instagram","17874546763222481","","FEED","2018-04-03T17:24:08+0000","https://www.instagram.com/p/BhHdbxqFWQn/","Manhã produtiva em Braço do Norte. Acompanhado do vice-prefeito Ronald"
"instagram","17904442255167950","","FEED","2018-03-31T23:08:50+0000","https://www.instagram.com/p/BhAWfxqFfLs/","Feliz Páscoa, meus amigos!"
"instagram","17929872178068046","","FEED","2018-03-30T22:43:38+0000","https://www.instagram.com/p/Bg9u0V_F39D/","Cidade acolhedora, de pessoas do bem e batalhadoras. Parabéns a todos "
"instagram","17928387181064216","","FEED","2018-03-26T21:29:29+0000","https://www.instagram.com/p/BgzTJt-Fs1V/","Marcos Tibúrcio e Ronaldo Fornazza, grandes amigos e grandes líderes. "
"instagram","17917330246100630","","FEED","2018-03-11T21:06:35+0000","https://www.instagram.com/p/BgMom8Unb_f/","Com o amigo Gelson Bento e o grupo de Pescadores de Tubarão."
"instagram","17902776988145900","","FEED","2018-03-08T11:10:11+0000","https://www.instagram.com/p/BgD1-JBHFoU/","Parabéns a todas as mulheres pelo seu dia!"
"instagram","17914714894099000","","FEED","2018-03-02T17:05:35+0000","https://www.instagram.com/p/Bf1B38jFXhW/","Artigo sobre o reajuste do piso do magistério publicado nos dois jorna"
"instagram","17856812977223399","","FEED","2018-01-04T22:36:45+0000","https://www.instagram.com/p/Bdi2dielzUO/","CONHEÇA OS DETALHES DA REVITALIZAÇÃO DO ACESSO SUL. Na próxima segunda"
"instagram","17903115859103196","","FEED","2018-01-01T01:51:10+0000","https://www.instagram.com/p/BdY5iA6lfFQ/","Desejamos aos amigos, muita prosperidade, realizações, alegria, saúde "
"instagram","17902738132070905","","FEED","2017-11-12T12:53:36+0000","https://www.instagram.com/p/BbZVmEMlILm/","Primeira comunhão da minha afilhada Marina. Desejo toda saúde do mundo"
"instagram","17845785844217061","","FEED","2017-10-26T15:44:46+0000","https://www.instagram.com/p/Bat3q1jFqD2/","É uma honra estar ao lado destes dois grandes tubaronenses. Lúcia Fláv"
"instagram","17880804604186357","","FEED","2017-10-23T20:49:31+0000","https://www.instagram.com/p/BamsKWnFxsk/","Na Rádio Cidade, com o jornalista Ronaldo Sant'ana."
"instagram","17889879184127801","","FEED","2017-10-20T11:34:10+0000","https://www.instagram.com/p/Bad-OLiFjic/","Com os jornalistas Vera Mendonça e Matheus Aguiar no programa Bom Dia "
"instagram","17905054621062260","","FEED","2017-10-18T00:01:03+0000","https://www.instagram.com/p/BaXlT6wlmFv/","E hoje é o dia da mamãe! Parabéns meu amor, minha companheira e uma su"
"instagram","17886555088086515","","FEED","2017-10-09T01:19:38+0000","https://www.instagram.com/p/BaAjJj2FbYR/","Participei com minha família neste fim de semana do café colonial prom"
"instagram","17875190062158353","","FEED","2017-10-01T15:59:07+0000","https://www.instagram.com/p/BZthcHkF6sq/","Projeto Caixa Solidária prestes a ser lançado em Tubarão Cerca de 5% d"
"instagram","17885383201113524","","FEED","2017-09-11T17:06:00+0000","https://www.instagram.com/p/BY6JMdnjJyQ/","História e tradição merecem valorização e atenção constantemente. Este"
"instagram","17886210646129391","","FEED","2017-09-06T11:53:05+0000","https://www.instagram.com/p/BYstaKvDtAj/","Participando do programa Notícias da Cidade, com Milton Alves e Mirna "
"instagram","17896511707008381","","FEED","2017-09-02T21:07:11+0000","https://www.instagram.com/p/BYjZpEcF4uh/","Piquenique com minhas três gatas!"
"instagram","17897847970023864","","FEED","2017-08-26T00:35:16+0000","https://www.instagram.com/p/BYPLGFulQx2/","Duas importantes obras para Tubarão que começam a sair do papel são ba"
"instagram","17886697273022220","","FEED","2017-06-29T22:55:19+0000","https://www.instagram.com/p/BV8OWKJl1nw/","Há alguns dias a prefeitura de Tubarão adquiriu três tratores para a A"
"instagram","17898045124015909","","FEED","2017-06-28T20:31:40+0000","https://www.instagram.com/p/BV5ZHMIFtaK/","Na noite desta terça-feira participei da celebração da inauguração dos"
"instagram","17880194605066864","","FEED","2017-06-25T15:27:23+0000","https://www.instagram.com/p/BVxH57alYwM/",""
"instagram","17883913285018537","","FEED","2017-06-12T01:26:46+0000","https://www.instagram.com/p/BVOJXr-DzYO/","Festa do Sagrado Coração no Bairro Passagem."
"instagram","17883238783000857","","FEED","2017-06-12T01:25:28+0000","https://www.instagram.com/p/BVOJONHj0fe/","Procissão de Santo Antônio em Laguna/SC."
"instagram","17856763816189252","","FEED","2017-06-06T01:17:03+0000","https://www.instagram.com/p/BU-rfQTDR4z/",""
"instagram","17882467987029084","","FEED","2017-06-04T23:03:29+0000","https://www.instagram.com/p/BU73aEJjRJi/","Hoje é o dia do Galo. Parabéns e saúde de sobra pra esse paizão que é "
"instagram","17881765027010835","","FEED","2017-06-03T00:40:55+0000","https://www.instagram.com/p/BU24-BqDFvb/","Olha que veio me visitar!!!"
"instagram","17858254942159148","","FEED","2017-05-31T23:21:56+0000","https://www.instagram.com/p/BUxmV0CDv3C/","Fechando a programação dos 147 anos de Tubarão, tive a oportunidade de"
"instagram","17856363646184314","","FEED","2017-05-27T20:58:41+0000","https://www.instagram.com/p/BUnCxFBjRpF/",""
"instagram","17881438972056349","","FEED","2017-05-17T16:53:22+0000","https://www.instagram.com/p/BUM2vmMjdS4/","https://m.facebook.com/story.php?story_fbid=1037000829766292&id=864936"
"instagram","17880311239038079","","FEED","2017-05-14T21:35:56+0000","https://www.instagram.com/p/BUFosduD4EP/",""
"instagram","17880554452052876","","FEED","2017-05-14T13:31:12+0000","https://www.instagram.com/p/BUExOPYjwIs/","Junto com o prefeito Joares Ponticelli, o presidente da FUNAT Julio Ku"
"instagram","17880224416053146","","FEED","2017-05-12T23:04:41+0000","https://www.instagram.com/p/BUApQyqDN09/","Atletas, técnicos e instituições de diversas modalidades esportivas fo"
"instagram","17867635300126156","","FEED","2017-05-11T01:06:27+0000","https://www.instagram.com/p/BT7tm4ADR_y/","Participei agora de encontro do Partido Progressista da região da Amre"
"instagram","17879694505028641","","FEED","2017-05-09T22:15:29+0000","https://www.instagram.com/p/BT41PzojWD-/","Prestigiei a aula inaugural no 5º Batalhão de Polícia Militar (BPM), d"
"instagram","17874306733064273","","FEED","2017-05-09T22:13:33+0000","https://www.instagram.com/p/BT41Bqij960/","Para comemorar o aniversário de 147 anos de Tubarão, a Prefeitura fez "
"instagram","17868000064113210","","FEED","2017-05-03T13:38:57+0000","https://www.instagram.com/p/BTodXY6j8NH/","Câmara de Vereadores de Tubarão promoveu uma sessao especial em homena"
"instagram","17867812921101772","","FEED","2017-04-29T22:56:37+0000","https://www.instagram.com/p/BTfKAYDjrSp/","Recebemos hoje, a visita da comissão da Universidade de Cambridge (Rei"
"instagram","17854125283188015","","FEED","2017-04-24T01:36:17+0000","https://www.instagram.com/p/BTP_gdrDfLs/","Festa do Camarão em Imbituba."
"instagram","17856861832132404","","FEED","2017-04-24T01:33:52+0000","https://www.instagram.com/p/BTP_Oy1D2VT/","Sábado fomos o entrevistado do conceituado e tradicional programa fren"
"instagram","17853906514190459","","FEED","2017-04-22T03:09:58+0000","https://www.instagram.com/p/BTLAo8BjoKa/","Aproveitamos o feriado para prestigiar vários eventos no dia de hoje. "
"instagram","17879436463028129","","FEED","2017-04-21T00:30:15+0000","https://www.instagram.com/p/BTIJkRjDKYK/","Hoje prestigiamos a visita do Presidente da Assembleia Deputado Silvio"
"instagram","17854926520154597","","FEED","2017-04-21T00:09:19+0000","https://www.instagram.com/p/BTIHK7jjZXA/","Tomando um café e esperando a entrevista do Prefeito Joares. Acompanhe"
"instagram","17878309729024091","","FEED","2017-04-18T01:00:47+0000","https://www.instagram.com/p/BTAerQvjH6J/","AUXILIE CRIANÇAS CARENTES COM SUA DECLARACAO DE IR Na sessão de hoje r"
"instagram","17854454263155837","","FEED","2017-04-15T15:00:30+0000","https://www.instagram.com/p/BS6QY7YjTUT/",""
"instagram","17866023436114843","","FEED","2017-04-12T23:46:31+0000","https://www.instagram.com/p/BSzeM7KDph_/","O presidente da Câmara de Vereadores de Tubarão , Felippe Collaço, na "
"instagram","17879619205000171","","FEED","2017-04-11T04:08:06+0000","https://www.instagram.com/p/BSuyjISDZob/","Sessão da câmara hoje terminando uma da manhã. Projetos importantes vo"
"instagram","17865432820096059","","FEED","2017-04-04T23:31:38+0000","https://www.instagram.com/p/BSe2I78j0xt/","Na última sessão da Câmara indiquei ao Poder Executivo o Projeto Caixa"
"instagram","17855073865137907","","FEED","2017-04-03T00:38:40+0000","https://www.instagram.com/p/BSZ0OGIjOqY/","Nesta semana recebemos a visita de representantes das classes trabalhi"
"instagram","17864795722124028","","FEED","2017-03-29T23:18:11+0000","https://www.instagram.com/p/BSPX1NLj2W9/","Nesta semana recebemos aqui na Câmara de Vereadores a visita do prefei"
"instagram","17865032638106968","","FEED","2017-03-28T00:47:12+0000","https://www.instagram.com/p/BSKYbZnDOqu/","Presença do Prefeito Joares na Câmara de Vereadores. Em pauta os convê"
"instagram","17869858756069094","","FEED","2017-03-25T23:16:28+0000","https://www.instagram.com/p/BSFEdJLjqk-/","A Enchente de 1974 completou ontem 43 anos, a tragédia resultou em 199"
"instagram","17863557226121265","","FEED","2017-03-22T22:23:18+0000","https://www.instagram.com/p/BR9P_EhD_UY/","Todos podem e devem ajudar a cuidar da água. Observe o seu uso diário "
"instagram","17861708959095042","","FEED","2017-03-14T02:25:38+0000","https://www.instagram.com/p/BRmgkCsj6zS/","Recebemos na sessão de hoje, a visita da Delegada Vivian Garcia Selig,"
"instagram","17874065698037537","","FEED","2017-03-08T20:12:02+0000","https://www.instagram.com/p/BRY91WrDaJM/","No Brasil, as mulheres são maioria da população, passaram a viver mais"
"instagram","17852401126138190","","FEED","2017-03-01T00:37:19+0000","https://www.instagram.com/p/BRE11aYjQiH/","Blokinho Rosa encerrando o carnaval."
"instagram","17848819639154891","","FEED","2017-02-10T01:26:44+0000","https://www.instagram.com/p/BQUAYsGgH9V/","Na última sessão da Câmara fiz um requerimento destinado ao Poder Exec"
"instagram","17871366910005280","","FEED","2017-02-03T20:47:52+0000","https://www.instagram.com/p/BQEDs__hf_-/","Na noite de ontem, 02 de fevereiro, acatando proposição apresentada pe"
"instagram","17852986984113502","","FEED","2016-09-29T14:01:34+0000","https://www.instagram.com/p/BK8UP-fhVfJ/",""
"instagram","17842359448160208","","FEED","2016-09-15T02:48:04+0000","https://www.instagram.com/p/BKXEC5QgG0d/","Dia com boas visitas"
"instagram","17842257838180372","","FEED","2016-09-11T22:04:50+0000","https://www.instagram.com/p/BKO1PwMAjM6/","Algumas propostas para defender na Câmara Municipal."
"instagram","17850494167083154","","FEED","2016-08-13T20:12:43+0000","https://www.instagram.com/p/BJD9XO3g1JT/","Ao lado do Prefeito Joares."
"instagram","17860358737048283","","FEED","2016-08-11T00:36:20+0000","https://www.instagram.com/p/BI8tJYgAw_Y/","Parada para um lanche com o amigo @berolla"
"instagram","17859630154019007","","FEED","2016-07-11T00:29:37+0000","https://www.instagram.com/p/BHs3vIFAPbK/","abrindo os presentes da nú!"
"instagram","17851102363065377","","FEED","2016-06-06T22:39:52+0000","https://www.instagram.com/p/BGVIJeZsSa-/","Comemoração do aniversário do Pai! Nesse ano mais que especial! Parabé"
"instagram","17857859548042410","","FEED","2016-05-20T00:05:56+0000","https://www.instagram.com/p/BFm7sKNMSVX/","Homenagem da Assembleia Legislativa aos ex-prefeitos de Tubarão e enti"
"instagram","17847513865102428","","FEED","2016-05-14T23:57:10+0000","https://www.instagram.com/p/BFaCtk0sSVE/","Aniversário da minha vovó Eufrasia. 90 aninhos!"
"instagram","17850268396068573","","FEED","2016-05-11T21:52:32+0000","https://www.instagram.com/p/BFSGEIxMSbf/","Visita ao gabinete do Deputado Deka May."
"instagram","17850142066045551","","FEED","2015-11-29T23:02:41+0000","https://www.instagram.com/p/-r7uWXsSRM/","Vice campeão estadual torneio estadual master 1ª classe. Grandes jogos"
"instagram","17843818687048145","","FEED","2015-09-20T18:24:45+0000","https://www.instagram.com/p/73MRcRsSbj/","Copa Davis!"
"instagram","17841515476048145","","FEED","2015-06-13T16:57:15+0000","https://www.instagram.com/p/34HkAsMSc4/","Preguiça !"
"instagram","17841611719048145","","FEED","2015-06-09T14:53:01+0000","https://www.instagram.com/p/3tmKmtMSf_/","Hj a noite foi dela. Toda dela. Ta descobrindo o mundo. Pelo menos nes"
"instagram","17841611716048145","","FEED","2015-06-08T14:24:50+0000","https://www.instagram.com/p/3q-JUMsSZc/","Festa junina na Passagem. Manuela adorou a fogueira."
"instagram","17841611713048145","","FEED","2015-05-17T23:34:11+0000","https://www.instagram.com/p/2zThnhsSW8/","Pessoal fazendo exercícios no Parque Tractebel. Show dmais!!! Valeu eq"
"instagram","17841536221048145","","FEED","2015-05-17T23:11:22+0000","https://www.instagram.com/p/2zQ6gRsSSV/","Campeões do Torneio interno de tênis Clube 29. Eu da primeira classe e"
"instagram","17841536227048145","","FEED","2015-03-28T03:52:24+0000","https://www.instagram.com/p/0wciRssScp/","Hj o dia é dela. Daquela q muita minestra fez pra mim. 90 aninhos da N"
"instagram","17841786121048145","","FEED","2014-07-08T00:14:30+0000","https://www.instagram.com/p/qK2iH-MSTY/","Dia maravilhoso. Tudo perfeito. Bruna foi muito corajosa! Estou muito "
"instagram","17841786118048145","","FEED","2014-07-08T00:11:07+0000","https://www.instagram.com/p/qK2JaysSS0/","Olha aí minha princesa! Manuela é linda dmais!!! To babão pra caramba!"